{
"type": "FeatureCollection",
"name": "grupo_11_red_vial_san_miguel",
"crs": { "type": "name", "properties": { "name": "urn:ogc:def:crs:OGC:1.3:CRS84" } },
"features": [
{ "type": "Feature", "properties": { "highway": "primary", "name": "Avenida Alcalde Carlos Valdovinos", "length_m": 142.54854230472168, "jerarquia": 4, "IPI": 0.62291756002063559, "prioridad": "Muy alta", "intervencion": "Repavimentación + señalización + iluminación", "costo_estimado_clp": 8980558.1651974656, "costo_mclp": 8.9806, "ipi_rank": 5 }, "geometry": { "type": "LineString", "coordinates": [ [ -70.6464816, -33.4799636 ], [ -70.644986, -33.4802591 ] ] } },
{ "type": "Feature", "properties": { "highway": "living_street", "name": null, "length_m": 119.49219489648235, "jerarquia": 1, "IPI": 0.18339749978176187, "prioridad": "Media", "intervencion": "Señalización + bacheo puntual", "costo_estimado_clp": 1003734.4371304517, "costo_mclp": 1.0037, "ipi_rank": 3 }, "geometry": { "type": "LineString", "coordinates": [ [ -70.6450221, -33.4794991 ], [ -70.6453742, -33.4794971 ], [ -70.6454317, -33.4794836 ], [ -70.6454507, -33.4794378 ], [ -70.6454598, -33.4787552 ] ] } },
{ "type": "Feature", "properties": { "highway": "tertiary", "name": "Rivas", "length_m": 40.901615185710369, "jerarquia": 2, "IPI": 0.29259237231665314, "prioridad": "Alta", "intervencion": "Repavimentación + señalización", "costo_estimado_clp": 2433646.1035497668, "costo_mclp": 2.4336, "ipi_rank": 4 }, "geometry": { "type": "LineString", "coordinates": [ [ -70.6454598, -33.4787552 ], [ -70.6452595, -33.4787558 ], [ -70.6450188, -33.4787566 ] ] } },
{ "type": "Feature", "properties": { "highway": "residential", "name": "Arturo Prat", "length_m": 146.1091774467383, "jerarquia": 1, "IPI": 0.21707843984615244, "prioridad": "Alta", "intervencion": "Repavimentación + señalización", "costo_estimado_clp": 8693496.0580809284, "costo_mclp": 8.6935, "ipi_rank": 4 }, "geometry": { "type": "LineString", "coordinates": [ [ -70.646465828602317, -33.480319167961333 ], [ -70.6464813, -33.4802085 ], [ -70.646492, -33.4801101 ], [ -70.646494, -33.4800564 ], [ -70.6464927, -33.4800379 ], [ -70.6464904, -33.4800102 ], [ -70.6464816, -33.4799636 ] ] } },
{ "type": "Feature", "properties": { "highway": "primary", "name": "Avenida Alcalde Carlos Valdovinos", "length_m": 68.194111058359269, "jerarquia": 4, "IPI": 0.59228315278839094, "prioridad": "Muy alta", "intervencion": "Repavimentación + señalización + iluminación", "costo_estimado_clp": 4296228.9966766341, "costo_mclp": 4.2962, "ipi_rank": 5 }, "geometry": { "type": "LineString", "coordinates": [ [ -70.6471971, -33.4798223 ], [ -70.6464816, -33.4799636 ] ] } },
{ "type": "Feature", "properties": { "highway": "residential", "name": "Arturo Prat", "length_m": 135.04879208558782, "jerarquia": 1, "IPI": 0.22203676240570894, "prioridad": "Alta", "intervencion": "Repavimentación + señalización", "costo_estimado_clp": 8035403.1290924754, "costo_mclp": 8.0354, "ipi_rank": 4 }, "geometry": { "type": "LineString", "coordinates": [ [ -70.6464816, -33.4799636 ], [ -70.6464699, -33.479935 ], [ -70.6464599, -33.4799014 ], [ -70.6464538, -33.4798646 ], [ -70.6464491, -33.479822 ], [ -70.6464384, -33.4788131 ], [ -70.6464378, -33.4787996 ], [ -70.6464371, -33.4787523 ] ] } },
{ "type": "Feature", "properties": { "highway": "tertiary", "name": "Rivas", "length_m": 61.500779361417507, "jerarquia": 2, "IPI": 0.31252640030102208, "prioridad": "Muy alta", "intervencion": "Repavimentación + señalización + iluminación", "costo_estimado_clp": 3874549.0997693026, "costo_mclp": 3.8745, "ipi_rank": 5 }, "geometry": { "type": "LineString", "coordinates": [ [ -70.6471002, -33.4787503 ], [ -70.6465188, -33.4787521 ], [ -70.6464371, -33.4787523 ] ] } },
{ "type": "Feature", "properties": { "highway": "living_street", "name": "Pasaje Felipe Berliner", "length_m": 84.824392873637109, "jerarquia": 1, "IPI": 0.18872066733356141, "prioridad": "Media", "intervencion": "Señalización + bacheo puntual", "costo_estimado_clp": 712524.90013855172, "costo_mclp": 0.7125, "ipi_rank": 3 }, "geometry": { "type": "LineString", "coordinates": [ [ -70.647205878235781, -33.480309317890331 ], [ -70.6472325, -33.480094 ], [ -70.64721, -33.479948 ], [ -70.6471971, -33.4798223 ] ] } },
{ "type": "Feature", "properties": { "highway": "living_street", "name": "Pasaje Felipe Berliner", "length_m": 84.824392873637123, "jerarquia": 1, "IPI": 0.18872066733356141, "prioridad": "Media", "intervencion": "Señalización + bacheo puntual", "costo_estimado_clp": 712524.90013855172, "costo_mclp": 0.7125, "ipi_rank": 3 }, "geometry": { "type": "LineString", "coordinates": [ [ -70.6471971, -33.4798223 ], [ -70.64721, -33.479948 ], [ -70.6472325, -33.480094 ], [ -70.647205878235781, -33.480309317890331 ] ] } },
{ "type": "Feature", "properties": { "highway": "primary", "name": "Avenida Alcalde Carlos Valdovinos", "length_m": 95.961942671269611, "jerarquia": 4, "IPI": 0.7050835280630473, "prioridad": "Muy alta", "intervencion": "Repavimentación + señalización + iluminación", "costo_estimado_clp": 6045602.3882899852, "costo_mclp": 6.0456, "ipi_rank": 5 }, "geometry": { "type": "LineString", "coordinates": [ [ -70.648207, -33.4796349 ], [ -70.6481014, -33.479651 ], [ -70.6471971, -33.4798223 ] ] } },
{ "type": "Feature", "properties": { "highway": "service", "name": null, "length_m": 91.158154695301917, "jerarquia": 1, "IPI": 0.1773084109247359, "prioridad": "Media", "intervencion": "Señalización + bacheo puntual", "costo_estimado_clp": 765728.49944053602, "costo_mclp": 0.7657, "ipi_rank": 3 }, "geometry": { "type": "LineString", "coordinates": [ [ -70.6471002, -33.4787503 ], [ -70.6471005, -33.4788248 ], [ -70.6471032, -33.4795701 ] ] } },
{ "type": "Feature", "properties": { "highway": "service", "name": null, "length_m": 91.158154695301917, "jerarquia": 1, "IPI": 0.1773084109247359, "prioridad": "Media", "intervencion": "Señalización + bacheo puntual", "costo_estimado_clp": 765728.49944053602, "costo_mclp": 0.7657, "ipi_rank": 3 }, "geometry": { "type": "LineString", "coordinates": [ [ -70.6471032, -33.4795701 ], [ -70.6471005, -33.4788248 ], [ -70.6471002, -33.4787503 ] ] } },
{ "type": "Feature", "properties": { "highway": "service", "name": null, "length_m": 28.057030631333951, "jerarquia": 1, "IPI": 0.15530669511167572, "prioridad": "Baja", "intervencion": "Bacheo puntual", "costo_estimado_clp": 70703.717190961557, "costo_mclp": 0.0707, "ipi_rank": 2 }, "geometry": { "type": "LineString", "coordinates": [ [ -70.6472484, -33.4790021 ], [ -70.6472511, -33.4788148 ], [ -70.6472524, -33.4787498 ] ] } },
{ "type": "Feature", "properties": { "highway": "service", "name": null, "length_m": 28.057030631333951, "jerarquia": 1, "IPI": 0.15530669511167572, "prioridad": "Baja", "intervencion": "Bacheo puntual", "costo_estimado_clp": 70703.717190961557, "costo_mclp": 0.0707, "ipi_rank": 2 }, "geometry": { "type": "LineString", "coordinates": [ [ -70.6472524, -33.4787498 ], [ -70.6472511, -33.4788148 ], [ -70.6472484, -33.4790021 ] ] } },
{ "type": "Feature", "properties": { "highway": "tertiary", "name": "Rivas", "length_m": 14.116166271579777, "jerarquia": 2, "IPI": 0.29513894940847185, "prioridad": "Alta", "intervencion": "Repavimentación + señalización", "costo_estimado_clp": 839911.89315899683, "costo_mclp": 0.8399, "ipi_rank": 4 }, "geometry": { "type": "LineString", "coordinates": [ [ -70.6472524, -33.4787498 ], [ -70.6471002, -33.4787503 ] ] } },
{ "type": "Feature", "properties": { "highway": "tertiary", "name": "Rivas", "length_m": 7.5310697308143961, "jerarquia": 2, "IPI": 0.29293342441090126, "prioridad": "Alta", "intervencion": "Repavimentación + señalización", "costo_estimado_clp": 448098.6489834566, "costo_mclp": 0.4481, "ipi_rank": 4 }, "geometry": { "type": "LineString", "coordinates": [ [ -70.6473336, -33.4787496 ], [ -70.6472524, -33.4787498 ] ] } },
{ "type": "Feature", "properties": { "highway": "tertiary", "name": "Rivas", "length_m": 26.64633218660985, "jerarquia": 2, "IPI": 0.30091463538699015, "prioridad": "Muy alta", "intervencion": "Repavimentación + señalización + iluminación", "costo_estimado_clp": 1678718.9277564206, "costo_mclp": 1.6787, "ipi_rank": 5 }, "geometry": { "type": "LineString", "coordinates": [ [ -70.6476209, -33.4787487 ], [ -70.6473336, -33.4787496 ] ] } },
{ "type": "Feature", "properties": { "highway": "primary", "name": "Avenida Santa Rosa", "length_m": 215.96228290440595, "jerarquia": 4, "IPI": 0.59987124700229877, "prioridad": "Muy alta", "intervencion": "Repavimentación + señalización + iluminación", "costo_estimado_clp": 13605623.822977573, "costo_mclp": 13.6056, "ipi_rank": 5 }, "geometry": { "type": "LineString", "coordinates": [ [ -70.642012, -33.4788447 ], [ -70.6419209, -33.4803411 ], [ -70.641918245420086, -33.480379696357261 ] ] } },
{ "type": "Feature", "properties": { "highway": "busway", "name": "Corredor de Buses Santa Rosa", "length_m": 205.33595432439697, "jerarquia": 1, "IPI": 0.18987074207118138, "prioridad": "Media", "intervencion": "Señalización + bacheo puntual", "costo_estimado_clp": 1724822.0163249345, "costo_mclp": 1.7248, "ipi_rank": 3 }, "geometry": { "type": "MultiLineString", "coordinates": [ [ [ -70.6417851, -33.4802912 ], [ -70.6418267, -33.4796399 ] ], [ [ -70.6418267, -33.4796399 ], [ -70.6418718, -33.4789079 ] ] ] } },
{ "type": "Feature", "properties": { "highway": "busway", "name": "Corredor de Buses Santa Rosa", "length_m": 205.33595432439697, "jerarquia": 1, "IPI": 0.18987074207118138, "prioridad": "Media", "intervencion": "Señalización + bacheo puntual", "costo_estimado_clp": 1724822.0163249345, "costo_mclp": 1.7248, "ipi_rank": 3 }, "geometry": { "type": "MultiLineString", "coordinates": [ [ [ -70.6418718, -33.4789079 ], [ -70.6418267, -33.4796399 ] ], [ [ -70.6418267, -33.4796399 ], [ -70.6417851, -33.4802912 ] ] ] } },
{ "type": "Feature", "properties": { "highway": "residential", "name": "Manuel Valenzuela Puelma", "length_m": 222.36594162256117, "jerarquia": 1, "IPI": 0.20800618498512369, "prioridad": "Alta", "intervencion": "Repavimentación + señalización", "costo_estimado_clp": 13230773.52654239, "costo_mclp": 13.2308, "ipi_rank": 4 }, "geometry": { "type": "LineString", "coordinates": [ [ -70.642468154032329, -33.480372377065919 ], [ -70.6425659, -33.4787696 ] ] } },
{ "type": "Feature", "properties": { "highway": "footway", "name": null, "length_m": 13.290918086425124, "jerarquia": 1, "IPI": 0.13092026247129326, "prioridad": "Muy baja", "intervencion": "Mantención preventiva", "costo_estimado_clp": 11164.371192597106, "costo_mclp": 0.0112, "ipi_rank": 1 }, "geometry": { "type": "LineString", "coordinates": [ [ -70.642012, -33.4788447 ], [ -70.6418736, -33.4788757 ] ] } },
{ "type": "Feature", "properties": { "highway": "footway", "name": null, "length_m": 13.290918086425124, "jerarquia": 1, "IPI": 0.13092026247129326, "prioridad": "Muy baja", "intervencion": "Mantención preventiva", "costo_estimado_clp": 11164.371192597106, "costo_mclp": 0.0112, "ipi_rank": 1 }, "geometry": { "type": "LineString", "coordinates": [ [ -70.6418736, -33.4788757 ], [ -70.642012, -33.4788447 ] ] } },
{ "type": "Feature", "properties": { "highway": "busway", "name": "Corredor de Buses Santa Rosa", "length_m": 9.5287044161574173, "jerarquia": 1, "IPI": 0.12530300199224392, "prioridad": "Muy baja", "intervencion": "Mantención preventiva", "costo_estimado_clp": 8004.1117095722311, "costo_mclp": 0.008, "ipi_rank": 1 }, "geometry": { "type": "Point", "coordinates": [ -70.6418784, -33.4787901 ] } },
{ "type": "Feature", "properties": { "highway": "busway", "name": "Corredor de Buses Santa Rosa", "length_m": 9.5287044161574173, "jerarquia": 1, "IPI": 0.12530300199224392, "prioridad": "Muy baja", "intervencion": "Mantención preventiva", "costo_estimado_clp": 8004.1117095722311, "costo_mclp": 0.008, "ipi_rank": 1 }, "geometry": { "type": "Point", "coordinates": [ -70.6418784, -33.4787901 ] } },
{ "type": "Feature", "properties": { "highway": "primary", "name": "Avenida Santa Rosa", "length_m": 8.1445565569934306, "jerarquia": 4, "IPI": 0.53240172627255189, "prioridad": "Muy alta", "intervencion": "Repavimentación + señalización + iluminación", "costo_estimado_clp": 513107.06309058616, "costo_mclp": 0.5131, "ipi_rank": 5 }, "geometry": { "type": "LineString", "coordinates": [ [ -70.6420151, -33.4787715 ], [ -70.642012, -33.4788447 ] ] } },
{ "type": "Feature", "properties": { "highway": "tertiary", "name": "Rivas", "length_m": 12.846064043415719, "jerarquia": 2, "IPI": 0.27528602737852775, "prioridad": "Alta", "intervencion": "Repavimentación + señalización", "costo_estimado_clp": 764340.81058323523, "costo_mclp": 0.7643, "ipi_rank": 4 }, "geometry": { "type": "LineString", "coordinates": [ [ -70.6420151, -33.4787715 ], [ -70.6418784, -33.4787901 ] ] } },
{ "type": "Feature", "properties": { "highway": "tertiary", "name": "Rivas", "length_m": 51.150431783705535, "jerarquia": 2, "IPI": 0.2905579905959394, "prioridad": "Alta", "intervencion": "Repavimentación + señalización", "costo_estimado_clp": 3043450.6911304793, "costo_mclp": 3.0435, "ipi_rank": 4 }, "geometry": { "type": "LineString", "coordinates": [ [ -70.6425659, -33.4787696 ], [ -70.6421301, -33.4787638 ], [ -70.6420952, -33.4787633 ], [ -70.642051, -33.4787667 ], [ -70.6420151, -33.4787715 ] ] } },
{ "type": "Feature", "properties": { "highway": "residential", "name": "Chiloé", "length_m": 120.92705651604741, "jerarquia": 1, "IPI": 0.23715729763608601, "prioridad": "Alta", "intervencion": "Repavimentación + señalización", "costo_estimado_clp": 7195159.8627048209, "costo_mclp": 7.1952, "ipi_rank": 4 }, "geometry": { "type": "LineString", "coordinates": [ [ -70.644986, -33.4802591 ], [ -70.6449613, -33.4802907 ], [ -70.6449444, -33.4803243 ], [ -70.644939627302961, -33.480339481722027 ] ] } },
{ "type": "Feature", "properties": { "highway": "primary", "name": "Avenida Alcalde Carlos Valdovinos", "length_m": 130.82749470006894, "jerarquia": 4, "IPI": 0.58983856148021463, "prioridad": "Muy alta", "intervencion": "Repavimentación + señalización + iluminación", "costo_estimado_clp": 8242132.1661043437, "costo_mclp": 8.2421, "ipi_rank": 5 }, "geometry": { "type": "LineString", "coordinates": [ [ -70.644986, -33.4802591 ], [ -70.6445595429565, -33.480344540650009 ] ] } },
{ "type": "Feature", "properties": { "highway": "residential", "name": "Chiloé", "length_m": 72.806724662808023, "jerarquia": 1, "IPI": 0.18719312017867226, "prioridad": "Media", "intervencion": "Señalización + bacheo puntual", "costo_estimado_clp": 611576.48716758739, "costo_mclp": 0.6116, "ipi_rank": 3 }, "geometry": { "type": "LineString", "coordinates": [ [ -70.6450227, -33.479612 ], [ -70.6450252, -33.4801736 ], [ -70.6450222, -33.4801971 ], [ -70.6450141, -33.4802197 ], [ -70.6450012, -33.4802407 ], [ -70.644986, -33.4802591 ] ] } },
{ "type": "Feature", "properties": { "highway": "residential", "name": "Islandia", "length_m": 130.96668906179895, "jerarquia": 1, "IPI": 0.17135632132277417, "prioridad": "Media", "intervencion": "Señalización + bacheo puntual", "costo_estimado_clp": 1100120.1881191111, "costo_mclp": 1.1001, "ipi_rank": 3 }, "geometry": { "type": "LineString", "coordinates": [ [ -70.6450227, -33.479612 ], [ -70.6436106, -33.4796145 ] ] } },
{ "type": "Feature", "properties": { "highway": "residential", "name": "Islandia", "length_m": 130.96668906179895, "jerarquia": 1, "IPI": 0.17135632132277417, "prioridad": "Media", "intervencion": "Señalización + bacheo puntual", "costo_estimado_clp": 1100120.1881191111, "costo_mclp": 1.1001, "ipi_rank": 3 }, "geometry": { "type": "LineString", "coordinates": [ [ -70.6436106, -33.4796145 ], [ -70.6450227, -33.479612 ] ] } },
{ "type": "Feature", "properties": { "highway": "residential", "name": "Chiloé", "length_m": 12.554048286142446, "jerarquia": 1, "IPI": 0.13325225904661608, "prioridad": "Muy baja", "intervencion": "Mantención preventiva", "costo_estimado_clp": 10545.400560359656, "costo_mclp": 0.0105, "ipi_rank": 1 }, "geometry": { "type": "LineString", "coordinates": [ [ -70.6450221, -33.4794991 ], [ -70.6450227, -33.479612 ] ] } },
{ "type": "Feature", "properties": { "highway": "residential", "name": "Chiloé", "length_m": 82.562916959404319, "jerarquia": 1, "IPI": 0.17036105654626243, "prioridad": "Media", "intervencion": "Señalización + bacheo puntual", "costo_estimado_clp": 693528.50245899626, "costo_mclp": 0.6935, "ipi_rank": 3 }, "geometry": { "type": "LineString", "coordinates": [ [ -70.6450188, -33.4787566 ], [ -70.6450221, -33.4794991 ] ] } },
{ "type": "Feature", "properties": { "highway": "tertiary", "name": "Rivas", "length_m": 130.93324621739558, "jerarquia": 2, "IPI": 0.31949809454427569, "prioridad": "Muy alta", "intervencion": "Repavimentación + señalización + iluminación", "costo_estimado_clp": 8248794.5116959214, "costo_mclp": 8.2488, "ipi_rank": 5 }, "geometry": { "type": "LineString", "coordinates": [ [ -70.6450188, -33.4787566 ], [ -70.6437038, -33.4787635 ], [ -70.6436071, -33.4787641 ] ] } },
{ "type": "Feature", "properties": { "highway": "residential", "name": "Chiloé", "length_m": 122.47125170220183, "jerarquia": 1, "IPI": 0.19710453893965169, "prioridad": "Media", "intervencion": "Señalización + bacheo puntual", "costo_estimado_clp": 1028758.5142984954, "costo_mclp": 1.0288, "ipi_rank": 3 }, "geometry": { "type": "LineString", "coordinates": [ [ -70.6450135, -33.4776552 ], [ -70.6450188, -33.4787566 ] ] } },
{ "type": "Feature", "properties": { "highway": "primary", "name": "Avenida Carlos Silva Vildósola", "length_m": 130.86733338783165, "jerarquia": 4, "IPI": 0.57987670381319445, "prioridad": "Muy alta", "intervencion": "Repavimentación + señalización + iluminación", "costo_estimado_clp": 8244642.0034333942, "costo_mclp": 8.2446, "ipi_rank": 5 }, "geometry": { "type": "LineString", "coordinates": [ [ -70.6436025, -33.477655 ], [ -70.6450135, -33.4776552 ] ] } },
{ "type": "Feature", "properties": { "highway": "tertiary", "name": "San Francisco", "length_m": 102.23336793851172, "jerarquia": 2, "IPI": 0.28689899958339782, "prioridad": "Alta", "intervencion": "Repavimentación + señalización", "costo_estimado_clp": 6082885.3923414471, "costo_mclp": 6.0829, "ipi_rank": 4 }, "geometry": { "type": "LineString", "coordinates": [ [ -70.6436106, -33.4796145 ], [ -70.643613692017865, -33.480357129939264 ] ] } },
{ "type": "Feature", "properties": { "highway": "tertiary", "name": "San Francisco", "length_m": 94.560857006220985, "jerarquia": 2, "IPI": 0.28791917636340347, "prioridad": "Alta", "intervencion": "Repavimentación + señalización", "costo_estimado_clp": 5626370.9918701481, "costo_mclp": 5.6264, "ipi_rank": 4 }, "geometry": { "type": "LineString", "coordinates": [ [ -70.6436071, -33.4787641 ], [ -70.6436073, -33.4788198 ], [ -70.6436106, -33.4796145 ] ] } },
{ "type": "Feature", "properties": { "highway": "tertiary", "name": "Rivas", "length_m": 96.569843735107696, "jerarquia": 2, "IPI": 0.29711415857384021, "prioridad": "Alta", "intervencion": "Repavimentación + señalización", "costo_estimado_clp": 5745905.702238908, "costo_mclp": 5.7459, "ipi_rank": 4 }, "geometry": { "type": "LineString", "coordinates": [ [ -70.6436071, -33.4787641 ], [ -70.6425659, -33.4787696 ] ] } },
{ "type": "Feature", "properties": { "highway": "tertiary", "name": "San Francisco", "length_m": 123.32720531537866, "jerarquia": 2, "IPI": 0.31451129068219424, "prioridad": "Muy alta", "intervencion": "Repavimentación + señalización + iluminación", "costo_estimado_clp": 7769613.9348688554, "costo_mclp": 7.7696, "ipi_rank": 5 }, "geometry": { "type": "LineString", "coordinates": [ [ -70.6436025, -33.477655 ], [ -70.6436071, -33.4787641 ] ] } },
{ "type": "Feature", "properties": { "highway": "primary", "name": "Avenida Carlos Silva Vildósola", "length_m": 90.254589400308248, "jerarquia": 4, "IPI": 0.55505257070030722, "prioridad": "Muy alta", "intervencion": "Repavimentación + señalización + iluminación", "costo_estimado_clp": 5686039.1322194189, "costo_mclp": 5.686, "ipi_rank": 5 }, "geometry": { "type": "LineString", "coordinates": [ [ -70.6425801, -33.47766 ], [ -70.6435061, -33.4776554 ], [ -70.6435532, -33.4776552 ] ] } },
{ "type": "Feature", "properties": { "highway": "primary", "name": "Avenida Carlos Silva Vildósola", "length_m": 4.5725271092784112, "jerarquia": 4, "IPI": 0.52764116508611714, "prioridad": "Muy alta", "intervencion": "Repavimentación + señalización + iluminación", "costo_estimado_clp": 288069.20788453991, "costo_mclp": 0.2881, "ipi_rank": 5 }, "geometry": { "type": "LineString", "coordinates": [ [ -70.6435532, -33.4776552 ], [ -70.6436025, -33.477655 ] ] } },
{ "type": "Feature", "properties": { "highway": "footway", "name": null, "length_m": 26.052541922545554, "jerarquia": 1, "IPI": 0.16096039838712128, "prioridad": "Baja", "intervencion": "Bacheo puntual", "costo_estimado_clp": 65652.405644814804, "costo_mclp": 0.0657, "ipi_rank": 2 }, "geometry": { "type": "LineString", "coordinates": [ [ -70.6435874, -33.477423 ], [ -70.6435851, -33.4774849 ], [ -70.6435532, -33.4776552 ] ] } },
{ "type": "Feature", "properties": { "highway": "footway", "name": null, "length_m": 26.052541922545554, "jerarquia": 1, "IPI": 0.16096039838712128, "prioridad": "Baja", "intervencion": "Bacheo puntual", "costo_estimado_clp": 65652.405644814804, "costo_mclp": 0.0657, "ipi_rank": 2 }, "geometry": { "type": "LineString", "coordinates": [ [ -70.6435532, -33.4776552 ], [ -70.6435851, -33.4774849 ], [ -70.6435874, -33.477423 ] ] } },
{ "type": "Feature", "properties": { "highway": "primary", "name": "Avenida Santa Rosa", "length_m": 9.0497893986174027, "jerarquia": 4, "IPI": 0.53158914901400212, "prioridad": "Muy alta", "intervencion": "Repavimentación + señalización + iluminación", "costo_estimado_clp": 570136.7321128964, "costo_mclp": 0.5701, "ipi_rank": 5 }, "geometry": { "type": "LineString", "coordinates": [ [ -70.6420196, -33.4786902 ], [ -70.6420151, -33.4787715 ] ] } },
{ "type": "Feature", "properties": { "highway": "busway", "name": "Corredor de Buses Santa Rosa", "length_m": 17.588641480708652, "jerarquia": 1, "IPI": 0.1363857047421749, "prioridad": "Muy baja", "intervencion": "Mantención preventiva", "costo_estimado_clp": 14774.45884379527, "costo_mclp": 0.0148, "ipi_rank": 1 }, "geometry": { "type": "LineString", "coordinates": [ [ -70.6418874, -33.4786321 ], [ -70.6418784, -33.4787901 ] ] } },
{ "type": "Feature", "properties": { "highway": "busway", "name": "Corredor de Buses Santa Rosa", "length_m": 17.588641480708652, "jerarquia": 1, "IPI": 0.1363857047421749, "prioridad": "Muy baja", "intervencion": "Mantención preventiva", "costo_estimado_clp": 14774.45884379527, "costo_mclp": 0.0148, "ipi_rank": 1 }, "geometry": { "type": "LineString", "coordinates": [ [ -70.6418784, -33.4787901 ], [ -70.6418874, -33.4786321 ] ] } },
{ "type": "Feature", "properties": { "highway": "footway", "name": null, "length_m": 10.19781049004318, "jerarquia": 1, "IPI": 0.13314573822090608, "prioridad": "Muy baja", "intervencion": "Mantención preventiva", "costo_estimado_clp": 8566.1608116362713, "costo_mclp": 0.0086, "ipi_rank": 1 }, "geometry": { "type": "LineString", "coordinates": [ [ -70.6419762, -33.4786355 ], [ -70.6419733, -33.4786885 ], [ -70.6420196, -33.4786902 ] ] } },
{ "type": "Feature", "properties": { "highway": "footway", "name": null, "length_m": 10.19781049004318, "jerarquia": 1, "IPI": 0.13314573822090608, "prioridad": "Muy baja", "intervencion": "Mantención preventiva", "costo_estimado_clp": 8566.1608116362713, "costo_mclp": 0.0086, "ipi_rank": 1 }, "geometry": { "type": "LineString", "coordinates": [ [ -70.6420196, -33.4786902 ], [ -70.6419733, -33.4786885 ], [ -70.6419762, -33.4786355 ] ] } },
{ "type": "Feature", "properties": { "highway": "footway", "name": null, "length_m": 8.2445960635447957, "jerarquia": 1, "IPI": 0.12926507648856764, "prioridad": "Muy baja", "intervencion": "Mantención preventiva", "costo_estimado_clp": 6925.4606933776276, "costo_mclp": 0.0069, "ipi_rank": 1 }, "geometry": { "type": "LineString", "coordinates": [ [ -70.6419762, -33.4786355 ], [ -70.6418874, -33.4786321 ] ] } },
{ "type": "Feature", "properties": { "highway": "footway", "name": null, "length_m": 8.2445960635447957, "jerarquia": 1, "IPI": 0.12926507648856764, "prioridad": "Muy baja", "intervencion": "Mantención preventiva", "costo_estimado_clp": 6925.4606933776276, "costo_mclp": 0.0069, "ipi_rank": 1 }, "geometry": { "type": "LineString", "coordinates": [ [ -70.6418874, -33.4786321 ], [ -70.6419762, -33.4786355 ] ] } },
{ "type": "Feature", "properties": { "highway": "primary", "name": "Avenida Santa Rosa", "length_m": 95.925142703953355, "jerarquia": 4, "IPI": 0.55398492890638495, "prioridad": "Muy alta", "intervencion": "Repavimentación + señalización + iluminación", "costo_estimado_clp": 6043283.9903490609, "costo_mclp": 6.0433, "ipi_rank": 5 }, "geometry": { "type": "LineString", "coordinates": [ [ -70.6421149, -33.4778325 ], [ -70.6420939, -33.4779109 ], [ -70.6420791, -33.4779758 ], [ -70.6420664, -33.4780591 ], [ -70.6420583, -33.478162 ], [ -70.6420212, -33.4786682 ], [ -70.6420196, -33.4786902 ] ] } },
{ "type": "Feature", "properties": { "highway": "footway", "name": null, "length_m": 99.542895099349977, "jerarquia": 1, "IPI": 0.16038842591965879, "prioridad": "Baja", "intervencion": "Bacheo puntual", "costo_estimado_clp": 250848.09565036194, "costo_mclp": 0.2508, "ipi_rank": 2 }, "geometry": { "type": "LineString", "coordinates": [ [ -70.6420447, -33.4777425 ], [ -70.6420426, -33.4778136 ], [ -70.6420138, -33.4780207 ], [ -70.6419762, -33.4786355 ] ] } },
{ "type": "Feature", "properties": { "highway": "footway", "name": null, "length_m": 99.542895099349963, "jerarquia": 1, "IPI": 0.16038842591965879, "prioridad": "Baja", "intervencion": "Bacheo puntual", "costo_estimado_clp": 250848.09565036191, "costo_mclp": 0.2508, "ipi_rank": 2 }, "geometry": { "type": "LineString", "coordinates": [ [ -70.6419762, -33.4786355 ], [ -70.6420138, -33.4780207 ], [ -70.6420426, -33.4778136 ], [ -70.6420447, -33.4777425 ] ] } },
{ "type": "Feature", "properties": { "highway": "primary", "name": "Gran Avenida José Miguel Carrera", "length_m": 139.84409934953439, "jerarquia": 4, "IPI": 0.74342829772429442, "prioridad": "Muy alta", "intervencion": "Repavimentación + señalización + iluminación", "costo_estimado_clp": 8810178.2590206657, "costo_mclp": 8.8102, "ipi_rank": 5 }, "geometry": { "type": "LineString", "coordinates": [ [ -70.648418322493143, -33.480293180240267 ], [ -70.6482529, -33.47978 ], [ -70.6482404, -33.4797429 ] ] } },
{ "type": "Feature", "properties": { "highway": "primary", "name": "Gran Avenida José Miguel Carrera", "length_m": 137.35235844918117, "jerarquia": 4, "IPI": 0.71102157359083795, "prioridad": "Muy alta", "intervencion": "Repavimentación + señalización + iluminación", "costo_estimado_clp": 8653198.5822984148, "costo_mclp": 8.6532, "ipi_rank": 5 }, "geometry": { "type": "LineString", "coordinates": [ [ -70.6483513, -33.4797216 ], [ -70.6483638, -33.4797652 ], [ -70.64854637423484, -33.480291475869784 ] ] } },
{ "type": "Feature", "properties": { "highway": "footway", "name": null, "length_m": 161.58599035120787, "jerarquia": 1, "IPI": 0.21485758879062644, "prioridad": "Alta", "intervencion": "Repavimentación + señalización", "costo_estimado_clp": 9614366.4258968681, "costo_mclp": 9.6144, "ipi_rank": 4 }, "geometry": { "type": "LineString", "coordinates": [ [ -70.6484588, -33.4796929 ], [ -70.6485841, -33.4796576 ], [ -70.6487042, -33.4796503 ], [ -70.6488205, -33.4800575 ], [ -70.6488391, -33.4802091 ], [ -70.648874962483902, -33.480287102355582 ] ] } },
{ "type": "Feature", "properties": { "highway": "residential", "name": "Arcadia", "length_m": 250.84044845577904, "jerarquia": 1, "IPI": 0.26515752169638285, "prioridad": "Alta", "intervencion": "Repavimentación + señalización", "costo_estimado_clp": 14925006.683118852, "costo_mclp": 14.925, "ipi_rank": 4 }, "geometry": { "type": "LineString", "coordinates": [ [ -70.6490546, -33.4801997 ], [ -70.6517214, -33.4798238 ] ] } },
{ "type": "Feature", "properties": { "highway": "secondary", "name": "Avenida Alcalde Carlos Valdovinos", "length_m": 137.01909956607327, "jerarquia": 3, "IPI": 0.45468728559678995, "prioridad": "Muy alta", "intervencion": "Repavimentación + señalización + iluminación", "costo_estimado_clp": 8632203.2726626154, "costo_mclp": 8.6322, "ipi_rank": 5 }, "geometry": { "type": "LineString", "coordinates": [ [ -70.6508258, -33.4793321 ], [ -70.6494204, -33.4795255 ], [ -70.649368, -33.4795319 ] ] } },
{ "type": "Feature", "properties": { "highway": "secondary", "name": "Avenida Alcalde Carlos Valdovinos", "length_m": 132.93116068428034, "jerarquia": 3, "IPI": 0.43596115194127016, "prioridad": "Muy alta", "intervencion": "Repavimentación + señalización + iluminación", "costo_estimado_clp": 8374663.123109661, "costo_mclp": 8.3747, "ipi_rank": 5 }, "geometry": { "type": "LineString", "coordinates": [ [ -70.6494018, -33.4794023 ], [ -70.6494307, -33.479416 ], [ -70.6494696, -33.4794247 ], [ -70.6495041, -33.4794277 ], [ -70.6495551, -33.4794266 ], [ -70.6496718, -33.4794171 ], [ -70.6498213, -33.4793987 ], [ -70.6508128, -33.4792583 ] ] } },
{ "type": "Feature", "properties": { "highway": "secondary_link", "name": null, "length_m": 8.2942983625608857, "jerarquia": 2, "IPI": 0.26969460046768889, "prioridad": "Alta", "intervencion": "Repavimentación + señalización", "costo_estimado_clp": 493510.75257237267, "costo_mclp": 0.4935, "ipi_rank": 4 }, "geometry": { "type": "LineString", "coordinates": [ [ -70.6508128, -33.4792583 ], [ -70.6508258, -33.4793321 ] ] } },
{ "type": "Feature", "properties": { "highway": "secondary_link", "name": null, "length_m": 8.2942983625608857, "jerarquia": 2, "IPI": 0.26969460046768889, "prioridad": "Alta", "intervencion": "Repavimentación + señalización", "costo_estimado_clp": 493510.75257237267, "costo_mclp": 0.4935, "ipi_rank": 4 }, "geometry": { "type": "LineString", "coordinates": [ [ -70.6508258, -33.4793321 ], [ -70.6508128, -33.4792583 ] ] } },
{ "type": "Feature", "properties": { "highway": "footway", "name": null, "length_m": 161.58599035120787, "jerarquia": 1, "IPI": 0.21485758879058187, "prioridad": "Alta", "intervencion": "Repavimentación + señalización", "costo_estimado_clp": 9614366.4258968681, "costo_mclp": 9.6144, "ipi_rank": 4 }, "geometry": { "type": "LineString", "coordinates": [ [ -70.648874962483902, -33.480287102355582 ], [ -70.6488391, -33.4802091 ], [ -70.6488205, -33.4800575 ], [ -70.6487042, -33.4796503 ], [ -70.6485841, -33.4796576 ], [ -70.6484588, -33.4796929 ] ] } },
{ "type": "Feature", "properties": { "highway": "footway", "name": null, "length_m": 10.554670541681523, "jerarquia": 1, "IPI": 0.29375742891534129, "prioridad": "Alta", "intervencion": "Repavimentación + señalización", "costo_estimado_clp": 628002.89723005064, "costo_mclp": 0.628, "ipi_rank": 4 }, "geometry": { "type": "LineString", "coordinates": [ [ -70.6483513, -33.4797216 ], [ -70.6482404, -33.4797429 ] ] } },
{ "type": "Feature", "properties": { "highway": "footway", "name": null, "length_m": 10.554670541681523, "jerarquia": 1, "IPI": 0.29375742891534129, "prioridad": "Alta", "intervencion": "Repavimentación + señalización", "costo_estimado_clp": 628002.89723005064, "costo_mclp": 0.628, "ipi_rank": 4 }, "geometry": { "type": "LineString", "coordinates": [ [ -70.6482404, -33.4797429 ], [ -70.6483513, -33.4797216 ] ] } },
{ "type": "Feature", "properties": { "highway": "footway", "name": null, "length_m": 10.468457778192464, "jerarquia": 1, "IPI": 0.22360956134411752, "prioridad": "Alta", "intervencion": "Repavimentación + señalización", "costo_estimado_clp": 622873.23780245171, "costo_mclp": 0.6229, "ipi_rank": 4 }, "geometry": { "type": "LineString", "coordinates": [ [ -70.6484588, -33.4796929 ], [ -70.6483513, -33.4797216 ] ] } },
{ "type": "Feature", "properties": { "highway": "footway", "name": null, "length_m": 10.468457778192464, "jerarquia": 1, "IPI": 0.22360956134411752, "prioridad": "Alta", "intervencion": "Repavimentación + señalización", "costo_estimado_clp": 622873.23780245171, "costo_mclp": 0.6229, "ipi_rank": 4 }, "geometry": { "type": "LineString", "coordinates": [ [ -70.6483513, -33.4797216 ], [ -70.6484588, -33.4796929 ] ] } },
{ "type": "Feature", "properties": { "highway": "primary", "name": "Gran Avenida José Miguel Carrera", "length_m": 12.402158494533833, "jerarquia": 4, "IPI": 0.73431568582511875, "prioridad": "Muy alta", "intervencion": "Repavimentación + señalización + iluminación", "costo_estimado_clp": 781335.98515563144, "costo_mclp": 0.7813, "ipi_rank": 5 }, "geometry": { "type": "LineString", "coordinates": [ [ -70.6482404, -33.4797429 ], [ -70.648207, -33.4796349 ] ] } },
{ "type": "Feature", "properties": { "highway": "primary", "name": "Gran Avenida José Miguel Carrera", "length_m": 11.320187067936498, "jerarquia": 4, "IPI": 0.68344566890425695, "prioridad": "Muy alta", "intervencion": "Repavimentación + señalización + iluminación", "costo_estimado_clp": 713171.78527999937, "costo_mclp": 0.7132, "ipi_rank": 5 }, "geometry": { "type": "LineString", "coordinates": [ [ -70.6483278, -33.4796217 ], [ -70.6483513, -33.4797216 ] ] } },
{ "type": "Feature", "properties": { "highway": "footway", "name": null, "length_m": 9.4865508239528396, "jerarquia": 1, "IPI": 0.21244890061837424, "prioridad": "Alta", "intervencion": "Repavimentación + señalización", "costo_estimado_clp": 564449.774025194, "costo_mclp": 0.5644, "ipi_rank": 4 }, "geometry": { "type": "LineString", "coordinates": [ [ -70.6484588, -33.4796929 ], [ -70.6484447, -33.4796084 ] ] } },
{ "type": "Feature", "properties": { "highway": "footway", "name": null, "length_m": 9.4865508239528396, "jerarquia": 1, "IPI": 0.21244890061837424, "prioridad": "Alta", "intervencion": "Repavimentación + señalización", "costo_estimado_clp": 564449.774025194, "costo_mclp": 0.5644, "ipi_rank": 4 }, "geometry": { "type": "LineString", "coordinates": [ [ -70.6484447, -33.4796084 ], [ -70.6484588, -33.4796929 ] ] } },
{ "type": "Feature", "properties": { "highway": "primary", "name": "Avenida Alcalde Carlos Valdovinos", "length_m": 11.299431157561823, "jerarquia": 4, "IPI": 0.74130852343501918, "prioridad": "Muy alta", "intervencion": "Repavimentación + señalización + iluminación", "costo_estimado_clp": 711864.16292639484, "costo_mclp": 0.7119, "ipi_rank": 5 }, "geometry": { "type": "LineString", "coordinates": [ [ -70.6483278, -33.4796217 ], [ -70.648207, -33.4796349 ] ] } },
{ "type": "Feature", "properties": { "highway": "service", "name": null, "length_m": 77.609440793438196, "jerarquia": 1, "IPI": 0.16262565156949071, "prioridad": "Baja", "intervencion": "Bacheo puntual", "costo_estimado_clp": 195575.79079946422, "costo_mclp": 0.1956, "ipi_rank": 2 }, "geometry": { "type": "LineString", "coordinates": [ [ -70.65444668797852, -33.480212942611118 ], [ -70.6544039, -33.4800888 ], [ -70.6544005, -33.4800427 ] ] } },
{ "type": "Feature", "properties": { "highway": "service", "name": null, "length_m": 77.609440793438196, "jerarquia": 1, "IPI": 0.16262565156949071, "prioridad": "Baja", "intervencion": "Bacheo puntual", "costo_estimado_clp": 195575.79079946422, "costo_mclp": 0.1956, "ipi_rank": 2 }, "geometry": { "type": "LineString", "coordinates": [ [ -70.6544005, -33.4800427 ], [ -70.6544039, -33.4800888 ], [ -70.65444668797852, -33.480212942611118 ] ] } },
{ "type": "Feature", "properties": { "highway": "unclassified", "name": "Traslaviña", "length_m": 45.729757349537479, "jerarquia": 1, "IPI": 0.16320351806948769, "prioridad": "Baja", "intervencion": "Bacheo puntual", "costo_estimado_clp": 115238.98852083446, "costo_mclp": 0.1152, "ipi_rank": 2 }, "geometry": { "type": "LineString", "coordinates": [ [ -70.6545008, -33.4778387 ], [ -70.6543321, -33.4778346 ], [ -70.6540492, -33.4778267 ], [ -70.654008, -33.4778255 ] ] } },
{ "type": "Feature", "properties": { "highway": "footway", "name": null, "length_m": 16.156550256387277, "jerarquia": 1, "IPI": 0.16812531461123562, "prioridad": "Media", "intervencion": "Señalización + bacheo puntual", "costo_estimado_clp": 135715.02215365312, "costo_mclp": 0.1357, "ipi_rank": 3 }, "geometry": { "type": "LineString", "coordinates": [ [ -70.6545008, -33.4778387 ], [ -70.6544712, -33.4777769 ], [ -70.6544506, -33.4777475 ], [ -70.6544326, -33.4777054 ] ] } },
{ "type": "Feature", "properties": { "highway": "footway", "name": null, "length_m": 16.156550256387277, "jerarquia": 1, "IPI": 0.16812531461123562, "prioridad": "Media", "intervencion": "Señalización + bacheo puntual", "costo_estimado_clp": 135715.02215365312, "costo_mclp": 0.1357, "ipi_rank": 3 }, "geometry": { "type": "LineString", "coordinates": [ [ -70.6544326, -33.4777054 ], [ -70.6544506, -33.4777475 ], [ -70.6544712, -33.4777769 ], [ -70.6545008, -33.4778387 ] ] } },
{ "type": "Feature", "properties": { "highway": "footway", "name": null, "length_m": 24.924735129648809, "jerarquia": 1, "IPI": 0.15245780883778515, "prioridad": "Baja", "intervencion": "Bacheo puntual", "costo_estimado_clp": 62810.332526714999, "costo_mclp": 0.0628, "ipi_rank": 2 }, "geometry": { "type": "LineString", "coordinates": [ [ -70.6544326, -33.4777054 ], [ -70.6543826, -33.4777181 ], [ -70.6543303, -33.4777193 ], [ -70.6542724, -33.4777063 ], [ -70.6542219, -33.4776793 ], [ -70.654193, -33.4776514 ] ] } },
{ "type": "Feature", "properties": { "highway": "footway", "name": null, "length_m": 24.924735129648809, "jerarquia": 1, "IPI": 0.15245780883778515, "prioridad": "Baja", "intervencion": "Bacheo puntual", "costo_estimado_clp": 62810.332526714999, "costo_mclp": 0.0628, "ipi_rank": 2 }, "geometry": { "type": "LineString", "coordinates": [ [ -70.654193, -33.4776514 ], [ -70.6542219, -33.4776793 ], [ -70.6542724, -33.4777063 ], [ -70.6543303, -33.4777193 ], [ -70.6543826, -33.4777181 ], [ -70.6544326, -33.4777054 ] ] } },
{ "type": "Feature", "properties": { "highway": "residential", "name": "Amalia Errázuriz", "length_m": 51.494801156994448, "jerarquia": 1, "IPI": 0.23967841571492077, "prioridad": "Alta", "intervencion": "Repavimentación + señalización", "costo_estimado_clp": 3063940.6688411697, "costo_mclp": 3.0639, "ipi_rank": 4 }, "geometry": { "type": "LineString", "coordinates": [ [ -70.653735452687215, -33.48022240916282 ], [ -70.6537374, -33.4802023 ] ] } },
{ "type": "Feature", "properties": { "highway": "tertiary", "name": "San Ignacio de Loyola", "length_m": 49.816263187942631, "jerarquia": 2, "IPI": 0.40411101936821603, "prioridad": "Muy alta", "intervencion": "Repavimentación + señalización + iluminación", "costo_estimado_clp": 3138424.5808403855, "costo_mclp": 3.1384, "ipi_rank": 5 }, "geometry": { "type": "LineString", "coordinates": [ [ -70.6537374, -33.4802023 ], [ -70.653743700291571, -33.480222299387087 ] ] } },
{ "type": "Feature", "properties": { "highway": "tertiary", "name": "San Ignacio de Loyola", "length_m": 49.816263187942631, "jerarquia": 2, "IPI": 0.40411101936821603, "prioridad": "Muy alta", "intervencion": "Repavimentación + señalización + iluminación", "costo_estimado_clp": 3138424.5808403855, "costo_mclp": 3.1384, "ipi_rank": 5 }, "geometry": { "type": "LineString", "coordinates": [ [ -70.653743700291571, -33.480222299387087 ], [ -70.6537374, -33.4802023 ] ] } },
{ "type": "Feature", "properties": { "highway": "tertiary", "name": "San Ignacio de Loyola", "length_m": 6.6307825338754469, "jerarquia": 2, "IPI": 0.40824226053796753, "prioridad": "Muy alta", "intervencion": "Repavimentación + señalización + iluminación", "costo_estimado_clp": 417739.29963415314, "costo_mclp": 0.4177, "ipi_rank": 5 }, "geometry": { "type": "LineString", "coordinates": [ [ -70.6537374, -33.4802023 ], [ -70.6537353, -33.4801825 ], [ -70.6537346, -33.4801758 ], [ -70.6537311, -33.4801429 ] ] } },
{ "type": "Feature", "properties": { "highway": "tertiary", "name": "San Ignacio de Loyola", "length_m": 6.6307825338754469, "jerarquia": 2, "IPI": 0.4082422605379431, "prioridad": "Muy alta", "intervencion": "Repavimentación + señalización + iluminación", "costo_estimado_clp": 417739.29963415314, "costo_mclp": 0.4177, "ipi_rank": 5 }, "geometry": { "type": "LineString", "coordinates": [ [ -70.6537311, -33.4801429 ], [ -70.6537346, -33.4801758 ], [ -70.6537353, -33.4801825 ], [ -70.6537374, -33.4802023 ] ] } },
{ "type": "Feature", "properties": { "highway": "residential", "name": "Magdalena Vicuña", "length_m": 63.076348040708012, "jerarquia": 1, "IPI": 0.24035835714865644, "prioridad": "Alta", "intervencion": "Repavimentación + señalización", "costo_estimado_clp": 3753042.7084221267, "costo_mclp": 3.753, "ipi_rank": 4 }, "geometry": { "type": "LineString", "coordinates": [ [ -70.6544005, -33.4800427 ], [ -70.6540056, -33.4801004 ], [ -70.6539076, -33.4801156 ], [ -70.6538634, -33.4801224 ], [ -70.6537311, -33.4801429 ] ] } },
{ "type": "Feature", "properties": { "highway": "tertiary", "name": "San Ignacio de Loyola", "length_m": 67.181832949590927, "jerarquia": 2, "IPI": 0.42817565405167257, "prioridad": "Muy alta", "intervencion": "Repavimentación + señalización + iluminación", "costo_estimado_clp": 4232455.4758242285, "costo_mclp": 4.2325, "ipi_rank": 5 }, "geometry": { "type": "LineString", "coordinates": [ [ -70.6537695, -33.4795396 ], [ -70.6537375, -33.4800105 ], [ -70.6537333, -33.4800715 ], [ -70.6537311, -33.4801429 ] ] } },
{ "type": "Feature", "properties": { "highway": "tertiary", "name": "San Ignacio de Loyola", "length_m": 67.181832949590927, "jerarquia": 2, "IPI": 0.42817565405167257, "prioridad": "Muy alta", "intervencion": "Repavimentación + señalización + iluminación", "costo_estimado_clp": 4232455.4758242285, "costo_mclp": 4.2325, "ipi_rank": 5 }, "geometry": { "type": "LineString", "coordinates": [ [ -70.6537311, -33.4801429 ], [ -70.6537333, -33.4800715 ], [ -70.6537375, -33.4800105 ], [ -70.6537695, -33.4795396 ] ] } },
{ "type": "Feature", "properties": { "highway": "residential", "name": "Arcadia", "length_m": 29.925522416723862, "jerarquia": 1, "IPI": 0.20970995496657277, "prioridad": "Alta", "intervencion": "Repavimentación + señalización", "costo_estimado_clp": 1780568.5837950699, "costo_mclp": 1.7806, "ipi_rank": 4 }, "geometry": { "type": "LineString", "coordinates": [ [ -70.6534512, -33.4795837 ], [ -70.653664, -33.4795542 ], [ -70.6537122, -33.4795475 ], [ -70.6537695, -33.4795396 ] ] } },
{ "type": "Feature", "properties": { "highway": "service", "name": null, "length_m": 11.679695333897417, "jerarquia": 1, "IPI": 0.13213695964382674, "prioridad": "Muy baja", "intervencion": "Mantención preventiva", "costo_estimado_clp": 9810.9440804738315, "costo_mclp": 0.0098, "ipi_rank": 1 }, "geometry": { "type": "LineString", "coordinates": [ [ -70.6534512, -33.4795837 ], [ -70.6534342, -33.4795038 ], [ -70.6534306, -33.4794801 ] ] } },
{ "type": "Feature", "properties": { "highway": "residential", "name": "Magdalena Vicuña", "length_m": 42.765202787979305, "jerarquia": 1, "IPI": 0.16458405738921683, "prioridad": "Baja", "intervencion": "Bacheo puntual", "costo_estimado_clp": 107768.31102570785, "costo_mclp": 0.1078, "ipi_rank": 2 }, "geometry": { "type": "LineString", "coordinates": [ [ -70.6548547, -33.4799764 ], [ -70.6544005, -33.4800427 ] ] } },
{ "type": "Feature", "properties": { "highway": "residential", "name": "Magdalena Vicuña", "length_m": 9.7357584820142815, "jerarquia": 1, "IPI": 0.13924534060990629, "prioridad": "Muy baja", "intervencion": "Mantención preventiva", "costo_estimado_clp": 8178.0371248919973, "costo_mclp": 0.0082, "ipi_rank": 1 }, "geometry": { "type": "LineString", "coordinates": [ [ -70.6549581, -33.4799613 ], [ -70.6548547, -33.4799764 ] ] } },
{ "type": "Feature", "properties": { "highway": "residential", "name": "Arcadia", "length_m": 200.10621333760457, "jerarquia": 1, "IPI": 0.28282796488832401, "prioridad": "Alta", "intervencion": "Repavimentación + señalización", "costo_estimado_clp": 11906319.693587473, "costo_mclp": 11.9063, "ipi_rank": 4 }, "geometry": { "type": "LineString", "coordinates": [ [ -70.6537695, -33.4795396 ], [ -70.653875, -33.4795247 ], [ -70.65578, -33.4792562 ], [ -70.6558205, -33.4792505 ], [ -70.6558969, -33.4792397 ] ] } },
{ "type": "Feature", "properties": { "highway": "secondary", "name": "Avenida Alcalde Carlos Valdovinos", "length_m": 138.87183977051328, "jerarquia": 3, "IPI": 0.45876639124017887, "prioridad": "Muy alta", "intervencion": "Repavimentación + señalización + iluminación", "costo_estimado_clp": 8748925.9055423364, "costo_mclp": 8.7489, "ipi_rank": 5 }, "geometry": { "type": "LineString", "coordinates": [ [ -70.6554171, -33.4787779 ], [ -70.6553279, -33.4787845 ], [ -70.6550614, -33.4788069 ], [ -70.6539647, -33.4789139 ], [ -70.6539292, -33.4789174 ] ] } },
{ "type": "Feature", "properties": { "highway": "secondary", "name": "Avenida Alcalde Carlos Valdovinos", "length_m": 134.29326770785036, "jerarquia": 3, "IPI": 0.45164623170654561, "prioridad": "Muy alta", "intervencion": "Repavimentación + señalización + iluminación", "costo_estimado_clp": 8460475.8655945715, "costo_mclp": 8.4605, "ipi_rank": 5 }, "geometry": { "type": "LineString", "coordinates": [ [ -70.6539389, -33.4788417 ], [ -70.6553263, -33.4786889 ], [ -70.6553746, -33.4786851 ] ] } },
{ "type": "Feature", "properties": { "highway": "unclassified", "name": "Traslaviña", "length_m": 115.73968638225077, "jerarquia": 1, "IPI": 0.20575172187648436, "prioridad": "Alta", "intervencion": "Repavimentación + señalización", "costo_estimado_clp": 6886511.3397439206, "costo_mclp": 6.8865, "ipi_rank": 4 }, "geometry": { "type": "LineString", "coordinates": [ [ -70.6553649, -33.4785597 ], [ -70.6553085, -33.4785124 ], [ -70.6547083, -33.4779128 ], [ -70.6546514, -33.4778756 ], [ -70.6545796, -33.4778466 ], [ -70.6545008, -33.4778387 ] ] } },
{ "type": "Feature", "properties": { "highway": "trunk_link", "name": null, "length_m": 141.63296399998043, "jerarquia": 1, "IPI": 0.17040743056930852, "prioridad": "Media", "intervencion": "Señalización + bacheo puntual", "costo_estimado_clp": 1189716.8975998356, "costo_mclp": 1.1897, "ipi_rank": 3 }, "geometry": { "type": "LineString", "coordinates": [ [ -70.6549933, -33.4773253 ], [ -70.6549604, -33.4773359 ], [ -70.6549283, -33.4773496 ], [ -70.6548944, -33.477365 ], [ -70.6548665, -33.477379 ], [ -70.654835, -33.4773986 ], [ -70.6548031, -33.4774214 ], [ -70.6547774, -33.4774445 ], [ -70.6547586, -33.4774657 ], [ -70.6547404, -33.4774919 ], [ -70.6547271, -33.4775155 ], [ -70.654715, -33.4775401 ], [ -70.6547068, -33.4775687 ], [ -70.6547007, -33.477595 ], [ -70.6546976, -33.4776246 ], [ -70.6546973, -33.477656 ], [ -70.6547003, -33.4776822 ], [ -70.654709, -33.4777131 ], [ -70.6547244, -33.4777465 ], [ -70.654744, -33.4777823 ], [ -70.6547682, -33.4778174 ], [ -70.6547868, -33.4778388 ], [ -70.6548075, -33.4778629 ], [ -70.6548364, -33.477888 ], [ -70.6548631, -33.4779084 ], [ -70.6548897, -33.4779289 ], [ -70.654915, -33.4779422 ], [ -70.6549511, -33.4779545 ], [ -70.6549826, -33.4779613 ], [ -70.6550172, -33.4779639 ], [ -70.6550525, -33.4779652 ], [ -70.6550839, -33.4779629 ], [ -70.6551153, -33.477959 ], [ -70.6551515, -33.477949 ], [ -70.6551811, -33.4779385 ], [ -70.6552108, -33.4779207 ], [ -70.6552381, -33.4778992 ], [ -70.6552575, -33.4778802 ], [ -70.6552748, -33.4778597 ], [ -70.6552871, -33.4778343 ], [ -70.6552967, -33.4778061 ], [ -70.655299, -33.4777252 ] ] } },
{ "type": "Feature", "properties": { "highway": "primary", "name": "Avenida Isabel Riquelme", "length_m": 34.238160503734996, "jerarquia": 4, "IPI": 0.51325135345758799, "prioridad": "Muy alta", "intervencion": "Repavimentación + señalización + iluminación", "costo_estimado_clp": 2157004.1117353048, "costo_mclp": 2.157, "ipi_rank": 5 }, "geometry": { "type": "LineString", "coordinates": [ [ -70.6549933, -33.4773253 ], [ -70.654625, -33.4773044 ] ] } },
{ "type": "Feature", "properties": { "highway": "service", "name": null, "length_m": 11.679695333897417, "jerarquia": 1, "IPI": 0.13213695964382674, "prioridad": "Muy baja", "intervencion": "Mantención preventiva", "costo_estimado_clp": 9810.9440804738315, "costo_mclp": 0.0098, "ipi_rank": 1 }, "geometry": { "type": "LineString", "coordinates": [ [ -70.6534306, -33.4794801 ], [ -70.6534342, -33.4795038 ], [ -70.6534512, -33.4795837 ] ] } },
{ "type": "Feature", "properties": { "highway": "service", "name": null, "length_m": 18.373026896940782, "jerarquia": 1, "IPI": 0.12869014181691735, "prioridad": "Muy baja", "intervencion": "Mantención preventiva", "costo_estimado_clp": 15433.342593430258, "costo_mclp": 0.0154, "ipi_rank": 1 }, "geometry": { "type": "LineString", "coordinates": [ [ -70.6534953, -33.4793573 ], [ -70.6535073, -33.479435 ], [ -70.6534959, -33.479463 ], [ -70.6534698, -33.4794725 ], [ -70.6534306, -33.4794801 ] ] } },
{ "type": "Feature", "properties": { "highway": "service", "name": null, "length_m": 18.373026896940779, "jerarquia": 1, "IPI": 0.12869014181694718, "prioridad": "Muy baja", "intervencion": "Mantención preventiva", "costo_estimado_clp": 15433.342593430254, "costo_mclp": 0.0154, "ipi_rank": 1 }, "geometry": { "type": "LineString", "coordinates": [ [ -70.6534306, -33.4794801 ], [ -70.6534698, -33.4794725 ], [ -70.6534959, -33.479463 ], [ -70.6535073, -33.479435 ], [ -70.6534953, -33.4793573 ] ] } },
{ "type": "Feature", "properties": { "highway": "tertiary", "name": "San Ignacio de Loyola", "length_m": 60.920881557381016, "jerarquia": 2, "IPI": 0.41262682864313877, "prioridad": "Muy alta", "intervencion": "Repavimentación + señalización + iluminación", "costo_estimado_clp": 3838015.5381150041, "costo_mclp": 3.838, "ipi_rank": 5 }, "geometry": { "type": "LineString", "coordinates": [ [ -70.6537695, -33.4795396 ], [ -70.6538024, -33.4790235 ], [ -70.6538044, -33.4789925 ] ] } },
{ "type": "Feature", "properties": { "highway": "tertiary", "name": "San Ignacio de Loyola", "length_m": 60.920881557381016, "jerarquia": 2, "IPI": 0.41262682864313877, "prioridad": "Muy alta", "intervencion": "Repavimentación + señalización + iluminación", "costo_estimado_clp": 3838015.5381150041, "costo_mclp": 3.838, "ipi_rank": 5 }, "geometry": { "type": "LineString", "coordinates": [ [ -70.6538044, -33.4789925 ], [ -70.6538024, -33.4790235 ], [ -70.6537695, -33.4795396 ] ] } },
{ "type": "Feature", "properties": { "highway": "secondary", "name": "Avenida Alcalde Carlos Valdovinos", "length_m": 59.209890769486137, "jerarquia": 3, "IPI": 0.4596719622884643, "prioridad": "Muy alta", "intervencion": "Repavimentación + señalización + iluminación", "costo_estimado_clp": 3730223.1184776267, "costo_mclp": 3.7302, "ipi_rank": 5 }, "geometry": { "type": "LineString", "coordinates": [ [ -70.6537532, -33.4789366 ], [ -70.653123, -33.4790217 ] ] } },
{ "type": "Feature", "properties": { "highway": "footway", "name": null, "length_m": 12.176143742016606, "jerarquia": 1, "IPI": 0.23298465741127816, "prioridad": "Alta", "intervencion": "Repavimentación + señalización", "costo_estimado_clp": 724480.55264998809, "costo_mclp": 0.7245, "ipi_rank": 4 }, "geometry": { "type": "LineString", "coordinates": [ [ -70.6537532, -33.4789366 ], [ -70.6537445, -33.4789956 ], [ -70.6538044, -33.4789925 ] ] } },
{ "type": "Feature", "properties": { "highway": "footway", "name": null, "length_m": 12.176143742016606, "jerarquia": 1, "IPI": 0.23298465741127816, "prioridad": "Alta", "intervencion": "Repavimentación + señalización", "costo_estimado_clp": 724480.55264998809, "costo_mclp": 0.7245, "ipi_rank": 4 }, "geometry": { "type": "LineString", "coordinates": [ [ -70.6538044, -33.4789925 ], [ -70.6537445, -33.4789956 ], [ -70.6537532, -33.4789366 ] ] } },
{ "type": "Feature", "properties": { "highway": "tertiary", "name": "San Ignacio de Loyola", "length_m": 7.0484188035451485, "jerarquia": 2, "IPI": 0.33973896130889492, "prioridad": "Muy alta", "intervencion": "Repavimentación + señalización + iluminación", "costo_estimado_clp": 444050.38462334435, "costo_mclp": 0.4441, "ipi_rank": 5 }, "geometry": { "type": "LineString", "coordinates": [ [ -70.6538084, -33.4789292 ], [ -70.6538044, -33.4789925 ] ] } },
{ "type": "Feature", "properties": { "highway": "tertiary", "name": "San Ignacio de Loyola", "length_m": 7.0484188035451485, "jerarquia": 2, "IPI": 0.33973896130889492, "prioridad": "Muy alta", "intervencion": "Repavimentación + señalización + iluminación", "costo_estimado_clp": 444050.38462334435, "costo_mclp": 0.4441, "ipi_rank": 5 }, "geometry": { "type": "LineString", "coordinates": [ [ -70.6538044, -33.4789925 ], [ -70.6538084, -33.4789292 ] ] } },
{ "type": "Feature", "properties": { "highway": "footway", "name": null, "length_m": 18.273364390278285, "jerarquia": 1, "IPI": 0.2210196212294151, "prioridad": "Alta", "intervencion": "Repavimentación + señalización", "costo_estimado_clp": 1087265.181221558, "costo_mclp": 1.0873, "ipi_rank": 4 }, "geometry": { "type": "LineString", "coordinates": [ [ -70.6538044, -33.4789925 ], [ -70.6539208, -33.4789839 ], [ -70.6539292, -33.4789174 ] ] } },
{ "type": "Feature", "properties": { "highway": "footway", "name": null, "length_m": 18.273364390278285, "jerarquia": 1, "IPI": 0.2210196212294151, "prioridad": "Alta", "intervencion": "Repavimentación + señalización", "costo_estimado_clp": 1087265.181221558, "costo_mclp": 1.0873, "ipi_rank": 4 }, "geometry": { "type": "LineString", "coordinates": [ [ -70.6539292, -33.4789174 ], [ -70.6539208, -33.4789839 ], [ -70.6538044, -33.4789925 ] ] } },
{ "type": "Feature", "properties": { "highway": "secondary", "name": "Avenida Alcalde Carlos Valdovinos", "length_m": 5.1853140119830616, "jerarquia": 3, "IPI": 0.43638215464679198, "prioridad": "Muy alta", "intervencion": "Repavimentación + señalización + iluminación", "costo_estimado_clp": 326674.78275493288, "costo_mclp": 0.3267, "ipi_rank": 5 }, "geometry": { "type": "LineString", "coordinates": [ [ -70.6538084, -33.4789292 ], [ -70.6537532, -33.4789366 ] ] } },
{ "type": "Feature", "properties": { "highway": "secondary", "name": "Avenida Alcalde Carlos Valdovinos", "length_m": 11.280356169331329, "jerarquia": 3, "IPI": 0.42457166507382543, "prioridad": "Muy alta", "intervencion": "Repavimentación + señalización + iluminación", "costo_estimado_clp": 710662.43866787374, "costo_mclp": 0.7107, "ipi_rank": 5 }, "geometry": { "type": "LineString", "coordinates": [ [ -70.6539292, -33.4789174 ], [ -70.6538084, -33.4789292 ] ] } },
{ "type": "Feature", "properties": { "highway": "secondary", "name": "Avenida Alcalde Carlos Valdovinos", "length_m": 59.074629698855986, "jerarquia": 3, "IPI": 0.430076674273002, "prioridad": "Muy alta", "intervencion": "Repavimentación + señalización + iluminación", "costo_estimado_clp": 3721701.6710279272, "costo_mclp": 3.7217, "ipi_rank": 5 }, "geometry": { "type": "LineString", "coordinates": [ [ -70.6531284, -33.4789436 ], [ -70.6537277, -33.4788665 ], [ -70.6537579, -33.4788626 ] ] } },
{ "type": "Feature", "properties": { "highway": "footway", "name": null, "length_m": 8.2399744468807476, "jerarquia": 1, "IPI": 0.1785511037357394, "prioridad": "Media", "intervencion": "Señalización + bacheo puntual", "costo_estimado_clp": 69215.785353798274, "costo_mclp": 0.0692, "ipi_rank": 3 }, "geometry": { "type": "LineString", "coordinates": [ [ -70.6537532, -33.4789366 ], [ -70.6537579, -33.4788626 ] ] } },
{ "type": "Feature", "properties": { "highway": "footway", "name": null, "length_m": 8.2399744468807476, "jerarquia": 1, "IPI": 0.1785511037357394, "prioridad": "Media", "intervencion": "Señalización + bacheo puntual", "costo_estimado_clp": 69215.785353798274, "costo_mclp": 0.0692, "ipi_rank": 3 }, "geometry": { "type": "LineString", "coordinates": [ [ -70.6537579, -33.4788626 ], [ -70.6537532, -33.4789366 ] ] } },
{ "type": "Feature", "properties": { "highway": "tertiary", "name": "San Ignacio de Loyola", "length_m": 8.2244212821007849, "jerarquia": 2, "IPI": 0.28519744561187738, "prioridad": "Alta", "intervencion": "Repavimentación + señalización", "costo_estimado_clp": 489353.06628499669, "costo_mclp": 0.4894, "ipi_rank": 4 }, "geometry": { "type": "LineString", "coordinates": [ [ -70.6538143, -33.4788554 ], [ -70.6538084, -33.4789292 ] ] } },
{ "type": "Feature", "properties": { "highway": "tertiary", "name": "San Ignacio de Loyola", "length_m": 8.2244212821007849, "jerarquia": 2, "IPI": 0.28519744561187738, "prioridad": "Alta", "intervencion": "Repavimentación + señalización", "costo_estimado_clp": 489353.06628499669, "costo_mclp": 0.4894, "ipi_rank": 4 }, "geometry": { "type": "LineString", "coordinates": [ [ -70.6538084, -33.4789292 ], [ -70.6538143, -33.4788554 ] ] } },
{ "type": "Feature", "properties": { "highway": "footway", "name": null, "length_m": 8.4654073105584526, "jerarquia": 1, "IPI": 0.16236106461506844, "prioridad": "Baja", "intervencion": "Bacheo puntual", "costo_estimado_clp": 21332.826422607301, "costo_mclp": 0.0213, "ipi_rank": 2 }, "geometry": { "type": "LineString", "coordinates": [ [ -70.6539389, -33.4788417 ], [ -70.6539292, -33.4789174 ] ] } },
{ "type": "Feature", "properties": { "highway": "footway", "name": null, "length_m": 8.4654073105584526, "jerarquia": 1, "IPI": 0.16236106461506844, "prioridad": "Baja", "intervencion": "Bacheo puntual", "costo_estimado_clp": 21332.826422607301, "costo_mclp": 0.0213, "ipi_rank": 2 }, "geometry": { "type": "LineString", "coordinates": [ [ -70.6539292, -33.4789174 ], [ -70.6539389, -33.4788417 ] ] } },
{ "type": "Feature", "properties": { "highway": "secondary", "name": "Avenida Alcalde Carlos Valdovinos", "length_m": 5.2918233127593197, "jerarquia": 3, "IPI": 0.40712358154057465, "prioridad": "Muy alta", "intervencion": "Repavimentación + señalización + iluminación", "costo_estimado_clp": 333384.86870383716, "costo_mclp": 0.3334, "ipi_rank": 5 }, "geometry": { "type": "LineString", "coordinates": [ [ -70.6537579, -33.4788626 ], [ -70.6538143, -33.4788554 ] ] } },
{ "type": "Feature", "properties": { "highway": "secondary", "name": "Avenida Alcalde Carlos Valdovinos", "length_m": 11.656208103262612, "jerarquia": 3, "IPI": 0.40732592062388218, "prioridad": "Muy alta", "intervencion": "Repavimentación + señalización + iluminación", "costo_estimado_clp": 734341.11050554458, "costo_mclp": 0.7343, "ipi_rank": 5 }, "geometry": { "type": "LineString", "coordinates": [ [ -70.6538143, -33.4788554 ], [ -70.6539389, -33.4788417 ] ] } },
{ "type": "Feature", "properties": { "highway": "footway", "name": null, "length_m": 13.915189357770815, "jerarquia": 1, "IPI": 0.15478488771807383, "prioridad": "Baja", "intervencion": "Bacheo puntual", "costo_estimado_clp": 35066.277181582453, "costo_mclp": 0.0351, "ipi_rank": 2 }, "geometry": { "type": "LineString", "coordinates": [ [ -70.6538202, -33.4787825 ], [ -70.6537643, -33.4787843 ], [ -70.6537579, -33.4788626 ] ] } },
{ "type": "Feature", "properties": { "highway": "footway", "name": null, "length_m": 13.915189357770815, "jerarquia": 1, "IPI": 0.15478488771807383, "prioridad": "Baja", "intervencion": "Bacheo puntual", "costo_estimado_clp": 35066.277181582453, "costo_mclp": 0.0351, "ipi_rank": 2 }, "geometry": { "type": "LineString", "coordinates": [ [ -70.6537579, -33.4788626 ], [ -70.6537643, -33.4787843 ], [ -70.6538202, -33.4787825 ] ] } },
{ "type": "Feature", "properties": { "highway": "tertiary", "name": "San Ignacio de Loyola", "length_m": 8.1245702199143288, "jerarquia": 2, "IPI": 0.27780060115801414, "prioridad": "Alta", "intervencion": "Repavimentación + señalización", "costo_estimado_clp": 483411.92808490252, "costo_mclp": 0.4834, "ipi_rank": 4 }, "geometry": { "type": "LineString", "coordinates": [ [ -70.6538202, -33.4787825 ], [ -70.6538143, -33.4788554 ] ] } },
{ "type": "Feature", "properties": { "highway": "footway", "name": null, "length_m": 19.593704802254351, "jerarquia": 1, "IPI": 0.15458915806346898, "prioridad": "Baja", "intervencion": "Bacheo puntual", "costo_estimado_clp": 49376.136101680961, "costo_mclp": 0.0494, "ipi_rank": 2 }, "geometry": { "type": "LineString", "coordinates": [ [ -70.6539389, -33.4788417 ], [ -70.6539453, -33.4787707 ], [ -70.6538202, -33.4787825 ] ] } },
{ "type": "Feature", "properties": { "highway": "footway", "name": null, "length_m": 19.593704802254351, "jerarquia": 1, "IPI": 0.15458915806346898, "prioridad": "Baja", "intervencion": "Bacheo puntual", "costo_estimado_clp": 49376.136101680961, "costo_mclp": 0.0494, "ipi_rank": 2 }, "geometry": { "type": "LineString", "coordinates": [ [ -70.6538202, -33.4787825 ], [ -70.6539453, -33.4787707 ], [ -70.6539389, -33.4788417 ] ] } },
{ "type": "Feature", "properties": { "highway": "tertiary", "name": "San Ignacio de Loyola", "length_m": 106.99699918893401, "jerarquia": 2, "IPI": 0.31432861509171767, "prioridad": "Muy alta", "intervencion": "Repavimentación + señalización + iluminación", "costo_estimado_clp": 6740810.9489028426, "costo_mclp": 6.7408, "ipi_rank": 5 }, "geometry": { "type": "LineString", "coordinates": [ [ -70.6538972, -33.4778224 ], [ -70.6538225, -33.4787534 ], [ -70.6538202, -33.4787825 ] ] } },
{ "type": "Feature", "properties": { "highway": "unclassified", "name": "Traslaviña", "length_m": 10.282230414209069, "jerarquia": 1, "IPI": 0.14185923532311245, "prioridad": "Muy baja", "intervencion": "Mantención preventiva", "costo_estimado_clp": 8637.073547935619, "costo_mclp": 0.0086, "ipi_rank": 1 }, "geometry": { "type": "LineString", "coordinates": [ [ -70.654008, -33.4778255 ], [ -70.6538972, -33.4778224 ] ] } },
{ "type": "Feature", "properties": { "highway": "service", "name": null, "length_m": 76.042454823375564, "jerarquia": 1, "IPI": 0.14282039762469875, "prioridad": "Baja", "intervencion": "Bacheo puntual", "costo_estimado_clp": 191626.98615490639, "costo_mclp": 0.1916, "ipi_rank": 2 }, "geometry": { "type": "LineString", "coordinates": [ [ -70.656113937478509, -33.480190751496892 ], [ -70.6560776, -33.4800955 ], [ -70.6560776, -33.4800486 ], [ -70.6560051, -33.4798634 ], [ -70.6559902, -33.4798028 ] ] } },
{ "type": "Feature", "properties": { "highway": "service", "name": null, "length_m": 76.042454823375564, "jerarquia": 1, "IPI": 0.14282039762468118, "prioridad": "Baja", "intervencion": "Bacheo puntual", "costo_estimado_clp": 191626.98615490639, "costo_mclp": 0.1916, "ipi_rank": 2 }, "geometry": { "type": "LineString", "coordinates": [ [ -70.6559902, -33.4798028 ], [ -70.6560051, -33.4798634 ], [ -70.6560776, -33.4800486 ], [ -70.6560776, -33.4800955 ], [ -70.656113937478509, -33.480190751496892 ] ] } },
{ "type": "Feature", "properties": { "highway": "primary", "name": "Avenida José Joaquín Prieto Vial", "length_m": 52.68155603551007, "jerarquia": 4, "IPI": 0.55552898379897442, "prioridad": "Muy alta", "intervencion": "Repavimentación + señalización + iluminación", "costo_estimado_clp": 3318938.0302371345, "costo_mclp": 3.3189, "ipi_rank": 5 }, "geometry": { "type": "LineString", "coordinates": [ [ -70.656393443304111, -33.480187031270432 ], [ -70.6562385, -33.4798578 ], [ -70.6561963, -33.4797712 ] ] } },
{ "type": "Feature", "properties": { "highway": "footway", "name": null, "length_m": 170.90894516089793, "jerarquia": 1, "IPI": 0.22830476657100712, "prioridad": "Alta", "intervencion": "Repavimentación + señalización", "costo_estimado_clp": 10169082.237073427, "costo_mclp": 10.1691, "ipi_rank": 4 }, "geometry": { "type": "LineString", "coordinates": [ [ -70.654944708064662, -33.480206313956785 ], [ -70.6548547, -33.4799764 ] ] } },
{ "type": "Feature", "properties": { "highway": "footway", "name": null, "length_m": 170.90894516089793, "jerarquia": 1, "IPI": 0.22830476657100712, "prioridad": "Alta", "intervencion": "Repavimentación + señalización", "costo_estimado_clp": 10169082.237073427, "costo_mclp": 10.1691, "ipi_rank": 4 }, "geometry": { "type": "LineString", "coordinates": [ [ -70.6548547, -33.4799764 ], [ -70.654944708064662, -33.480206313956785 ] ] } },
{ "type": "Feature", "properties": { "highway": "residential", "name": "Ramón Barros Luco", "length_m": 170.41614585472706, "jerarquia": 1, "IPI": 0.19041354503107261, "prioridad": "Media", "intervencion": "Señalización + bacheo puntual", "costo_estimado_clp": 1431495.6251797073, "costo_mclp": 1.4315, "ipi_rank": 3 }, "geometry": { "type": "LineString", "coordinates": [ [ -70.655052847544084, -33.480204874618799 ], [ -70.6549756, -33.4800061 ], [ -70.6549581, -33.4799613 ] ] } },
{ "type": "Feature", "properties": { "highway": "residential", "name": "Magdalena Vicuña", "length_m": 97.331677723824399, "jerarquia": 1, "IPI": 0.15726687621554825, "prioridad": "Baja", "intervencion": "Bacheo puntual", "costo_estimado_clp": 245275.82786403748, "costo_mclp": 0.2453, "ipi_rank": 2 }, "geometry": { "type": "LineString", "coordinates": [ [ -70.6559902, -33.4798028 ], [ -70.6550463, -33.4799479 ], [ -70.6550257, -33.479951 ], [ -70.6549581, -33.4799613 ] ] } },
{ "type": "Feature", "properties": { "highway": "footway", "name": null, "length_m": 22.563331336791123, "jerarquia": 1, "IPI": 0.15095950611689637, "prioridad": "Baja", "intervencion": "Bacheo puntual", "costo_estimado_clp": 56859.594968713631, "costo_mclp": 0.0569, "ipi_rank": 2 }, "geometry": { "type": "LineString", "coordinates": [ [ -70.6554171, -33.4787779 ], [ -70.6554298, -33.4788047 ], [ -70.6555371, -33.4788545 ], [ -70.655622, -33.4788434 ] ] } },
{ "type": "Feature", "properties": { "highway": "footway", "name": null, "length_m": 22.563331336791126, "jerarquia": 1, "IPI": 0.15095950611685438, "prioridad": "Baja", "intervencion": "Bacheo puntual", "costo_estimado_clp": 56859.594968713638, "costo_mclp": 0.0569, "ipi_rank": 2 }, "geometry": { "type": "LineString", "coordinates": [ [ -70.655622, -33.4788434 ], [ -70.6555371, -33.4788545 ], [ -70.6554298, -33.4788047 ], [ -70.6554171, -33.4787779 ] ] } },
{ "type": "Feature", "properties": { "highway": "primary", "name": "Avenida José Joaquín Prieto Vial", "length_m": 8.0169512047319955, "jerarquia": 4, "IPI": 0.53168516112898812, "prioridad": "Muy alta", "intervencion": "Repavimentación + señalización + iluminación", "costo_estimado_clp": 505067.92589811573, "costo_mclp": 0.5051, "ipi_rank": 5 }, "geometry": { "type": "LineString", "coordinates": [ [ -70.655622, -33.4788434 ], [ -70.6555787, -33.478781 ] ] } },
{ "type": "Feature", "properties": { "highway": "secondary", "name": "Avenida Alcalde Carlos Valdovinos", "length_m": 14.991834630812967, "jerarquia": 3, "IPI": 0.39827991059770013, "prioridad": "Muy alta", "intervencion": "Repavimentación + señalización + iluminación", "costo_estimado_clp": 944485.58174121683, "costo_mclp": 0.9445, "ipi_rank": 5 }, "geometry": { "type": "LineString", "coordinates": [ [ -70.6555787, -33.478781 ], [ -70.6554171, -33.4787779 ] ] } },
{ "type": "Feature", "properties": { "highway": "footway", "name": null, "length_m": 11.046133912028067, "jerarquia": 1, "IPI": 0.14360006517530743, "prioridad": "Baja", "intervencion": "Bacheo puntual", "costo_estimado_clp": 27836.257458310723, "costo_mclp": 0.0278, "ipi_rank": 2 }, "geometry": { "type": "LineString", "coordinates": [ [ -70.6554171, -33.4787779 ], [ -70.6553746, -33.4786851 ] ] } },
{ "type": "Feature", "properties": { "highway": "footway", "name": null, "length_m": 11.046133912028067, "jerarquia": 1, "IPI": 0.14360006517530743, "prioridad": "Baja", "intervencion": "Bacheo puntual", "costo_estimado_clp": 27836.257458310723, "costo_mclp": 0.0278, "ipi_rank": 2 }, "geometry": { "type": "LineString", "coordinates": [ [ -70.6553746, -33.4786851 ], [ -70.6554171, -33.4787779 ] ] } },
{ "type": "Feature", "properties": { "highway": "primary", "name": "Avenida José Joaquín Prieto Vial", "length_m": 13.476517001586263, "jerarquia": 4, "IPI": 0.53067208372740593, "prioridad": "Muy alta", "intervencion": "Repavimentación + señalización + iluminación", "costo_estimado_clp": 849020.57109993463, "costo_mclp": 0.849, "ipi_rank": 5 }, "geometry": { "type": "LineString", "coordinates": [ [ -70.6555787, -33.478781 ], [ -70.6555177, -33.478671 ] ] } },
{ "type": "Feature", "properties": { "highway": "secondary", "name": "Avenida Alcalde Carlos Valdovinos", "length_m": 13.364357784318839, "jerarquia": 3, "IPI": 0.40476050311704759, "prioridad": "Muy alta", "intervencion": "Repavimentación + señalización + iluminación", "costo_estimado_clp": 841954.54041208688, "costo_mclp": 0.842, "ipi_rank": 5 }, "geometry": { "type": "LineString", "coordinates": [ [ -70.6553746, -33.4786851 ], [ -70.6555177, -33.478671 ] ] } },
{ "type": "Feature", "properties": { "highway": "secondary", "name": "Avenida Alcalde Carlos Valdovinos", "length_m": 14.344886290990919, "jerarquia": 3, "IPI": 0.39018044994334322, "prioridad": "Muy alta", "intervencion": "Repavimentación + señalización + iluminación", "costo_estimado_clp": 903727.83633242792, "costo_mclp": 0.9037, "ipi_rank": 5 }, "geometry": { "type": "LineString", "coordinates": [ [ -70.6555177, -33.478671 ], [ -70.6556723, -33.4786748 ] ] } },
{ "type": "Feature", "properties": { "highway": "residential", "name": "Magdalena Vicuña", "length_m": 19.435151723858045, "jerarquia": 1, "IPI": 0.14324195086617073, "prioridad": "Baja", "intervencion": "Bacheo puntual", "costo_estimado_clp": 48976.582344122275, "costo_mclp": 0.049, "ipi_rank": 2 }, "geometry": { "type": "LineString", "coordinates": [ [ -70.6561963, -33.4797712 ], [ -70.6561434, -33.4797793 ], [ -70.6559902, -33.4798028 ] ] } },
{ "type": "Feature", "properties": { "highway": "primary", "name": "Avenida José Joaquín Prieto Vial", "length_m": 65.334959907929942, "jerarquia": 4, "IPI": 0.55734992508434733, "prioridad": "Muy alta", "intervencion": "Repavimentación + señalización + iluminación", "costo_estimado_clp": 4116102.4741995865, "costo_mclp": 4.1161, "ipi_rank": 5 }, "geometry": { "type": "LineString", "coordinates": [ [ -70.6561963, -33.4797712 ], [ -70.6561463, -33.4796688 ], [ -70.6560916, -33.4795642 ], [ -70.6560105, -33.4794249 ], [ -70.6558969, -33.4792397 ] ] } },
{ "type": "Feature", "properties": { "highway": "primary", "name": "Avenida José Joaquín Prieto Vial", "length_m": 50.910825948082035, "jerarquia": 4, "IPI": 0.55113289338485905, "prioridad": "Muy alta", "intervencion": "Repavimentación + señalización + iluminación", "costo_estimado_clp": 3207382.0347291683, "costo_mclp": 3.2074, "ipi_rank": 5 }, "geometry": { "type": "LineString", "coordinates": [ [ -70.6558969, -33.4792397 ], [ -70.6558052, -33.4791075 ], [ -70.6556408, -33.4788705 ], [ -70.655622, -33.4788434 ] ] } },
{ "type": "Feature", "properties": { "highway": "footway", "name": null, "length_m": 13.066769172960409, "jerarquia": 1, "IPI": 0.13748578607737824, "prioridad": "Muy baja", "intervencion": "Mantención preventiva", "costo_estimado_clp": 10976.086105286746, "costo_mclp": 0.011, "ipi_rank": 1 }, "geometry": { "type": "LineString", "coordinates": [ [ -70.655717, -33.4787863 ], [ -70.6557249, -33.4788058 ], [ -70.6556793, -33.478836 ], [ -70.655622, -33.4788434 ] ] } },
{ "type": "Feature", "properties": { "highway": "footway", "name": null, "length_m": 13.066769172960409, "jerarquia": 1, "IPI": 0.13748578607735643, "prioridad": "Muy baja", "intervencion": "Mantención preventiva", "costo_estimado_clp": 10976.086105286746, "costo_mclp": 0.011, "ipi_rank": 1 }, "geometry": { "type": "LineString", "coordinates": [ [ -70.655622, -33.4788434 ], [ -70.6556793, -33.478836 ], [ -70.6557249, -33.4788058 ], [ -70.655717, -33.4787863 ] ] } },
{ "type": "Feature", "properties": { "highway": "secondary", "name": "Avenida Alcalde Carlos Valdovinos", "length_m": 12.840406271970791, "jerarquia": 3, "IPI": 0.38763389957473793, "prioridad": "Muy alta", "intervencion": "Repavimentación + señalización + iluminación", "costo_estimado_clp": 808945.59513415978, "costo_mclp": 0.8089, "ipi_rank": 5 }, "geometry": { "type": "LineString", "coordinates": [ [ -70.655717, -33.4787863 ], [ -70.6556826, -33.478785 ], [ -70.6556403, -33.4787834 ], [ -70.6555787, -33.478781 ] ] } },
{ "type": "Feature", "properties": { "highway": "footway", "name": null, "length_m": 13.073031375140626, "jerarquia": 1, "IPI": 0.11957204262769314, "prioridad": "Muy baja", "intervencion": "Mantención preventiva", "costo_estimado_clp": 10981.346355118127, "costo_mclp": 0.011, "ipi_rank": 1 }, "geometry": { "type": "LineString", "coordinates": [ [ -70.6556723, -33.4786748 ], [ -70.655717, -33.4787863 ] ] } },
{ "type": "Feature", "properties": { "highway": "footway", "name": null, "length_m": 13.073031375140626, "jerarquia": 1, "IPI": 0.11957204262769314, "prioridad": "Muy baja", "intervencion": "Mantención preventiva", "costo_estimado_clp": 10981.346355118127, "costo_mclp": 0.011, "ipi_rank": 1 }, "geometry": { "type": "LineString", "coordinates": [ [ -70.655717, -33.4787863 ], [ -70.6556723, -33.4786748 ] ] } },
{ "type": "Feature", "properties": { "highway": "footway", "name": null, "length_m": 4.3477106697072569, "jerarquia": 1, "IPI": 0.11530273136242732, "prioridad": "Muy baja", "intervencion": "Mantención preventiva", "costo_estimado_clp": 3652.0769625540956, "costo_mclp": 0.0037, "ipi_rank": 1 }, "geometry": { "type": "LineString", "coordinates": [ [ -70.6556723, -33.4786748 ], [ -70.6556575, -33.4786377 ] ] } },
{ "type": "Feature", "properties": { "highway": "footway", "name": null, "length_m": 4.3477106697072569, "jerarquia": 1, "IPI": 0.11530273136242732, "prioridad": "Muy baja", "intervencion": "Mantención preventiva", "costo_estimado_clp": 3652.0769625540956, "costo_mclp": 0.0037, "ipi_rank": 1 }, "geometry": { "type": "LineString", "coordinates": [ [ -70.6556575, -33.4786377 ], [ -70.6556723, -33.4786748 ] ] } },
{ "type": "Feature", "properties": { "highway": "footway", "name": null, "length_m": 21.92172425243259, "jerarquia": 1, "IPI": 0.16171532934768651, "prioridad": "Baja", "intervencion": "Bacheo puntual", "costo_estimado_clp": 55242.745116130121, "costo_mclp": 0.0552, "ipi_rank": 2 }, "geometry": { "type": "LineString", "coordinates": [ [ -70.6553746, -33.4786851 ], [ -70.655293, -33.4785866 ], [ -70.6553017, -33.4785631 ], [ -70.6553649, -33.4785597 ] ] } },
{ "type": "Feature", "properties": { "highway": "footway", "name": null, "length_m": 21.92172425243259, "jerarquia": 1, "IPI": 0.16171532934768651, "prioridad": "Baja", "intervencion": "Bacheo puntual", "costo_estimado_clp": 55242.745116130121, "costo_mclp": 0.0552, "ipi_rank": 2 }, "geometry": { "type": "LineString", "coordinates": [ [ -70.6553649, -33.4785597 ], [ -70.6553017, -33.4785631 ], [ -70.655293, -33.4785866 ], [ -70.6553746, -33.4786851 ] ] } },
{ "type": "Feature", "properties": { "highway": "unclassified", "name": "Traslaviña", "length_m": 18.911503131616829, "jerarquia": 1, "IPI": 0.16038879014185345, "prioridad": "Baja", "intervencion": "Bacheo puntual", "costo_estimado_clp": 47656.987891674406, "costo_mclp": 0.0477, "ipi_rank": 2 }, "geometry": { "type": "LineString", "coordinates": [ [ -70.6555177, -33.478671 ], [ -70.6554064, -33.4786005 ], [ -70.6553649, -33.4785597 ] ] } },
{ "type": "Feature", "properties": { "highway": "primary", "name": "Avenida José Joaquín Prieto Vial", "length_m": 13.937627256153025, "jerarquia": 4, "IPI": 0.51753950545450644, "prioridad": "Muy alta", "intervencion": "Repavimentación + señalización + iluminación", "costo_estimado_clp": 878070.51713764062, "costo_mclp": 0.8781, "ipi_rank": 5 }, "geometry": { "type": "LineString", "coordinates": [ [ -70.6555177, -33.478671 ], [ -70.6554908, -33.4785804 ], [ -70.6554847, -33.4785488 ] ] } },
{ "type": "Feature", "properties": { "highway": "footway", "name": null, "length_m": 19.737328164639973, "jerarquia": 1, "IPI": 0.12121689850587525, "prioridad": "Muy baja", "intervencion": "Mantención preventiva", "costo_estimado_clp": 16579.35565829758, "costo_mclp": 0.0166, "ipi_rank": 1 }, "geometry": { "type": "LineString", "coordinates": [ [ -70.6554847, -33.4785488 ], [ -70.655572, -33.4785737 ], [ -70.6556471, -33.478612 ], [ -70.6556575, -33.4786377 ] ] } },
{ "type": "Feature", "properties": { "highway": "footway", "name": null, "length_m": 19.737328164639969, "jerarquia": 1, "IPI": 0.12121689850585728, "prioridad": "Muy baja", "intervencion": "Mantención preventiva", "costo_estimado_clp": 16579.355658297576, "costo_mclp": 0.0166, "ipi_rank": 1 }, "geometry": { "type": "LineString", "coordinates": [ [ -70.6556575, -33.4786377 ], [ -70.6556471, -33.478612 ], [ -70.655572, -33.4785737 ], [ -70.6554847, -33.4785488 ] ] } },
{ "type": "Feature", "properties": { "highway": "footway", "name": null, "length_m": 11.379941796662019, "jerarquia": 1, "IPI": 0.14280095979589802, "prioridad": "Baja", "intervencion": "Bacheo puntual", "costo_estimado_clp": 28677.453327588282, "costo_mclp": 0.0287, "ipi_rank": 2 }, "geometry": { "type": "LineString", "coordinates": [ [ -70.6554847, -33.4785488 ], [ -70.655466, -33.4785435 ], [ -70.6553649, -33.4785597 ] ] } },
{ "type": "Feature", "properties": { "highway": "footway", "name": null, "length_m": 11.379941796662019, "jerarquia": 1, "IPI": 0.14280095979589802, "prioridad": "Baja", "intervencion": "Bacheo puntual", "costo_estimado_clp": 28677.453327588282, "costo_mclp": 0.0287, "ipi_rank": 2 }, "geometry": { "type": "LineString", "coordinates": [ [ -70.6553649, -33.4785597 ], [ -70.655466, -33.4785435 ], [ -70.6554847, -33.4785488 ] ] } },
{ "type": "Feature", "properties": { "highway": "primary", "name": "Avenida José Joaquín Prieto Vial", "length_m": 93.254348802347366, "jerarquia": 4, "IPI": 0.53290312023670217, "prioridad": "Muy alta", "intervencion": "Repavimentación + señalización + iluminación", "costo_estimado_clp": 5875023.9745478835, "costo_mclp": 5.875, "ipi_rank": 5 }, "geometry": { "type": "LineString", "coordinates": [ [ -70.6554847, -33.4785488 ], [ -70.6554754, -33.4785004 ], [ -70.6554305, -33.4782387 ], [ -70.6553959, -33.4780753 ], [ -70.655354, -33.4779132 ], [ -70.6553215, -33.4778037 ], [ -70.655299, -33.4777252 ] ] } },
{ "type": "Feature", "properties": { "highway": "primary", "name": "Avenida José Joaquín Prieto Vial", "length_m": 120.83442900826606, "jerarquia": 4, "IPI": 0.5445663844198354, "prioridad": "Muy alta", "intervencion": "Repavimentación + señalización + iluminación", "costo_estimado_clp": 7612569.0275207609, "costo_mclp": 7.6126, "ipi_rank": 5 }, "geometry": { "type": "LineString", "coordinates": [ [ -70.655299, -33.4777252 ], [ -70.6552575, -33.4776156 ], [ -70.6552175, -33.477512 ], [ -70.6551743, -33.4774092 ], [ -70.6550412, -33.4771161 ], [ -70.6548467, -33.4767065 ] ] } },
{ "type": "Feature", "properties": { "highway": "residential", "name": "Magdalena Vicuña", "length_m": 107.97274827259625, "jerarquia": 1, "IPI": 0.24719954289221652, "prioridad": "Alta", "intervencion": "Repavimentación + señalización", "costo_estimado_clp": 6424378.5222194763, "costo_mclp": 6.4244, "ipi_rank": 4 }, "geometry": { "type": "LineString", "coordinates": [ [ -70.6537311, -33.4801429 ], [ -70.65362, -33.4801594 ], [ -70.653143584553675, -33.480230286935978 ] ] } },
{ "type": "Feature", "properties": { "highway": "residential", "name": "Arcadia", "length_m": 162.63785322062463, "jerarquia": 1, "IPI": 0.20240743046699328, "prioridad": "Alta", "intervencion": "Repavimentación + señalización", "costo_estimado_clp": 9676952.2666271646, "costo_mclp": 9.677, "ipi_rank": 4 }, "geometry": { "type": "LineString", "coordinates": [ [ -70.6517214, -33.4798238 ], [ -70.6534512, -33.4795837 ] ] } },
{ "type": "Feature", "properties": { "highway": "secondary", "name": "Avenida Alcalde Carlos Valdovinos", "length_m": 69.620445467366551, "jerarquia": 3, "IPI": 0.42890375317635521, "prioridad": "Muy alta", "intervencion": "Repavimentación + señalización + iluminación", "costo_estimado_clp": 4386088.0644440921, "costo_mclp": 4.3861, "ipi_rank": 5 }, "geometry": { "type": "LineString", "coordinates": [ [ -70.6515668, -33.479232 ], [ -70.6508258, -33.4793321 ] ] } },
{ "type": "Feature", "properties": { "highway": "secondary", "name": "Avenida Alcalde Carlos Valdovinos", "length_m": 4.3967546779224769, "jerarquia": 3, "IPI": 0.42622307551563349, "prioridad": "Muy alta", "intervencion": "Repavimentación + señalización + iluminación", "costo_estimado_clp": 276995.54470911605, "costo_mclp": 0.277, "ipi_rank": 5 }, "geometry": { "type": "LineString", "coordinates": [ [ -70.6516135, -33.4792252 ], [ -70.6515668, -33.479232 ] ] } },
{ "type": "Feature", "properties": { "highway": "secondary", "name": "Avenida Alcalde Carlos Valdovinos", "length_m": 69.45571247077018, "jerarquia": 3, "IPI": 0.41064884278232883, "prioridad": "Muy alta", "intervencion": "Repavimentación + señalización + iluminación", "costo_estimado_clp": 4375709.8856585212, "costo_mclp": 4.3757, "ipi_rank": 5 }, "geometry": { "type": "LineString", "coordinates": [ [ -70.6508128, -33.4792583 ], [ -70.651552, -33.4791582 ] ] } },
{ "type": "Feature", "properties": { "highway": "residential", "name": "Barcelona", "length_m": 67.643692228984406, "jerarquia": 1, "IPI": 0.16798804804809753, "prioridad": "Media", "intervencion": "Señalización + bacheo puntual", "costo_estimado_clp": 568207.01472346904, "costo_mclp": 0.5682, "ipi_rank": 3 }, "geometry": { "type": "LineString", "coordinates": [ [ -70.651795979729272, -33.480248223575089 ], [ -70.6517364, -33.4798953 ], [ -70.6517214, -33.4798238 ] ] } },
{ "type": "Feature", "properties": { "highway": "residential", "name": "Barcelona", "length_m": 67.309529526389738, "jerarquia": 1, "IPI": 0.19658448960249322, "prioridad": "Media", "intervencion": "Señalización + bacheo puntual", "costo_estimado_clp": 565400.04802167381, "costo_mclp": 0.5654, "ipi_rank": 3 }, "geometry": { "type": "LineString", "coordinates": [ [ -70.6517214, -33.4798238 ], [ -70.6516208, -33.4792642 ], [ -70.6516135, -33.4792252 ] ] } },
{ "type": "Feature", "properties": { "highway": "secondary", "name": "Avenida Alcalde Carlos Valdovinos", "length_m": 141.81752992338903, "jerarquia": 3, "IPI": 0.48756165821655534, "prioridad": "Muy alta", "intervencion": "Repavimentación + señalización + iluminación", "costo_estimado_clp": 8934504.3851735089, "costo_mclp": 8.9345, "ipi_rank": 5 }, "geometry": { "type": "LineString", "coordinates": [ [ -70.653123, -33.4790217 ], [ -70.6516135, -33.4792252 ] ] } },
{ "type": "Feature", "properties": { "highway": "secondary", "name": "Avenida Alcalde Carlos Valdovinos", "length_m": 143.90395955668393, "jerarquia": 3, "IPI": 0.47267267804312124, "prioridad": "Muy alta", "intervencion": "Repavimentación + señalización + iluminación", "costo_estimado_clp": 9065949.4520710874, "costo_mclp": 9.0659, "ipi_rank": 5 }, "geometry": { "type": "LineString", "coordinates": [ [ -70.6515973, -33.4791532 ], [ -70.6531284, -33.4789436 ] ] } },
{ "type": "Feature", "properties": { "highway": "primary", "name": "Euclides", "length_m": 84.502748648877542, "jerarquia": 4, "IPI": 0.5940626852305424, "prioridad": "Muy alta", "intervencion": "Repavimentación + señalización + iluminación", "costo_estimado_clp": 5323673.1648792857, "costo_mclp": 5.3237, "ipi_rank": 5 }, "geometry": { "type": "LineString", "coordinates": [ [ -70.6523319, -33.4781902 ], [ -70.6521583, -33.478219 ], [ -70.6520272, -33.478237 ], [ -70.6514825, -33.4783096 ], [ -70.6514331, -33.4783136 ] ] } },
{ "type": "Feature", "properties": { "highway": "living_street", "name": "Pasaje Rivera", "length_m": 90.554224509927423, "jerarquia": 1, "IPI": 0.1950651689039779, "prioridad": "Media", "intervencion": "Señalización + bacheo puntual", "costo_estimado_clp": 760655.48588339041, "costo_mclp": 0.7607, "ipi_rank": 3 }, "geometry": { "type": "LineString", "coordinates": [ [ -70.6521549, -33.4774039 ], [ -70.6522666, -33.478088 ], [ -70.6522765, -33.4781025 ], [ -70.6522886, -33.478107 ], [ -70.6523019, -33.478112 ], [ -70.6523121, -33.4781193 ], [ -70.6523151, -33.4781346 ], [ -70.6523319, -33.4781902 ] ] } },
{ "type": "Feature", "properties": { "highway": "service", "name": null, "length_m": 15.953828243506138, "jerarquia": 1, "IPI": 0.12815770448941624, "prioridad": "Muy baja", "intervencion": "Mantención preventiva", "costo_estimado_clp": 13401.215724545156, "costo_mclp": 0.0134, "ipi_rank": 1 }, "geometry": { "type": "LineString", "coordinates": [ [ -70.6533377, -33.4793864 ], [ -70.6533545, -33.4794507 ], [ -70.6533692, -33.4794725 ], [ -70.6534021, -33.4794814 ], [ -70.6534306, -33.4794801 ] ] } },
{ "type": "Feature", "properties": { "highway": "service", "name": null, "length_m": 15.953828243506138, "jerarquia": 1, "IPI": 0.12815770448938377, "prioridad": "Muy baja", "intervencion": "Mantención preventiva", "costo_estimado_clp": 13401.215724545156, "costo_mclp": 0.0134, "ipi_rank": 1 }, "geometry": { "type": "LineString", "coordinates": [ [ -70.6534306, -33.4794801 ], [ -70.6534021, -33.4794814 ], [ -70.6533692, -33.4794725 ], [ -70.6533545, -33.4794507 ], [ -70.6533377, -33.4793864 ] ] } },
{ "type": "Feature", "properties": { "highway": "service", "name": null, "length_m": 14.833464324383835, "jerarquia": 1, "IPI": 0.12766051644769758, "prioridad": "Muy baja", "intervencion": "Mantención preventiva", "costo_estimado_clp": 12460.110032482422, "costo_mclp": 0.0125, "ipi_rank": 1 }, "geometry": { "type": "LineString", "coordinates": [ [ -70.6534306, -33.4794801 ], [ -70.6534101, -33.4793478 ] ] } },
{ "type": "Feature", "properties": { "highway": "service", "name": null, "length_m": 14.833464324383835, "jerarquia": 1, "IPI": 0.12766051644769758, "prioridad": "Muy baja", "intervencion": "Mantención preventiva", "costo_estimado_clp": 12460.110032482422, "costo_mclp": 0.0125, "ipi_rank": 1 }, "geometry": { "type": "LineString", "coordinates": [ [ -70.6534101, -33.4793478 ], [ -70.6534306, -33.4794801 ] ] } },
{ "type": "Feature", "properties": { "highway": "residential", "name": "Ricardo Poenisch", "length_m": 8.6987656752787252, "jerarquia": 1, "IPI": 0.16387330027708735, "prioridad": "Baja", "intervencion": "Bacheo puntual", "costo_estimado_clp": 21920.889501702386, "costo_mclp": 0.0219, "ipi_rank": 2 }, "geometry": { "type": "LineString", "coordinates": [ [ -70.653123, -33.4790217 ], [ -70.6531284, -33.4789436 ] ] } },
{ "type": "Feature", "properties": { "highway": "residential", "name": "Ricardo Poenisch", "length_m": 8.6987656752787252, "jerarquia": 1, "IPI": 0.16387330027708735, "prioridad": "Baja", "intervencion": "Bacheo puntual", "costo_estimado_clp": 21920.889501702386, "costo_mclp": 0.0219, "ipi_rank": 2 }, "geometry": { "type": "LineString", "coordinates": [ [ -70.6531284, -33.4789436 ], [ -70.653123, -33.4790217 ] ] } },
{ "type": "Feature", "properties": { "highway": "residential", "name": "Ricardo Poenisch", "length_m": 138.27268660164634, "jerarquia": 1, "IPI": 0.21715176967028954, "prioridad": "Alta", "intervencion": "Repavimentación + señalización", "costo_estimado_clp": 8227224.8527979571, "costo_mclp": 8.2272, "ipi_rank": 4 }, "geometry": { "type": "LineString", "coordinates": [ [ -70.6532371, -33.4777034 ], [ -70.6531305, -33.4789123 ], [ -70.6531284, -33.4789436 ] ] } },
{ "type": "Feature", "properties": { "highway": "primary", "name": "Euclides", "length_m": 101.43032380682614, "jerarquia": 4, "IPI": 0.58710039542771963, "prioridad": "Muy alta", "intervencion": "Repavimentación + señalización + iluminación", "costo_estimado_clp": 6390110.399830047, "costo_mclp": 6.3901, "ipi_rank": 5 }, "geometry": { "type": "LineString", "coordinates": [ [ -70.6532371, -33.4777034 ], [ -70.6530923, -33.4778187 ], [ -70.653026, -33.477874 ], [ -70.6529559, -33.477926 ], [ -70.6528822, -33.4779743 ], [ -70.6528052, -33.4780189 ], [ -70.6527251, -33.4780595 ], [ -70.6526422, -33.4780961 ], [ -70.6525569, -33.4781285 ], [ -70.6524694, -33.4781567 ], [ -70.6523801, -33.4781804 ], [ -70.6523319, -33.4781902 ] ] } },
{ "type": "Feature", "properties": { "highway": "primary", "name": "Euclides", "length_m": 14.932920484882105, "jerarquia": 4, "IPI": 0.56375544881774031, "prioridad": "Muy alta", "intervencion": "Repavimentación + señalización + iluminación", "costo_estimado_clp": 940773.99054757273, "costo_mclp": 0.9408, "ipi_rank": 5 }, "geometry": { "type": "LineString", "coordinates": [ [ -70.6533451, -33.4776038 ], [ -70.6532371, -33.4777034 ] ] } },
{ "type": "Feature", "properties": { "highway": "residential", "name": "Milán", "length_m": 15.047807828613758, "jerarquia": 1, "IPI": 0.17339882528422801, "prioridad": "Media", "intervencion": "Señalización + bacheo puntual", "costo_estimado_clp": 126401.58576035556, "costo_mclp": 0.1264, "ipi_rank": 3 }, "geometry": { "type": "LineString", "coordinates": [ [ -70.6533484, -33.4774685 ], [ -70.6533451, -33.4776038 ] ] } },
{ "type": "Feature", "properties": { "highway": "footway", "name": null, "length_m": 8.3202059107417483, "jerarquia": 1, "IPI": 0.14186431366894089, "prioridad": "Muy baja", "intervencion": "Mantención preventiva", "costo_estimado_clp": 6988.9729650230693, "costo_mclp": 0.007, "ipi_rank": 1 }, "geometry": { "type": "LineString", "coordinates": [ [ -70.651552, -33.4791582 ], [ -70.6515668, -33.479232 ] ] } },
{ "type": "Feature", "properties": { "highway": "footway", "name": null, "length_m": 8.3202059107417483, "jerarquia": 1, "IPI": 0.14186431366894089, "prioridad": "Muy baja", "intervencion": "Mantención preventiva", "costo_estimado_clp": 6988.9729650230693, "costo_mclp": 0.007, "ipi_rank": 1 }, "geometry": { "type": "LineString", "coordinates": [ [ -70.6515668, -33.479232 ], [ -70.651552, -33.4791582 ] ] } },
{ "type": "Feature", "properties": { "highway": "residential", "name": "Barcelona", "length_m": 8.1458117379846513, "jerarquia": 1, "IPI": 0.18595266766000207, "prioridad": "Media", "intervencion": "Señalización + bacheo puntual", "costo_estimado_clp": 68424.818599071077, "costo_mclp": 0.0684, "ipi_rank": 3 }, "geometry": { "type": "LineString", "coordinates": [ [ -70.6516135, -33.4792252 ], [ -70.6515973, -33.4791532 ] ] } },
{ "type": "Feature", "properties": { "highway": "secondary", "name": "Avenida Alcalde Carlos Valdovinos", "length_m": 4.2380351934382814, "jerarquia": 3, "IPI": 0.40799494928153374, "prioridad": "Muy alta", "intervencion": "Repavimentación + señalización + iluminación", "costo_estimado_clp": 266996.21718661173, "costo_mclp": 0.267, "ipi_rank": 5 }, "geometry": { "type": "LineString", "coordinates": [ [ -70.651552, -33.4791582 ], [ -70.6515973, -33.4791532 ] ] } },
{ "type": "Feature", "properties": { "highway": "residential", "name": "Barcelona", "length_m": 94.593369722166344, "jerarquia": 1, "IPI": 0.2236799930069584, "prioridad": "Alta", "intervencion": "Repavimentación + señalización", "costo_estimado_clp": 5628305.4984688973, "costo_mclp": 5.6283, "ipi_rank": 4 }, "geometry": { "type": "LineString", "coordinates": [ [ -70.6515973, -33.4791532 ], [ -70.6515869, -33.4791011 ], [ -70.6514331, -33.4783136 ] ] } },
{ "type": "Feature", "properties": { "highway": "primary", "name": "Euclides", "length_m": 86.431161327737797, "jerarquia": 4, "IPI": 0.61274111400064668, "prioridad": "Muy alta", "intervencion": "Repavimentación + señalización + iluminación", "costo_estimado_clp": 5445163.1636474812, "costo_mclp": 5.4452, "ipi_rank": 5 }, "geometry": { "type": "LineString", "coordinates": [ [ -70.6514331, -33.4783136 ], [ -70.650512, -33.4784316 ] ] } },
{ "type": "Feature", "properties": { "highway": "residential", "name": "Barcelona", "length_m": 97.280814518187725, "jerarquia": 1, "IPI": 0.22227238460684678, "prioridad": "Alta", "intervencion": "Repavimentación + señalización", "costo_estimado_clp": 5788208.4638321698, "costo_mclp": 5.7882, "ipi_rank": 4 }, "geometry": { "type": "LineString", "coordinates": [ [ -70.6514331, -33.4783136 ], [ -70.6514195, -33.4782638 ], [ -70.6512778, -33.4775938 ], [ -70.6512543, -33.4774517 ] ] } },
{ "type": "Feature", "properties": { "highway": "residential", "name": "Barcelona", "length_m": 53.34571015205168, "jerarquia": 1, "IPI": 0.18144717841500529, "prioridad": "Media", "intervencion": "Señalización + bacheo puntual", "costo_estimado_clp": 448103.96527723415, "costo_mclp": 0.4481, "ipi_rank": 3 }, "geometry": { "type": "LineString", "coordinates": [ [ -70.6512543, -33.4774517 ], [ -70.6512342, -33.4772946 ], [ -70.6512214, -33.4770921 ], [ -70.6512181, -33.4770474 ], [ -70.6512137, -33.4769733 ] ] } },
{ "type": "Feature", "properties": { "highway": "footway", "name": null, "length_m": 212.49430337195071, "jerarquia": 1, "IPI": 0.23752227696863681, "prioridad": "Alta", "intervencion": "Repavimentación + señalización", "costo_estimado_clp": 12643411.050631067, "costo_mclp": 12.6434, "ipi_rank": 4 }, "geometry": { "type": "LineString", "coordinates": [ [ -70.6521195, -33.4768504 ], [ -70.6520474, -33.4768742 ], [ -70.651629, -33.4768843 ], [ -70.6511485, -33.4769095 ], [ -70.6511386, -33.4768644 ], [ -70.6511117, -33.476832 ], [ -70.6507224, -33.4767995 ], [ -70.6500493, -33.4767496 ], [ -70.6499751, -33.4767724 ], [ -70.6499309, -33.4768124 ] ] } },
{ "type": "Feature", "properties": { "highway": "footway", "name": null, "length_m": 212.49430337195071, "jerarquia": 1, "IPI": 0.23752227696866229, "prioridad": "Alta", "intervencion": "Repavimentación + señalización", "costo_estimado_clp": 12643411.050631067, "costo_mclp": 12.6434, "ipi_rank": 4 }, "geometry": { "type": "LineString", "coordinates": [ [ -70.6499309, -33.4768124 ], [ -70.6499751, -33.4767724 ], [ -70.6500493, -33.4767496 ], [ -70.6507224, -33.4767995 ], [ -70.6511117, -33.476832 ], [ -70.6511386, -33.4768644 ], [ -70.6511485, -33.4769095 ], [ -70.651629, -33.4768843 ], [ -70.6520474, -33.4768742 ], [ -70.6521195, -33.4768504 ] ] } },
{ "type": "Feature", "properties": { "highway": "living_street", "name": "Pasaje Rivera", "length_m": 90.554224509927437, "jerarquia": 1, "IPI": 0.19506516890392958, "prioridad": "Media", "intervencion": "Señalización + bacheo puntual", "costo_estimado_clp": 760655.48588339053, "costo_mclp": 0.7607, "ipi_rank": 3 }, "geometry": { "type": "LineString", "coordinates": [ [ -70.6523319, -33.4781902 ], [ -70.6523151, -33.4781346 ], [ -70.6523121, -33.4781193 ], [ -70.6523019, -33.478112 ], [ -70.6522886, -33.478107 ], [ -70.6522765, -33.4781025 ], [ -70.6522666, -33.478088 ], [ -70.6521549, -33.4774039 ] ] } },
{ "type": "Feature", "properties": { "highway": "residential", "name": "Milán", "length_m": 83.697941762303444, "jerarquia": 1, "IPI": 0.19779034496575829, "prioridad": "Media", "intervencion": "Señalización + bacheo puntual", "costo_estimado_clp": 703062.71080334892, "costo_mclp": 0.7031, "ipi_rank": 3 }, "geometry": { "type": "LineString", "coordinates": [ [ -70.6512543, -33.4774517 ], [ -70.6521549, -33.4774039 ] ] } },
{ "type": "Feature", "properties": { "highway": "residential", "name": "Milán", "length_m": 16.95675223632912, "jerarquia": 1, "IPI": 0.16758207636235936, "prioridad": "Media", "intervencion": "Señalización + bacheo puntual", "costo_estimado_clp": 142436.71878516459, "costo_mclp": 0.1424, "ipi_rank": 3 }, "geometry": { "type": "LineString", "coordinates": [ [ -70.6521549, -33.4774039 ], [ -70.6523373, -33.4773935 ] ] } },
{ "type": "Feature", "properties": { "highway": "primary", "name": "Avenida Isabel Riquelme", "length_m": 188.81652770708314, "jerarquia": 4, "IPI": 0.60229260449762079, "prioridad": "Muy alta", "intervencion": "Repavimentación + señalización + iluminación", "costo_estimado_clp": 11895441.245546237, "costo_mclp": 11.8954, "ipi_rank": 5 }, "geometry": { "type": "LineString", "coordinates": [ [ -70.6512137, -33.4769733 ], [ -70.6532478, -33.4769042 ] ] } },
{ "type": "Feature", "properties": { "highway": "footway", "name": null, "length_m": 46.238643649235001, "jerarquia": 1, "IPI": 0.16870513586417832, "prioridad": "Media", "intervencion": "Señalización + bacheo puntual", "costo_estimado_clp": 388404.60665357404, "costo_mclp": 0.3884, "ipi_rank": 3 }, "geometry": { "type": "LineString", "coordinates": [ [ -70.6521195, -33.4768504 ], [ -70.6525353, -33.4768046 ], [ -70.6525353, -33.4767386 ] ] } },
{ "type": "Feature", "properties": { "highway": "footway", "name": null, "length_m": 46.238643649235001, "jerarquia": 1, "IPI": 0.16870513586417832, "prioridad": "Media", "intervencion": "Señalización + bacheo puntual", "costo_estimado_clp": 388404.60665357404, "costo_mclp": 0.3884, "ipi_rank": 3 }, "geometry": { "type": "LineString", "coordinates": [ [ -70.6525353, -33.4767386 ], [ -70.6525353, -33.4768046 ], [ -70.6521195, -33.4768504 ] ] } },
{ "type": "Feature", "properties": { "highway": "footway", "name": null, "length_m": 56.072782722899888, "jerarquia": 1, "IPI": 0.1728935931239432, "prioridad": "Media", "intervencion": "Señalización + bacheo puntual", "costo_estimado_clp": 471011.37487235904, "costo_mclp": 0.471, "ipi_rank": 3 }, "geometry": { "type": "LineString", "coordinates": [ [ -70.6525353, -33.4767386 ], [ -70.6521101, -33.4767028 ], [ -70.6521195, -33.4768504 ] ] } },
{ "type": "Feature", "properties": { "highway": "footway", "name": null, "length_m": 56.072782722899888, "jerarquia": 1, "IPI": 0.1728935931239432, "prioridad": "Media", "intervencion": "Señalización + bacheo puntual", "costo_estimado_clp": 471011.37487235904, "costo_mclp": 0.471, "ipi_rank": 3 }, "geometry": { "type": "LineString", "coordinates": [ [ -70.6521195, -33.4768504 ], [ -70.6521101, -33.4767028 ], [ -70.6525353, -33.4767386 ] ] } },
{ "type": "Feature", "properties": { "highway": "cycleway", "name": "Ciclovía Parque Víctor Jara", "length_m": 426.83953057750267, "jerarquia": 1, "IPI": 0.21334463974766862, "prioridad": "Alta", "intervencion": "Repavimentación + señalización", "costo_estimado_clp": 25396952.069361411, "costo_mclp": 25.397, "ipi_rank": 4 }, "geometry": { "type": "LineString", "coordinates": [ [ -70.649384, -33.4767827 ], [ -70.6493863, -33.4767627 ], [ -70.6493973, -33.4767553 ], [ -70.6494091, -33.476752 ], [ -70.6495875, -33.4767386 ], [ -70.6499261, -33.4767123 ], [ -70.6503814, -33.4766927 ], [ -70.6510372, -33.4766787 ], [ -70.6516709, -33.4766603 ], [ -70.6523636, -33.4766418 ], [ -70.6527269, -33.476631 ], [ -70.6530288, -33.4766284 ], [ -70.6538174, -33.4766144 ], [ -70.653956, -33.4766061 ] ] } },
{ "type": "Feature", "properties": { "highway": "cycleway", "name": "Ciclovía Parque Víctor Jara", "length_m": 426.83953057750261, "jerarquia": 1, "IPI": 0.21334463974764103, "prioridad": "Alta", "intervencion": "Repavimentación + señalización", "costo_estimado_clp": 25396952.069361407, "costo_mclp": 25.397, "ipi_rank": 4 }, "geometry": { "type": "LineString", "coordinates": [ [ -70.653956, -33.4766061 ], [ -70.6538174, -33.4766144 ], [ -70.6530288, -33.4766284 ], [ -70.6527269, -33.476631 ], [ -70.6523636, -33.4766418 ], [ -70.6516709, -33.4766603 ], [ -70.6510372, -33.4766787 ], [ -70.6503814, -33.4766927 ], [ -70.6499261, -33.4767123 ], [ -70.6495875, -33.4767386 ], [ -70.6494091, -33.476752 ], [ -70.6493973, -33.4767553 ], [ -70.6493863, -33.4767627 ], [ -70.649384, -33.4767827 ] ] } },
{ "type": "Feature", "properties": { "highway": "service", "name": null, "length_m": 24.842059471360127, "jerarquia": 1, "IPI": 0.15150050621604527, "prioridad": "Baja", "intervencion": "Bacheo puntual", "costo_estimado_clp": 62601.98986782752, "costo_mclp": 0.0626, "ipi_rank": 2 }, "geometry": { "type": "LineString", "coordinates": [ [ -70.6526081, -33.4776044 ], [ -70.652592, -33.4774568 ], [ -70.6525919, -33.4773816 ] ] } },
{ "type": "Feature", "properties": { "highway": "service", "name": null, "length_m": 24.842059471360127, "jerarquia": 1, "IPI": 0.15150050621604527, "prioridad": "Baja", "intervencion": "Bacheo puntual", "costo_estimado_clp": 62601.98986782752, "costo_mclp": 0.0626, "ipi_rank": 2 }, "geometry": { "type": "LineString", "coordinates": [ [ -70.6525919, -33.4773816 ], [ -70.652592, -33.4774568 ], [ -70.6526081, -33.4776044 ] ] } },
{ "type": "Feature", "properties": { "highway": "residential", "name": "Milán", "length_m": 80.124980927729396, "jerarquia": 1, "IPI": 0.18841828234521296, "prioridad": "Media", "intervencion": "Señalización + bacheo puntual", "costo_estimado_clp": 673049.83979292691, "costo_mclp": 0.673, "ipi_rank": 3 }, "geometry": { "type": "LineString", "coordinates": [ [ -70.6525919, -33.4773816 ], [ -70.6532485, -33.4773415 ], [ -70.6532773, -33.4773434 ], [ -70.6533032, -33.4773541 ], [ -70.6533223, -33.4773722 ], [ -70.653332, -33.477395 ], [ -70.6533384, -33.477412 ], [ -70.6533484, -33.4774685 ] ] } },
{ "type": "Feature", "properties": { "highway": "residential", "name": "Milán", "length_m": 23.650741394498979, "jerarquia": 1, "IPI": 0.1668748068479744, "prioridad": "Media", "intervencion": "Señalización + bacheo puntual", "costo_estimado_clp": 198666.22771379142, "costo_mclp": 0.1987, "ipi_rank": 3 }, "geometry": { "type": "LineString", "coordinates": [ [ -70.6523373, -33.4773935 ], [ -70.6525919, -33.4773816 ] ] } },
{ "type": "Feature", "properties": { "highway": "service", "name": null, "length_m": 27.007421277136867, "jerarquia": 1, "IPI": 0.15467800324901038, "prioridad": "Baja", "intervencion": "Bacheo puntual", "costo_estimado_clp": 68058.701618384905, "costo_mclp": 0.0681, "ipi_rank": 2 }, "geometry": { "type": "LineString", "coordinates": [ [ -70.6534763, -33.4772503 ], [ -70.6533484, -33.4774685 ] ] } },
{ "type": "Feature", "properties": { "highway": "service", "name": null, "length_m": 61.552886133594775, "jerarquia": 1, "IPI": 0.16650976046871618, "prioridad": "Media", "intervencion": "Señalización + bacheo puntual", "costo_estimado_clp": 517044.24352219614, "costo_mclp": 0.517, "ipi_rank": 3 }, "geometry": { "type": "LineString", "coordinates": [ [ -70.6523373, -33.4773935 ], [ -70.6523319, -33.4773136 ], [ -70.6523359, -33.4772353 ], [ -70.6523466, -33.4771916 ], [ -70.6523714, -33.477162 ], [ -70.6524117, -33.4771391 ], [ -70.6524633, -33.4771352 ], [ -70.6524901, -33.4771469 ], [ -70.652521, -33.477181 ], [ -70.6525236, -33.4772051 ], [ -70.6525055, -33.4772353 ], [ -70.6524633, -33.4772465 ], [ -70.6523822, -33.4772487 ] ] } },
{ "type": "Feature", "properties": { "highway": "service", "name": null, "length_m": 61.552886133594768, "jerarquia": 1, "IPI": 0.16650976046868712, "prioridad": "Media", "intervencion": "Señalización + bacheo puntual", "costo_estimado_clp": 517044.24352219608, "costo_mclp": 0.517, "ipi_rank": 3 }, "geometry": { "type": "LineString", "coordinates": [ [ -70.6523822, -33.4772487 ], [ -70.6524633, -33.4772465 ], [ -70.6525055, -33.4772353 ], [ -70.6525236, -33.4772051 ], [ -70.652521, -33.477181 ], [ -70.6524901, -33.4771469 ], [ -70.6524633, -33.4771352 ], [ -70.6524117, -33.4771391 ], [ -70.6523714, -33.477162 ], [ -70.6523466, -33.4771916 ], [ -70.6523359, -33.4772353 ], [ -70.6523319, -33.4773136 ], [ -70.6523373, -33.4773935 ] ] } },
{ "type": "Feature", "properties": { "highway": "service", "name": null, "length_m": 26.309150188243173, "jerarquia": 1, "IPI": 0.15006586923729684, "prioridad": "Baja", "intervencion": "Bacheo puntual", "costo_estimado_clp": 66299.058474372796, "costo_mclp": 0.0663, "ipi_rank": 2 }, "geometry": { "type": "LineString", "coordinates": [ [ -70.6532478, -33.4769042 ], [ -70.6534027, -33.4770244 ], [ -70.6534561, -33.4770648 ] ] } },
{ "type": "Feature", "properties": { "highway": "footway", "name": null, "length_m": 121.81001927756098, "jerarquia": 1, "IPI": 0.19468687995746792, "prioridad": "Media", "intervencion": "Señalización + bacheo puntual", "costo_estimado_clp": 1023204.1619315123, "costo_mclp": 1.0232, "ipi_rank": 3 }, "geometry": { "type": "LineString", "coordinates": [ [ -70.6538447, -33.4767938 ], [ -70.653576, -33.476799 ], [ -70.6531414, -33.4767956 ], [ -70.6525353, -33.4767386 ] ] } },
{ "type": "Feature", "properties": { "highway": "footway", "name": null, "length_m": 121.81001927756097, "jerarquia": 1, "IPI": 0.19468687995746792, "prioridad": "Media", "intervencion": "Señalización + bacheo puntual", "costo_estimado_clp": 1023204.1619315122, "costo_mclp": 1.0232, "ipi_rank": 3 }, "geometry": { "type": "LineString", "coordinates": [ [ -70.6525353, -33.4767386 ], [ -70.6531414, -33.4767956 ], [ -70.653576, -33.476799 ], [ -70.6538447, -33.4767938 ] ] } },
{ "type": "Feature", "properties": { "highway": "tertiary", "name": "Llano Subercaseaux", "length_m": 71.374461847102438, "jerarquia": 2, "IPI": 0.37373703453366119, "prioridad": "Muy alta", "intervencion": "Repavimentación + señalización + iluminación", "costo_estimado_clp": 4496591.0963674542, "costo_mclp": 4.4966, "ipi_rank": 5 }, "geometry": { "type": "LineString", "coordinates": [ [ -70.649078796947435, -33.480284389316019 ], [ -70.6490546, -33.4801997 ] ] } },
{ "type": "Feature", "properties": { "highway": "tertiary", "name": "Llano Subercaseaux", "length_m": 73.771704069874644, "jerarquia": 2, "IPI": 0.38621224458491721, "prioridad": "Muy alta", "intervencion": "Repavimentación + señalización + iluminación", "costo_estimado_clp": 4647617.3564021029, "costo_mclp": 4.6476, "ipi_rank": 5 }, "geometry": { "type": "LineString", "coordinates": [ [ -70.6490546, -33.4801997 ], [ -70.6488734, -33.4795537 ] ] } },
{ "type": "Feature", "properties": { "highway": "primary", "name": "Avenida Alcalde Carlos Valdovinos", "length_m": 12.277558220012233, "jerarquia": 4, "IPI": 0.60464493579447676, "prioridad": "Muy alta", "intervencion": "Repavimentación + señalización + iluminación", "costo_estimado_clp": 773486.16786077071, "costo_mclp": 0.7735, "ipi_rank": 5 }, "geometry": { "type": "LineString", "coordinates": [ [ -70.6490046, -33.479539 ], [ -70.6488734, -33.4795537 ] ] } },
{ "type": "Feature", "properties": { "highway": "secondary", "name": "Avenida Alcalde Carlos Valdovinos", "length_m": 33.962747438442506, "jerarquia": 3, "IPI": 0.43594617444908035, "prioridad": "Muy alta", "intervencion": "Repavimentación + señalización + iluminación", "costo_estimado_clp": 2139653.0886218781, "costo_mclp": 2.1397, "ipi_rank": 5 }, "geometry": { "type": "LineString", "coordinates": [ [ -70.649368, -33.4795319 ], [ -70.6492292, -33.4795486 ], [ -70.6491726, -33.4795523 ], [ -70.6491159, -33.4795519 ], [ -70.6490599, -33.4795475 ], [ -70.6490046, -33.479539 ] ] } },
{ "type": "Feature", "properties": { "highway": "footway", "name": null, "length_m": 17.348848896840149, "jerarquia": 1, "IPI": 0.14701726530493181, "prioridad": "Baja", "intervencion": "Bacheo puntual", "costo_estimado_clp": 43719.099220037177, "costo_mclp": 0.0437, "ipi_rank": 2 }, "geometry": { "type": "LineString", "coordinates": [ [ -70.649368, -33.4795319 ], [ -70.6493406, -33.4794462 ], [ -70.6494018, -33.4794023 ] ] } },
{ "type": "Feature", "properties": { "highway": "primary", "name": "Avenida Alcalde Carlos Valdovinos", "length_m": 10.942386913793737, "jerarquia": 4, "IPI": 0.67251522402424757, "prioridad": "Muy alta", "intervencion": "Repavimentación + señalización + iluminación", "costo_estimado_clp": 689370.37556900538, "costo_mclp": 0.6894, "ipi_rank": 5 }, "geometry": { "type": "LineString", "coordinates": [ [ -70.6484447, -33.4796084 ], [ -70.6483278, -33.4796217 ] ] } },
{ "type": "Feature", "properties": { "highway": "primary", "name": "Avenida Alcalde Carlos Valdovinos", "length_m": 40.223521817404077, "jerarquia": 4, "IPI": 0.64698291782357209, "prioridad": "Muy alta", "intervencion": "Repavimentación + señalización + iluminación", "costo_estimado_clp": 2534081.8744964572, "costo_mclp": 2.5341, "ipi_rank": 5 }, "geometry": { "type": "LineString", "coordinates": [ [ -70.6488734, -33.4795537 ], [ -70.6484795, -33.4796046 ], [ -70.6484447, -33.4796084 ] ] } },
{ "type": "Feature", "properties": { "highway": "primary", "name": "Gran Avenida José Miguel Carrera", "length_m": 13.146087009497432, "jerarquia": 4, "IPI": 0.74639916839156517, "prioridad": "Muy alta", "intervencion": "Repavimentación + señalización + iluminación", "costo_estimado_clp": 828203.48159833811, "costo_mclp": 0.8282, "ipi_rank": 5 }, "geometry": { "type": "LineString", "coordinates": [ [ -70.648207, -33.4796349 ], [ -70.6481921, -33.4795759 ], [ -70.6481797, -33.4795189 ] ] } },
{ "type": "Feature", "properties": { "highway": "footway", "name": null, "length_m": 9.0599646432464684, "jerarquia": 1, "IPI": 0.19332054394523931, "prioridad": "Media", "intervencion": "Señalización + bacheo puntual", "costo_estimado_clp": 76103.703003270333, "costo_mclp": 0.0761, "ipi_rank": 3 }, "geometry": { "type": "LineString", "coordinates": [ [ -70.6484447, -33.4796084 ], [ -70.6484353, -33.4795273 ] ] } },
{ "type": "Feature", "properties": { "highway": "footway", "name": null, "length_m": 9.0599646432464684, "jerarquia": 1, "IPI": 0.19332054394523931, "prioridad": "Media", "intervencion": "Señalización + bacheo puntual", "costo_estimado_clp": 76103.703003270333, "costo_mclp": 0.0761, "ipi_rank": 3 }, "geometry": { "type": "LineString", "coordinates": [ [ -70.6484353, -33.4795273 ], [ -70.6484447, -33.4796084 ] ] } },
{ "type": "Feature", "properties": { "highway": "primary", "name": "Gran Avenida José Miguel Carrera", "length_m": 13.608673637734524, "jerarquia": 4, "IPI": 0.66396545301859478, "prioridad": "Muy alta", "intervencion": "Repavimentación + señalización + iluminación", "costo_estimado_clp": 857346.43917727505, "costo_mclp": 0.8573, "ipi_rank": 5 }, "geometry": { "type": "LineString", "coordinates": [ [ -70.6483083, -33.4795004 ], [ -70.6483278, -33.4796217 ] ] } },
{ "type": "Feature", "properties": { "highway": "footway", "name": null, "length_m": 12.103228210753947, "jerarquia": 1, "IPI": 0.28585744793460521, "prioridad": "Alta", "intervencion": "Repavimentación + señalización", "costo_estimado_clp": 720142.07853985997, "costo_mclp": 0.7201, "ipi_rank": 4 }, "geometry": { "type": "LineString", "coordinates": [ [ -70.6483083, -33.4795004 ], [ -70.6482633, -33.4795069 ], [ -70.6481797, -33.4795189 ] ] } },
{ "type": "Feature", "properties": { "highway": "footway", "name": null, "length_m": 12.103228210753947, "jerarquia": 1, "IPI": 0.28585744793460521, "prioridad": "Alta", "intervencion": "Repavimentación + señalización", "costo_estimado_clp": 720142.07853985997, "costo_mclp": 0.7201, "ipi_rank": 4 }, "geometry": { "type": "LineString", "coordinates": [ [ -70.6481797, -33.4795189 ], [ -70.6482633, -33.4795069 ], [ -70.6483083, -33.4795004 ] ] } },
{ "type": "Feature", "properties": { "highway": "footway", "name": null, "length_m": 16.375378743003633, "jerarquia": 1, "IPI": 0.18661197530305043, "prioridad": "Media", "intervencion": "Señalización + bacheo puntual", "costo_estimado_clp": 137553.18144123052, "costo_mclp": 0.1376, "ipi_rank": 3 }, "geometry": { "type": "LineString", "coordinates": [ [ -70.6484353, -33.4795273 ], [ -70.6484333, -33.4794854 ], [ -70.6483083, -33.4795004 ] ] } },
{ "type": "Feature", "properties": { "highway": "footway", "name": null, "length_m": 16.375378743003633, "jerarquia": 1, "IPI": 0.18661197530305043, "prioridad": "Media", "intervencion": "Señalización + bacheo puntual", "costo_estimado_clp": 137553.18144123052, "costo_mclp": 0.1376, "ipi_rank": 3 }, "geometry": { "type": "LineString", "coordinates": [ [ -70.6483083, -33.4795004 ], [ -70.6484333, -33.4794854 ], [ -70.6484353, -33.4795273 ] ] } },
{ "type": "Feature", "properties": { "highway": "primary", "name": "Gran Avenida José Miguel Carrera", "length_m": 79.159173835982884, "jerarquia": 4, "IPI": 0.74196116938612022, "prioridad": "Muy alta", "intervencion": "Repavimentación + señalización + iluminación", "costo_estimado_clp": 4987027.9516669223, "costo_mclp": 4.987, "ipi_rank": 5 }, "geometry": { "type": "LineString", "coordinates": [ [ -70.6481797, -33.4795189 ], [ -70.6481667, -33.4794465 ], [ -70.6481542, -33.47935 ], [ -70.6481462, -33.4792298 ], [ -70.6481396, -33.478855 ], [ -70.6481396, -33.4788086 ] ] } },
{ "type": "Feature", "properties": { "highway": "footway", "name": null, "length_m": 110.71507117383217, "jerarquia": 1, "IPI": 0.17445873125108674, "prioridad": "Media", "intervencion": "Señalización + bacheo puntual", "costo_estimado_clp": 930006.59786019032, "costo_mclp": 0.93, "ipi_rank": 3 }, "geometry": { "type": "LineString", "coordinates": [ [ -70.6484137, -33.4787808 ], [ -70.6484679, -33.4788088 ], [ -70.6484761, -33.479052 ], [ -70.6486655, -33.479145 ], [ -70.6486436, -33.4792056 ], [ -70.6486323, -33.4792548 ], [ -70.6486306, -33.4793049 ], [ -70.64864, -33.479361 ], [ -70.6486755, -33.4794149 ], [ -70.6485333, -33.4795066 ], [ -70.6484353, -33.4795273 ] ] } },
{ "type": "Feature", "properties": { "highway": "footway", "name": null, "length_m": 110.71507117383219, "jerarquia": 1, "IPI": 0.17445873125104261, "prioridad": "Media", "intervencion": "Señalización + bacheo puntual", "costo_estimado_clp": 930006.59786019044, "costo_mclp": 0.93, "ipi_rank": 3 }, "geometry": { "type": "LineString", "coordinates": [ [ -70.6484353, -33.4795273 ], [ -70.6485333, -33.4795066 ], [ -70.6486755, -33.4794149 ], [ -70.64864, -33.479361 ], [ -70.6486306, -33.4793049 ], [ -70.6486323, -33.4792548 ], [ -70.6486436, -33.4792056 ], [ -70.6486655, -33.479145 ], [ -70.6484761, -33.479052 ], [ -70.6484679, -33.4788088 ], [ -70.6484137, -33.4787808 ] ] } },
{ "type": "Feature", "properties": { "highway": "primary", "name": "Gran Avenida José Miguel Carrera", "length_m": 78.130917744618387, "jerarquia": 4, "IPI": 0.64545313107599145, "prioridad": "Muy alta", "intervencion": "Repavimentación + señalización + iluminación", "costo_estimado_clp": 4922247.817910959, "costo_mclp": 4.9222, "ipi_rank": 5 }, "geometry": { "type": "LineString", "coordinates": [ [ -70.6482897, -33.478798 ], [ -70.6483007, -33.4793075 ], [ -70.6483015, -33.4794009 ], [ -70.6483072, -33.4794817 ], [ -70.6483083, -33.4795004 ] ] } },
{ "type": "Feature", "properties": { "highway": "footway", "name": null, "length_m": 13.971087852237522, "jerarquia": 1, "IPI": 0.28842499836212426, "prioridad": "Alta", "intervencion": "Repavimentación + señalización", "costo_estimado_clp": 831279.72720813262, "costo_mclp": 0.8313, "ipi_rank": 4 }, "geometry": { "type": "LineString", "coordinates": [ [ -70.6482897, -33.478798 ], [ -70.6481396, -33.4788086 ] ] } },
{ "type": "Feature", "properties": { "highway": "footway", "name": null, "length_m": 13.971087852237522, "jerarquia": 1, "IPI": 0.28842499836212426, "prioridad": "Alta", "intervencion": "Repavimentación + señalización", "costo_estimado_clp": 831279.72720813262, "costo_mclp": 0.8313, "ipi_rank": 4 }, "geometry": { "type": "LineString", "coordinates": [ [ -70.6481396, -33.4788086 ], [ -70.6482897, -33.478798 ] ] } },
{ "type": "Feature", "properties": { "highway": "footway", "name": null, "length_m": 11.658537917346667, "jerarquia": 1, "IPI": 0.19120898684216914, "prioridad": "Media", "intervencion": "Señalización + bacheo puntual", "costo_estimado_clp": 97931.718505712008, "costo_mclp": 0.0979, "ipi_rank": 3 }, "geometry": { "type": "LineString", "coordinates": [ [ -70.6482897, -33.478798 ], [ -70.6484137, -33.4787808 ] ] } },
{ "type": "Feature", "properties": { "highway": "footway", "name": null, "length_m": 11.658537917346667, "jerarquia": 1, "IPI": 0.19120898684216914, "prioridad": "Media", "intervencion": "Señalización + bacheo puntual", "costo_estimado_clp": 97931.718505712008, "costo_mclp": 0.0979, "ipi_rank": 3 }, "geometry": { "type": "LineString", "coordinates": [ [ -70.6484137, -33.4787808 ], [ -70.6482897, -33.478798 ] ] } },
{ "type": "Feature", "properties": { "highway": "primary", "name": "Gran Avenida José Miguel Carrera", "length_m": 6.9052146994142838, "jerarquia": 4, "IPI": 0.71716006031724944, "prioridad": "Muy alta", "intervencion": "Repavimentación + señalización + iluminación", "costo_estimado_clp": 435028.52606309985, "costo_mclp": 0.435, "ipi_rank": 5 }, "geometry": { "type": "LineString", "coordinates": [ [ -70.6481396, -33.4788086 ], [ -70.6481396, -33.4787465 ] ] } },
{ "type": "Feature", "properties": { "highway": "primary", "name": "Gran Avenida José Miguel Carrera", "length_m": 6.5383301256916129, "jerarquia": 4, "IPI": 0.61790368927698158, "prioridad": "Muy alta", "intervencion": "Repavimentación + señalización + iluminación", "costo_estimado_clp": 411914.79791857162, "costo_mclp": 0.4119, "ipi_rank": 5 }, "geometry": { "type": "LineString", "coordinates": [ [ -70.6482894, -33.4787392 ], [ -70.6482897, -33.478798 ] ] } },
{ "type": "Feature", "properties": { "highway": "footway", "name": null, "length_m": 17.348848896840149, "jerarquia": 1, "IPI": 0.14701726530493181, "prioridad": "Baja", "intervencion": "Bacheo puntual", "costo_estimado_clp": 43719.099220037177, "costo_mclp": 0.0437, "ipi_rank": 2 }, "geometry": { "type": "LineString", "coordinates": [ [ -70.6494018, -33.4794023 ], [ -70.6493406, -33.4794462 ], [ -70.649368, -33.4795319 ] ] } },
{ "type": "Feature", "properties": { "highway": "primary", "name": [ "Orán", "Avenida Alcalde Carlos Valdovinos" ], "length_m": 39.906331513205387, "jerarquia": 4, "IPI": 0.5768828834631814, "prioridad": "Muy alta", "intervencion": "Repavimentación + señalización + iluminación", "costo_estimado_clp": 2514098.8853319394, "costo_mclp": 2.5141, "ipi_rank": 5 }, "geometry": { "type": "LineString", "coordinates": [ [ -70.649362, -33.4793517 ], [ -70.6493171, -33.4793897 ], [ -70.6492782, -33.4794194 ], [ -70.6492259, -33.4794524 ], [ -70.6491816, -33.4794798 ], [ -70.6491387, -33.4795032 ], [ -70.6491026, -33.4795178 ], [ -70.6490648, -33.4795288 ], [ -70.6490046, -33.479539 ] ] } },
{ "type": "Feature", "properties": { "highway": "secondary", "name": "Avenida Alcalde Carlos Valdovinos", "length_m": 6.7926846776587828, "jerarquia": 3, "IPI": 0.40956965942893642, "prioridad": "Muy alta", "intervencion": "Repavimentación + señalización + iluminación", "costo_estimado_clp": 427939.13469250331, "costo_mclp": 0.4279, "ipi_rank": 5 }, "geometry": { "type": "LineString", "coordinates": [ [ -70.649362, -33.4793517 ], [ -70.6493785, -33.4793801 ], [ -70.6493982, -33.4793995 ], [ -70.6494018, -33.4794023 ] ] } },
{ "type": "Feature", "properties": { "highway": "footway", "name": null, "length_m": 24.078303552456212, "jerarquia": 1, "IPI": 0.1554327046406897, "prioridad": "Baja", "intervencion": "Bacheo puntual", "costo_estimado_clp": 60677.324952189651, "costo_mclp": 0.0607, "ipi_rank": 2 }, "geometry": { "type": "LineString", "coordinates": [ [ -70.6494018, -33.4794023 ], [ -70.6494478, -33.4793589 ], [ -70.6495236, -33.4792756 ], [ -70.6494755, -33.4792394 ] ] } },
{ "type": "Feature", "properties": { "highway": "footway", "name": null, "length_m": 24.078303552456216, "jerarquia": 1, "IPI": 0.15543270464073472, "prioridad": "Baja", "intervencion": "Bacheo puntual", "costo_estimado_clp": 60677.324952189658, "costo_mclp": 0.0607, "ipi_rank": 2 }, "geometry": { "type": "LineString", "coordinates": [ [ -70.6494755, -33.4792394 ], [ -70.6495236, -33.4792756 ], [ -70.6494478, -33.4793589 ], [ -70.6494018, -33.4794023 ] ] } },
{ "type": "Feature", "properties": { "highway": "tertiary", "name": "Homero", "length_m": 12.135243840394359, "jerarquia": 2, "IPI": 0.28795449011948587, "prioridad": "Alta", "intervencion": "Repavimentación + señalización", "costo_estimado_clp": 722047.00850346428, "costo_mclp": 0.722, "ipi_rank": 4 }, "geometry": { "type": "LineString", "coordinates": [ [ -70.6493653, -33.4792426 ], [ -70.649362, -33.4793517 ] ] } },
{ "type": "Feature", "properties": { "highway": "primary", "name": "Orán", "length_m": 16.332225284458378, "jerarquia": 4, "IPI": 0.55437054055403934, "prioridad": "Muy alta", "intervencion": "Repavimentación + señalización + iluminación", "costo_estimado_clp": 1028930.1929208778, "costo_mclp": 1.0289, "ipi_rank": 5 }, "geometry": { "type": "LineString", "coordinates": [ [ -70.6494755, -33.4792394 ], [ -70.649362, -33.4793517 ] ] } },
{ "type": "Feature", "properties": { "highway": "footway", "name": null, "length_m": 14.816202697629727, "jerarquia": 1, "IPI": 0.15580931979649576, "prioridad": "Baja", "intervencion": "Bacheo puntual", "costo_estimado_clp": 37336.830798026909, "costo_mclp": 0.0373, "ipi_rank": 2 }, "geometry": { "type": "LineString", "coordinates": [ [ -70.6493653, -33.4792426 ], [ -70.6494163, -33.4791929 ], [ -70.6494755, -33.4792394 ] ] } },
{ "type": "Feature", "properties": { "highway": "footway", "name": null, "length_m": 14.816202697629727, "jerarquia": 1, "IPI": 0.15580931979649576, "prioridad": "Baja", "intervencion": "Bacheo puntual", "costo_estimado_clp": 37336.830798026909, "costo_mclp": 0.0373, "ipi_rank": 2 }, "geometry": { "type": "LineString", "coordinates": [ [ -70.6494755, -33.4792394 ], [ -70.6494163, -33.4791929 ], [ -70.6493653, -33.4792426 ] ] } },
{ "type": "Feature", "properties": { "highway": "residential", "name": "Llano Subercaseaux", "length_m": 99.228071537955287, "jerarquia": 1, "IPI": 0.23972636522808971, "prioridad": "Alta", "intervencion": "Repavimentación + señalización", "costo_estimado_clp": 5904070.2565083392, "costo_mclp": 5.9041, "ipi_rank": 4 }, "geometry": { "type": "LineString", "coordinates": [ [ -70.6488167, -33.4786637 ], [ -70.6488107, -33.4788321 ], [ -70.6488499, -33.4793846 ], [ -70.6488557, -33.4794625 ], [ -70.6488734, -33.4795537 ] ] } },
{ "type": "Feature", "properties": { "highway": "footway", "name": null, "length_m": 6.3047885346056098, "jerarquia": 1, "IPI": 0.15158040020296074, "prioridad": "Baja", "intervencion": "Bacheo puntual", "costo_estimado_clp": 15888.067107206138, "costo_mclp": 0.0159, "ipi_rank": 2 }, "geometry": { "type": "LineString", "coordinates": [ [ -70.6484135, -33.4787241 ], [ -70.6484137, -33.4787808 ] ] } },
{ "type": "Feature", "properties": { "highway": "footway", "name": null, "length_m": 6.3047885346056098, "jerarquia": 1, "IPI": 0.15158040020296074, "prioridad": "Baja", "intervencion": "Bacheo puntual", "costo_estimado_clp": 15888.067107206138, "costo_mclp": 0.0159, "ipi_rank": 2 }, "geometry": { "type": "LineString", "coordinates": [ [ -70.6484137, -33.4787808 ], [ -70.6484135, -33.4787241 ] ] } },
{ "type": "Feature", "properties": { "highway": "tertiary", "name": "Rivas", "length_m": 48.108648608555796, "jerarquia": 2, "IPI": 0.3946573742440278, "prioridad": "Muy alta", "intervencion": "Repavimentación + señalización + iluminación", "costo_estimado_clp": 3030844.8623390151, "costo_mclp": 3.0308, "ipi_rank": 5 }, "geometry": { "type": "LineString", "coordinates": [ [ -70.6481396, -33.4787465 ], [ -70.6480558, -33.4787474 ], [ -70.6476209, -33.4787487 ] ] } },
{ "type": "Feature", "properties": { "highway": "tertiary", "name": "Euclides", "length_m": 13.917157959219836, "jerarquia": 2, "IPI": 0.41538773698363968, "prioridad": "Muy alta", "intervencion": "Repavimentación + señalización + iluminación", "costo_estimado_clp": 876780.95143084961, "costo_mclp": 0.8768, "ipi_rank": 5 }, "geometry": { "type": "LineString", "coordinates": [ [ -70.6482894, -33.4787392 ], [ -70.6481396, -33.4787465 ] ] } },
{ "type": "Feature", "properties": { "highway": "tertiary", "name": "Euclides", "length_m": 11.631699095499309, "jerarquia": 2, "IPI": 0.32752502898959135, "prioridad": "Muy alta", "intervencion": "Repavimentación + señalización + iluminación", "costo_estimado_clp": 732797.04301645642, "costo_mclp": 0.7328, "ipi_rank": 5 }, "geometry": { "type": "LineString", "coordinates": [ [ -70.6484135, -33.4787241 ], [ -70.6482894, -33.4787392 ] ] } },
{ "type": "Feature", "properties": { "highway": "primary", "name": "Gran Avenida José Miguel Carrera", "length_m": 11.063910830449693, "jerarquia": 4, "IPI": 0.7109931105541657, "prioridad": "Muy alta", "intervencion": "Repavimentación + señalización + iluminación", "costo_estimado_clp": 697026.3823183307, "costo_mclp": 0.697, "ipi_rank": 5 }, "geometry": { "type": "LineString", "coordinates": [ [ -70.6481396, -33.4787465 ], [ -70.6481396, -33.478647 ] ] } },
{ "type": "Feature", "properties": { "highway": "tertiary", "name": "Euclides", "length_m": 37.993839820754566, "jerarquia": 2, "IPI": 0.30057119865373227, "prioridad": "Muy alta", "intervencion": "Repavimentación + señalización + iluminación", "costo_estimado_clp": 2393611.9087075377, "costo_mclp": 2.3936, "ipi_rank": 5 }, "geometry": { "type": "LineString", "coordinates": [ [ -70.6488167, -33.4786637 ], [ -70.6484476, -33.478719 ], [ -70.6484135, -33.4787241 ] ] } },
{ "type": "Feature", "properties": { "highway": "primary", "name": "Gran Avenida José Miguel Carrera", "length_m": 10.697031386121461, "jerarquia": 4, "IPI": 0.6226596808625201, "prioridad": "Muy alta", "intervencion": "Repavimentación + señalización + iluminación", "costo_estimado_clp": 673912.97732565203, "costo_mclp": 0.6739, "ipi_rank": 5 }, "geometry": { "type": "LineString", "coordinates": [ [ -70.648289, -33.478643 ], [ -70.6482894, -33.4787392 ] ] } },
{ "type": "Feature", "properties": { "highway": "footway", "name": null, "length_m": 9.9447336478149779, "jerarquia": 1, "IPI": 0.15763242329875971, "prioridad": "Baja", "intervencion": "Bacheo puntual", "costo_estimado_clp": 25060.728792493741, "costo_mclp": 0.0251, "ipi_rank": 2 }, "geometry": { "type": "LineString", "coordinates": [ [ -70.6484135, -33.4787241 ], [ -70.6484105, -33.4786347 ] ] } },
{ "type": "Feature", "properties": { "highway": "footway", "name": null, "length_m": 9.9447336478149779, "jerarquia": 1, "IPI": 0.15763242329875971, "prioridad": "Baja", "intervencion": "Bacheo puntual", "costo_estimado_clp": 25060.728792493741, "costo_mclp": 0.0251, "ipi_rank": 2 }, "geometry": { "type": "LineString", "coordinates": [ [ -70.6484105, -33.4786347 ], [ -70.6484135, -33.4787241 ] ] } },
{ "type": "Feature", "properties": { "highway": "primary", "name": "Orán", "length_m": 134.1713584533951, "jerarquia": 4, "IPI": 0.60990988034740101, "prioridad": "Muy alta", "intervencion": "Repavimentación + señalización + iluminación", "costo_estimado_clp": 8452795.5825638901, "costo_mclp": 8.4528, "ipi_rank": 5 }, "geometry": { "type": "LineString", "coordinates": [ [ -70.650512, -33.4784316 ], [ -70.650396, -33.4784613 ], [ -70.6503182, -33.478492 ], [ -70.6502625, -33.478515 ], [ -70.6501968, -33.4785517 ], [ -70.6501345, -33.4785922 ], [ -70.6500668, -33.4786436 ], [ -70.6500044, -33.4786995 ], [ -70.6495001, -33.4792152 ], [ -70.6494755, -33.4792394 ] ] } },
{ "type": "Feature", "properties": { "highway": "tertiary", "name": "Euclides", "length_m": 25.026461817559124, "jerarquia": 2, "IPI": 0.30231985310308557, "prioridad": "Muy alta", "intervencion": "Repavimentación + señalización + iluminación", "costo_estimado_clp": 1576667.0945062249, "costo_mclp": 1.5767, "ipi_rank": 5 }, "geometry": { "type": "LineString", "coordinates": [ [ -70.650238, -33.4784593 ], [ -70.6499721, -33.4784976 ] ] } },
{ "type": "Feature", "properties": { "highway": "tertiary", "name": "Euclides", "length_m": 25.602841995995917, "jerarquia": 2, "IPI": 0.31721907676979055, "prioridad": "Muy alta", "intervencion": "Repavimentación + señalización + iluminación", "costo_estimado_clp": 1612979.0457477428, "costo_mclp": 1.613, "ipi_rank": 5 }, "geometry": { "type": "LineString", "coordinates": [ [ -70.650512, -33.4784316 ], [ -70.6503745, -33.4784437 ], [ -70.6502971, -33.4784518 ], [ -70.650238, -33.4784593 ] ] } },
{ "type": "Feature", "properties": { "highway": "service", "name": null, "length_m": 9.4112365804062819, "jerarquia": 1, "IPI": 0.15517749510687248, "prioridad": "Baja", "intervencion": "Bacheo puntual", "costo_estimado_clp": 23716.316182623828, "costo_mclp": 0.0237, "ipi_rank": 2 }, "geometry": { "type": "LineString", "coordinates": [ [ -70.650238, -33.4784593 ], [ -70.6502302, -33.4783957 ], [ -70.6502277, -33.4783751 ] ] } },
{ "type": "Feature", "properties": { "highway": "service", "name": null, "length_m": 9.4112365804062819, "jerarquia": 1, "IPI": 0.15517749510687248, "prioridad": "Baja", "intervencion": "Bacheo puntual", "costo_estimado_clp": 23716.316182623828, "costo_mclp": 0.0237, "ipi_rank": 2 }, "geometry": { "type": "LineString", "coordinates": [ [ -70.6502277, -33.4783751 ], [ -70.6502302, -33.4783957 ], [ -70.650238, -33.4784593 ] ] } },
{ "type": "Feature", "properties": { "highway": "service", "name": null, "length_m": 5.6834611000279995, "jerarquia": 1, "IPI": 0.1364419105064639, "prioridad": "Muy baja", "intervencion": "Mantención preventiva", "costo_estimado_clp": 4774.1073240235201, "costo_mclp": 0.0048, "ipi_rank": 1 }, "geometry": { "type": "LineString", "coordinates": [ [ -70.6502515, -33.478328 ], [ -70.6502277, -33.4783751 ] ] } },
{ "type": "Feature", "properties": { "highway": "service", "name": null, "length_m": 5.6834611000279995, "jerarquia": 1, "IPI": 0.1364419105064639, "prioridad": "Muy baja", "intervencion": "Mantención preventiva", "costo_estimado_clp": 4774.1073240235201, "costo_mclp": 0.0048, "ipi_rank": 1 }, "geometry": { "type": "LineString", "coordinates": [ [ -70.6502277, -33.4783751 ], [ -70.6502515, -33.478328 ] ] } },
{ "type": "Feature", "properties": { "highway": "service", "name": null, "length_m": 18.016266168251224, "jerarquia": 1, "IPI": 0.14138822851805774, "prioridad": "Muy baja", "intervencion": "Mantención preventiva", "costo_estimado_clp": 15133.663581331028, "costo_mclp": 0.0151, "ipi_rank": 1 }, "geometry": { "type": "LineString", "coordinates": [ [ -70.6502277, -33.4783751 ], [ -70.6501935, -33.4783354 ], [ -70.6501727, -33.4782236 ] ] } },
{ "type": "Feature", "properties": { "highway": "service", "name": null, "length_m": 18.016266168251224, "jerarquia": 1, "IPI": 0.14138822851805774, "prioridad": "Muy baja", "intervencion": "Mantención preventiva", "costo_estimado_clp": 15133.663581331028, "costo_mclp": 0.0151, "ipi_rank": 1 }, "geometry": { "type": "LineString", "coordinates": [ [ -70.6501727, -33.4782236 ], [ -70.6501935, -33.4783354 ], [ -70.6502277, -33.4783751 ] ] } },
{ "type": "Feature", "properties": { "highway": "service", "name": null, "length_m": 45.104425768474513, "jerarquia": 1, "IPI": 0.16601636018859489, "prioridad": "Media", "intervencion": "Señalización + bacheo puntual", "costo_estimado_clp": 378877.17645518592, "costo_mclp": 0.3789, "ipi_rank": 3 }, "geometry": { "type": "LineString", "coordinates": [ [ -70.6499721, -33.4784976 ], [ -70.6499617, -33.4784275 ], [ -70.6499072, -33.4780956 ] ] } },
{ "type": "Feature", "properties": { "highway": "tertiary", "name": "Homero", "length_m": 73.241628620315751, "jerarquia": 2, "IPI": 0.30931511061819933, "prioridad": "Muy alta", "intervencion": "Repavimentación + señalización + iluminación", "costo_estimado_clp": 4614222.6030798927, "costo_mclp": 4.6142, "ipi_rank": 5 }, "geometry": { "type": "LineString", "coordinates": [ [ -70.6493724, -33.478584 ], [ -70.6493711, -33.4786458 ], [ -70.6493637, -33.4792164 ], [ -70.6493653, -33.4792426 ] ] } },
{ "type": "Feature", "properties": { "highway": "tertiary", "name": "Euclides", "length_m": 52.296109038969277, "jerarquia": 2, "IPI": 0.31043816298226429, "prioridad": "Muy alta", "intervencion": "Repavimentación + señalización + iluminación", "costo_estimado_clp": 3294654.8694550642, "costo_mclp": 3.2947, "ipi_rank": 5 }, "geometry": { "type": "LineString", "coordinates": [ [ -70.6493724, -33.478584 ], [ -70.648924, -33.4786477 ], [ -70.6488167, -33.4786637 ] ] } },
{ "type": "Feature", "properties": { "highway": "tertiary", "name": "Euclides", "length_m": 56.444002937871808, "jerarquia": 2, "IPI": 0.31538945224053039, "prioridad": "Muy alta", "intervencion": "Repavimentación + señalización + iluminación", "costo_estimado_clp": 3555972.1850859239, "costo_mclp": 3.556, "ipi_rank": 5 }, "geometry": { "type": "LineString", "coordinates": [ [ -70.6499721, -33.4784976 ], [ -70.6494543, -33.4785723 ], [ -70.6493724, -33.478584 ] ] } },
{ "type": "Feature", "properties": { "highway": "residential", "name": "Llano Subercaseaux", "length_m": 126.8409493495615, "jerarquia": 1, "IPI": 0.21137832876337195, "prioridad": "Alta", "intervencion": "Repavimentación + señalización", "costo_estimado_clp": 7547036.4862989094, "costo_mclp": 7.547, "ipi_rank": 4 }, "geometry": { "type": "LineString", "coordinates": [ [ -70.6490166, -33.4775435 ], [ -70.648874, -33.4780523 ], [ -70.6488168, -33.4782219 ], [ -70.6488127, -33.4782927 ], [ -70.6488094, -33.4783967 ], [ -70.6488155, -33.4785541 ], [ -70.6488158, -33.4785843 ], [ -70.6488167, -33.4786637 ] ] } },
{ "type": "Feature", "properties": { "highway": "tertiary", "name": "Homero", "length_m": 114.82255048182797, "jerarquia": 2, "IPI": 0.33909462024742809, "prioridad": "Muy alta", "intervencion": "Repavimentación + señalización + iluminación", "costo_estimado_clp": 7233820.6803551624, "costo_mclp": 7.2338, "ipi_rank": 5 }, "geometry": { "type": "LineString", "coordinates": [ [ -70.6493981, -33.4775516 ], [ -70.6493745, -33.4784972 ], [ -70.6493739, -33.4785228 ], [ -70.6493724, -33.478584 ] ] } },
{ "type": "Feature", "properties": { "highway": "tertiary", "name": "Homero", "length_m": 114.82255048182797, "jerarquia": 2, "IPI": 0.33909462024742831, "prioridad": "Muy alta", "intervencion": "Repavimentación + señalización + iluminación", "costo_estimado_clp": 7233820.6803551624, "costo_mclp": 7.2338, "ipi_rank": 5 }, "geometry": { "type": "LineString", "coordinates": [ [ -70.6493724, -33.478584 ], [ -70.6493739, -33.4785228 ], [ -70.6493745, -33.4784972 ], [ -70.6493981, -33.4775516 ] ] } },
{ "type": "Feature", "properties": { "highway": "service", "name": null, "length_m": 82.927951308168318, "jerarquia": 1, "IPI": 0.18147061290499283, "prioridad": "Media", "intervencion": "Señalización + bacheo puntual", "costo_estimado_clp": 696594.79098861385, "costo_mclp": 0.6966, "ipi_rank": 3 }, "geometry": { "type": "LineString", "coordinates": [ [ -70.6492687, -33.4781828 ], [ -70.6491514, -33.478169 ], [ -70.6491198, -33.4781624 ], [ -70.6490953, -33.4781347 ], [ -70.6490764, -33.4779925 ], [ -70.6490633, -33.4778516 ], [ -70.6491099, -33.477649 ], [ -70.6491313, -33.477556 ] ] } },
{ "type": "Feature", "properties": { "highway": "service", "name": null, "length_m": 82.927951308168304, "jerarquia": 1, "IPI": 0.18147061290508279, "prioridad": "Media", "intervencion": "Señalización + bacheo puntual", "costo_estimado_clp": 696594.79098861373, "costo_mclp": 0.6966, "ipi_rank": 3 }, "geometry": { "type": "LineString", "coordinates": [ [ -70.6491313, -33.477556 ], [ -70.6491099, -33.477649 ], [ -70.6490633, -33.4778516 ], [ -70.6490764, -33.4779925 ], [ -70.6490953, -33.4781347 ], [ -70.6491198, -33.4781624 ], [ -70.6491514, -33.478169 ], [ -70.6492687, -33.4781828 ] ] } },
{ "type": "Feature", "properties": { "highway": "tertiary", "name": "Milán", "length_m": 24.750013389453322, "jerarquia": 2, "IPI": 0.30458379559724214, "prioridad": "Muy alta", "intervencion": "Repavimentación + señalización + iluminación", "costo_estimado_clp": 1559250.843535559, "costo_mclp": 1.5593, "ipi_rank": 5 }, "geometry": { "type": "LineString", "coordinates": [ [ -70.6491313, -33.477556 ], [ -70.6493981, -33.4775516 ] ] } },
{ "type": "Feature", "properties": { "highway": "tertiary", "name": "Milán", "length_m": 10.766461256423378, "jerarquia": 2, "IPI": 0.30014125386349455, "prioridad": "Muy alta", "intervencion": "Repavimentación + señalización + iluminación", "costo_estimado_clp": 678287.05915467278, "costo_mclp": 0.6783, "ipi_rank": 5 }, "geometry": { "type": "LineString", "coordinates": [ [ -70.6490166, -33.4775435 ], [ -70.6490696, -33.477553 ], [ -70.6491159, -33.4775563 ], [ -70.6491313, -33.477556 ] ] } },
{ "type": "Feature", "properties": { "highway": "footway", "name": null, "length_m": 13.863519394366202, "jerarquia": 1, "IPI": 0.28385921157917232, "prioridad": "Alta", "intervencion": "Repavimentación + señalización", "costo_estimado_clp": 824879.403964789, "costo_mclp": 0.8249, "ipi_rank": 4 }, "geometry": { "type": "LineString", "coordinates": [ [ -70.648289, -33.478643 ], [ -70.6481396, -33.478647 ] ] } },
{ "type": "Feature", "properties": { "highway": "footway", "name": null, "length_m": 13.863519394366202, "jerarquia": 1, "IPI": 0.28385921157917232, "prioridad": "Alta", "intervencion": "Repavimentación + señalización", "costo_estimado_clp": 824879.403964789, "costo_mclp": 0.8249, "ipi_rank": 4 }, "geometry": { "type": "LineString", "coordinates": [ [ -70.6481396, -33.478647 ], [ -70.648289, -33.478643 ] ] } },
{ "type": "Feature", "properties": { "highway": "footway", "name": null, "length_m": 11.306476472200094, "jerarquia": 1, "IPI": 0.19896482460451675, "prioridad": "Media", "intervencion": "Señalización + bacheo puntual", "costo_estimado_clp": 94974.40236648079, "costo_mclp": 0.095, "ipi_rank": 3 }, "geometry": { "type": "LineString", "coordinates": [ [ -70.648289, -33.478643 ], [ -70.6484105, -33.4786347 ] ] } },
{ "type": "Feature", "properties": { "highway": "footway", "name": null, "length_m": 11.306476472200094, "jerarquia": 1, "IPI": 0.19896482460451675, "prioridad": "Media", "intervencion": "Señalización + bacheo puntual", "costo_estimado_clp": 94974.40236648079, "costo_mclp": 0.095, "ipi_rank": 3 }, "geometry": { "type": "LineString", "coordinates": [ [ -70.6484105, -33.4786347 ], [ -70.648289, -33.478643 ] ] } },
{ "type": "Feature", "properties": { "highway": "primary", "name": "Gran Avenida José Miguel Carrera", "length_m": 105.6879258967323, "jerarquia": 4, "IPI": 0.75067663543379359, "prioridad": "Muy alta", "intervencion": "Repavimentación + señalización + iluminación", "costo_estimado_clp": 6658339.3314941349, "costo_mclp": 6.6583, "ipi_rank": 5 }, "geometry": { "type": "LineString", "coordinates": [ [ -70.6481396, -33.478647 ], [ -70.648161, -33.4777263 ], [ -70.648161, -33.4776967 ] ] } },
{ "type": "Feature", "properties": { "highway": "primary", "name": "Gran Avenida José Miguel Carrera", "length_m": 105.88293643520018, "jerarquia": 4, "IPI": 0.65631564740693493, "prioridad": "Muy alta", "intervencion": "Repavimentación + señalización + iluminación", "costo_estimado_clp": 6670624.9954176107, "costo_mclp": 6.6706, "ipi_rank": 5 }, "geometry": { "type": "LineString", "coordinates": [ [ -70.6482973, -33.4776908 ], [ -70.6482889, -33.4786111 ], [ -70.648289, -33.478643 ] ] } },
{ "type": "Feature", "properties": { "highway": "footway", "name": null, "length_m": 150.01450351037155, "jerarquia": 1, "IPI": 0.19916584670973836, "prioridad": "Media", "intervencion": "Señalización + bacheo puntual", "costo_estimado_clp": 1260121.8294871212, "costo_mclp": 1.2601, "ipi_rank": 3 }, "geometry": { "type": "LineString", "coordinates": [ [ -70.6483699, -33.4776894 ], [ -70.6485223, -33.4776523 ], [ -70.6486665, -33.4776268 ], [ -70.6486835, -33.4777862 ], [ -70.6486685, -33.4780735 ], [ -70.6485367, -33.4781799 ], [ -70.6484116, -33.4783027 ], [ -70.6484105, -33.4786347 ] ] } },
{ "type": "Feature", "properties": { "highway": "footway", "name": null, "length_m": 150.01450351037158, "jerarquia": 1, "IPI": 0.19916584670973836, "prioridad": "Media", "intervencion": "Señalización + bacheo puntual", "costo_estimado_clp": 1260121.8294871214, "costo_mclp": 1.2601, "ipi_rank": 3 }, "geometry": { "type": "LineString", "coordinates": [ [ -70.6484105, -33.4786347 ], [ -70.6484116, -33.4783027 ], [ -70.6485367, -33.4781799 ], [ -70.6486685, -33.4780735 ], [ -70.6486835, -33.4777862 ], [ -70.6486665, -33.4776268 ], [ -70.6485223, -33.4776523 ], [ -70.6483699, -33.4776894 ] ] } },
{ "type": "Feature", "properties": { "highway": "footway", "name": null, "length_m": 12.658549352582696, "jerarquia": 1, "IPI": 0.28974721643770662, "prioridad": "Alta", "intervencion": "Repavimentación + señalización", "costo_estimado_clp": 753183.68647867045, "costo_mclp": 0.7532, "ipi_rank": 4 }, "geometry": { "type": "LineString", "coordinates": [ [ -70.6482973, -33.4776908 ], [ -70.648161, -33.4776967 ] ] } },
{ "type": "Feature", "properties": { "highway": "footway", "name": null, "length_m": 12.658549352582696, "jerarquia": 1, "IPI": 0.28974721643770662, "prioridad": "Alta", "intervencion": "Repavimentación + señalización", "costo_estimado_clp": 753183.68647867045, "costo_mclp": 0.7532, "ipi_rank": 4 }, "geometry": { "type": "LineString", "coordinates": [ [ -70.648161, -33.4776967 ], [ -70.6482973, -33.4776908 ] ] } },
{ "type": "Feature", "properties": { "highway": "service", "name": null, "length_m": 45.104425768474513, "jerarquia": 1, "IPI": 0.16601636018859489, "prioridad": "Media", "intervencion": "Señalización + bacheo puntual", "costo_estimado_clp": 378877.17645518592, "costo_mclp": 0.3789, "ipi_rank": 3 }, "geometry": { "type": "LineString", "coordinates": [ [ -70.6499072, -33.4780956 ], [ -70.6499617, -33.4784275 ], [ -70.6499721, -33.4784976 ] ] } },
{ "type": "Feature", "properties": { "highway": "service", "name": null, "length_m": 71.954763939654072, "jerarquia": 1, "IPI": 0.15935355325124378, "prioridad": "Baja", "intervencion": "Bacheo puntual", "costo_estimado_clp": 181326.00512792825, "costo_mclp": 0.1813, "ipi_rank": 2 }, "geometry": { "type": "LineString", "coordinates": [ [ -70.6502515, -33.478328 ], [ -70.6502216, -33.478138 ], [ -70.650235, -33.47812 ], [ -70.6503531, -33.4781072 ], [ -70.6503721, -33.4781187 ], [ -70.6504013, -33.4782996 ], [ -70.6503872, -33.4783143 ], [ -70.6502515, -33.478328 ] ] } },
{ "type": "Feature", "properties": { "highway": "service", "name": null, "length_m": 71.954763939654072, "jerarquia": 1, "IPI": 0.15935355325132622, "prioridad": "Baja", "intervencion": "Bacheo puntual", "costo_estimado_clp": 181326.00512792825, "costo_mclp": 0.1813, "ipi_rank": 2 }, "geometry": { "type": "LineString", "coordinates": [ [ -70.6502515, -33.478328 ], [ -70.6503872, -33.4783143 ], [ -70.6504013, -33.4782996 ], [ -70.6503721, -33.4781187 ], [ -70.6503531, -33.4781072 ], [ -70.650235, -33.47812 ], [ -70.6502216, -33.478138 ], [ -70.6502515, -33.478328 ] ] } },
{ "type": "Feature", "properties": { "highway": "residential", "name": "Milán", "length_m": 9.8239387477443643, "jerarquia": 1, "IPI": 0.16684025728807067, "prioridad": "Media", "intervencion": "Señalización + bacheo puntual", "costo_estimado_clp": 82521.085481052665, "costo_mclp": 0.0825, "ipi_rank": 3 }, "geometry": { "type": "LineString", "coordinates": [ [ -70.6499193, -33.4775236 ], [ -70.650025, -33.4775179 ] ] } },
{ "type": "Feature", "properties": { "highway": "residential", "name": "Milán", "length_m": 114.25611975997809, "jerarquia": 1, "IPI": 0.20899726711713024, "prioridad": "Alta", "intervencion": "Repavimentación + señalización", "costo_estimado_clp": 6798239.125718696, "costo_mclp": 6.7982, "ipi_rank": 4 }, "geometry": { "type": "LineString", "coordinates": [ [ -70.650025, -33.4775179 ], [ -70.6511222, -33.4774568 ], [ -70.6512086, -33.4774542 ], [ -70.6512543, -33.4774517 ] ] } },
{ "type": "Feature", "properties": { "highway": "service", "name": null, "length_m": 27.946484660114152, "jerarquia": 1, "IPI": 0.1607396623555746, "prioridad": "Baja", "intervencion": "Bacheo puntual", "costo_estimado_clp": 70425.141343487659, "costo_mclp": 0.0704, "ipi_rank": 2 }, "geometry": { "type": "LineString", "coordinates": [ [ -70.6500238, -33.4772666 ], [ -70.6500231, -33.4774724 ], [ -70.650025, -33.4775179 ] ] } },
{ "type": "Feature", "properties": { "highway": "service", "name": null, "length_m": 27.946484660114152, "jerarquia": 1, "IPI": 0.1607396623555746, "prioridad": "Baja", "intervencion": "Bacheo puntual", "costo_estimado_clp": 70425.141343487659, "costo_mclp": 0.0704, "ipi_rank": 2 }, "geometry": { "type": "LineString", "coordinates": [ [ -70.650025, -33.4775179 ], [ -70.6500231, -33.4774724 ], [ -70.6500238, -33.4772666 ] ] } },
{ "type": "Feature", "properties": { "highway": "service", "name": null, "length_m": 37.414000046902167, "jerarquia": 1, "IPI": 0.16469416162201664, "prioridad": "Baja", "intervencion": "Bacheo puntual", "costo_estimado_clp": 94283.280118193448, "costo_mclp": 0.0943, "ipi_rank": 2 }, "geometry": { "type": "LineString", "coordinates": [ [ -70.6499193, -33.4775236 ], [ -70.6499165, -33.4774713 ], [ -70.6499125, -33.4771872 ] ] } },
{ "type": "Feature", "properties": { "highway": "service", "name": null, "length_m": 37.414000046902167, "jerarquia": 1, "IPI": 0.16469416162201664, "prioridad": "Baja", "intervencion": "Bacheo puntual", "costo_estimado_clp": 94283.280118193448, "costo_mclp": 0.0943, "ipi_rank": 2 }, "geometry": { "type": "LineString", "coordinates": [ [ -70.6499125, -33.4771872 ], [ -70.6499165, -33.4774713 ], [ -70.6499193, -33.4775236 ] ] } },
{ "type": "Feature", "properties": { "highway": "primary", "name": "Avenida Isabel Riquelme", "length_m": 180.35263715439609, "jerarquia": 4, "IPI": 0.60572094474847871, "prioridad": "Muy alta", "intervencion": "Repavimentación + señalización + iluminación", "costo_estimado_clp": 11362216.140726954, "costo_mclp": 11.3622, "ipi_rank": 5 }, "geometry": { "type": "LineString", "coordinates": [ [ -70.6493159, -33.4771978 ], [ -70.6494521, -33.4771301 ], [ -70.6495444, -33.477091 ], [ -70.6496376, -33.4770616 ], [ -70.6497212, -33.4770429 ], [ -70.6498304, -33.4770263 ], [ -70.6500019, -33.4770094 ], [ -70.6512137, -33.4769733 ] ] } },
{ "type": "Feature", "properties": { "highway": "footway", "name": null, "length_m": 6.735296394097035, "jerarquia": 1, "IPI": 0.18452487803863454, "prioridad": "Media", "intervencion": "Señalización + bacheo puntual", "costo_estimado_clp": 56576.489710415095, "costo_mclp": 0.0566, "ipi_rank": 3 }, "geometry": { "type": "LineString", "coordinates": [ [ -70.6483699, -33.4776894 ], [ -70.6482973, -33.4776908 ] ] } },
{ "type": "Feature", "properties": { "highway": "footway", "name": null, "length_m": 6.735296394097035, "jerarquia": 1, "IPI": 0.18452487803863454, "prioridad": "Media", "intervencion": "Señalización + bacheo puntual", "costo_estimado_clp": 56576.489710415095, "costo_mclp": 0.0566, "ipi_rank": 3 }, "geometry": { "type": "LineString", "coordinates": [ [ -70.6482973, -33.4776908 ], [ -70.6483699, -33.4776894 ] ] } },
{ "type": "Feature", "properties": { "highway": "footway", "name": null, "length_m": 14.568672035111074, "jerarquia": 1, "IPI": 0.2625031577962666, "prioridad": "Alta", "intervencion": "Repavimentación + señalización", "costo_estimado_clp": 866835.98608910886, "costo_mclp": 0.8668, "ipi_rank": 4 }, "geometry": { "type": "LineString", "coordinates": [ [ -70.6480668, -33.4776469 ], [ -70.6480678, -33.4777001 ], [ -70.648161, -33.4776967 ] ] } },
{ "type": "Feature", "properties": { "highway": "footway", "name": null, "length_m": 14.568672035111074, "jerarquia": 1, "IPI": 0.2625031577962666, "prioridad": "Alta", "intervencion": "Repavimentación + señalización", "costo_estimado_clp": 866835.98608910886, "costo_mclp": 0.8668, "ipi_rank": 4 }, "geometry": { "type": "LineString", "coordinates": [ [ -70.648161, -33.4776967 ], [ -70.6480678, -33.4777001 ], [ -70.6480668, -33.4776469 ] ] } },
{ "type": "Feature", "properties": { "highway": "primary", "name": "Gran Avenida José Miguel Carrera", "length_m": 5.8155102741836036, "jerarquia": 4, "IPI": 0.71702380478517014, "prioridad": "Muy alta", "intervencion": "Repavimentación + señalización + iluminación", "costo_estimado_clp": 366377.14727356704, "costo_mclp": 0.3664, "ipi_rank": 5 }, "geometry": { "type": "LineString", "coordinates": [ [ -70.648161, -33.4776967 ], [ -70.6481609, -33.4776444 ] ] } },
{ "type": "Feature", "properties": { "highway": "primary", "name": "Gran Avenida José Miguel Carrera", "length_m": 6.6829854307178591, "jerarquia": 4, "IPI": 0.6222943098828102, "prioridad": "Muy alta", "intervencion": "Repavimentación + señalización + iluminación", "costo_estimado_clp": 421028.08213522518, "costo_mclp": 0.421, "ipi_rank": 5 }, "geometry": { "type": "LineString", "coordinates": [ [ -70.6482978, -33.4776307 ], [ -70.6482973, -33.4776908 ] ] } },
{ "type": "Feature", "properties": { "highway": "footway", "name": null, "length_m": 8.1174318634045548, "jerarquia": 1, "IPI": 0.16471907087361365, "prioridad": "Baja", "intervencion": "Bacheo puntual", "costo_estimado_clp": 20455.928295779475, "costo_mclp": 0.0205, "ipi_rank": 2 }, "geometry": { "type": "LineString", "coordinates": [ [ -70.6483693, -33.4776164 ], [ -70.6483699, -33.4776894 ] ] } },
{ "type": "Feature", "properties": { "highway": "footway", "name": null, "length_m": 8.1174318634045548, "jerarquia": 1, "IPI": 0.16471907087361365, "prioridad": "Baja", "intervencion": "Bacheo puntual", "costo_estimado_clp": 20455.928295779475, "costo_mclp": 0.0205, "ipi_rank": 2 }, "geometry": { "type": "LineString", "coordinates": [ [ -70.6483699, -33.4776894 ], [ -70.6483693, -33.4776164 ] ] } },
{ "type": "Feature", "properties": { "highway": "primary", "name": "Avenida Carlos Silva Vildósola", "length_m": 41.245484360970515, "jerarquia": 4, "IPI": 0.56831176465232325, "prioridad": "Muy alta", "intervencion": "Repavimentación + señalización + iluminación", "costo_estimado_clp": 2598465.5147411427, "costo_mclp": 2.5985, "ipi_rank": 5 }, "geometry": { "type": "LineString", "coordinates": [ [ -70.6476222, -33.47765 ], [ -70.6480303, -33.4776492 ], [ -70.6480668, -33.4776469 ] ] } },
{ "type": "Feature", "properties": { "highway": "primary", "name": "Avenida Carlos Silva Vildósola", "length_m": 8.7320073739370798, "jerarquia": 4, "IPI": 0.63267085380567334, "prioridad": "Muy alta", "intervencion": "Repavimentación + señalización + iluminación", "costo_estimado_clp": 550116.46455803607, "costo_mclp": 0.5501, "ipi_rank": 5 }, "geometry": { "type": "LineString", "coordinates": [ [ -70.6480668, -33.4776469 ], [ -70.6481609, -33.4776444 ] ] } },
{ "type": "Feature", "properties": { "highway": "footway", "name": null, "length_m": 19.556740902140859, "jerarquia": 1, "IPI": 0.16778512622807817, "prioridad": "Media", "intervencion": "Señalización + bacheo puntual", "costo_estimado_clp": 164276.62357798321, "costo_mclp": 0.1643, "ipi_rank": 3 }, "geometry": { "type": "LineString", "coordinates": [ [ -70.6543227, -33.4775553 ], [ -70.6544326, -33.4777054 ] ] } },
{ "type": "Feature", "properties": { "highway": "footway", "name": null, "length_m": 19.556740902140859, "jerarquia": 1, "IPI": 0.16778512622807817, "prioridad": "Media", "intervencion": "Señalización + bacheo puntual", "costo_estimado_clp": 164276.62357798321, "costo_mclp": 0.1643, "ipi_rank": 3 }, "geometry": { "type": "LineString", "coordinates": [ [ -70.6544326, -33.4777054 ], [ -70.6543227, -33.4775553 ] ] } },
{ "type": "Feature", "properties": { "highway": "footway", "name": null, "length_m": 16.090187596268517, "jerarquia": 1, "IPI": 0.14880814159766359, "prioridad": "Baja", "intervencion": "Bacheo puntual", "costo_estimado_clp": 40547.272742596659, "costo_mclp": 0.0405, "ipi_rank": 2 }, "geometry": { "type": "LineString", "coordinates": [ [ -70.6543227, -33.4775553 ], [ -70.654193, -33.4776514 ] ] } },
{ "type": "Feature", "properties": { "highway": "footway", "name": null, "length_m": 16.090187596268517, "jerarquia": 1, "IPI": 0.14880814159766359, "prioridad": "Baja", "intervencion": "Bacheo puntual", "costo_estimado_clp": 40547.272742596659, "costo_mclp": 0.0405, "ipi_rank": 2 }, "geometry": { "type": "LineString", "coordinates": [ [ -70.654193, -33.4776514 ], [ -70.6543227, -33.4775553 ] ] } },
{ "type": "Feature", "properties": { "highway": "footway", "name": null, "length_m": 34.035394985351282, "jerarquia": 1, "IPI": 0.15387109628163725, "prioridad": "Baja", "intervencion": "Bacheo puntual", "costo_estimado_clp": 85769.195363085237, "costo_mclp": 0.0858, "ipi_rank": 2 }, "geometry": { "type": "LineString", "coordinates": [ [ -70.6544952, -33.4774471 ], [ -70.6545245, -33.4774819 ], [ -70.6545424, -33.4775234 ], [ -70.6545463, -33.4775674 ], [ -70.6545359, -33.4776106 ], [ -70.654512, -33.4776499 ], [ -70.6544768, -33.4776822 ], [ -70.6544326, -33.4777054 ] ] } },
{ "type": "Feature", "properties": { "highway": "footway", "name": null, "length_m": 34.035394985351282, "jerarquia": 1, "IPI": 0.15387109628163453, "prioridad": "Baja", "intervencion": "Bacheo puntual", "costo_estimado_clp": 85769.195363085237, "costo_mclp": 0.0858, "ipi_rank": 2 }, "geometry": { "type": "LineString", "coordinates": [ [ -70.6544326, -33.4777054 ], [ -70.6544768, -33.4776822 ], [ -70.654512, -33.4776499 ], [ -70.6545359, -33.4776106 ], [ -70.6545463, -33.4775674 ], [ -70.6545424, -33.4775234 ], [ -70.6545245, -33.4774819 ], [ -70.6544952, -33.4774471 ] ] } },
{ "type": "Feature", "properties": { "highway": "footway", "name": null, "length_m": 22.077206382813198, "jerarquia": 1, "IPI": 0.15050224391056133, "prioridad": "Baja", "intervencion": "Bacheo puntual", "costo_estimado_clp": 55634.560084689263, "costo_mclp": 0.0556, "ipi_rank": 2 }, "geometry": { "type": "LineString", "coordinates": [ [ -70.6541902, -33.4774644 ], [ -70.6541656, -33.4775069 ], [ -70.654156, -33.4775613 ], [ -70.6541637, -33.4776025 ], [ -70.654193, -33.4776514 ] ] } },
{ "type": "Feature", "properties": { "highway": "footway", "name": null, "length_m": 22.077206382813198, "jerarquia": 1, "IPI": 0.15050224391056133, "prioridad": "Baja", "intervencion": "Bacheo puntual", "costo_estimado_clp": 55634.560084689263, "costo_mclp": 0.0556, "ipi_rank": 2 }, "geometry": { "type": "LineString", "coordinates": [ [ -70.654193, -33.4776514 ], [ -70.6541637, -33.4776025 ], [ -70.654156, -33.4775613 ], [ -70.6541656, -33.4775069 ], [ -70.6541902, -33.4774644 ] ] } },
{ "type": "Feature", "properties": { "highway": "footway", "name": null, "length_m": 15.911843240319907, "jerarquia": 1, "IPI": 0.16542502999643124, "prioridad": "Baja", "intervencion": "Bacheo puntual", "costo_estimado_clp": 40097.844965606164, "costo_mclp": 0.0401, "ipi_rank": 2 }, "geometry": { "type": "LineString", "coordinates": [ [ -70.6541902, -33.4774644 ], [ -70.6543227, -33.4775553 ] ] } },
{ "type": "Feature", "properties": { "highway": "footway", "name": null, "length_m": 15.911843240319907, "jerarquia": 1, "IPI": 0.16542502999643124, "prioridad": "Baja", "intervencion": "Bacheo puntual", "costo_estimado_clp": 40097.844965606164, "costo_mclp": 0.0401, "ipi_rank": 2 }, "geometry": { "type": "LineString", "coordinates": [ [ -70.6543227, -33.4775553 ], [ -70.6541902, -33.4774644 ] ] } },
{ "type": "Feature", "properties": { "highway": "footway", "name": null, "length_m": 25.951663627889694, "jerarquia": 1, "IPI": 0.13688091827444424, "prioridad": "Muy baja", "intervencion": "Mantención preventiva", "costo_estimado_clp": 21799.397447427342, "costo_mclp": 0.0218, "ipi_rank": 1 }, "geometry": { "type": "LineString", "coordinates": [ [ -70.654193, -33.4776514 ], [ -70.6541213, -33.4777055 ], [ -70.654008, -33.4778255 ] ] } },
{ "type": "Feature", "properties": { "highway": "footway", "name": null, "length_m": 25.951663627889694, "jerarquia": 1, "IPI": 0.13688091827444424, "prioridad": "Muy baja", "intervencion": "Mantención preventiva", "costo_estimado_clp": 21799.397447427342, "costo_mclp": 0.0218, "ipi_rank": 1 }, "geometry": { "type": "LineString", "coordinates": [ [ -70.654008, -33.4778255 ], [ -70.6541213, -33.4777055 ], [ -70.654193, -33.4776514 ] ] } },
{ "type": "Feature", "properties": { "highway": "tertiary", "name": "San Ignacio de Loyola", "length_m": 46.932936556147453, "jerarquia": 2, "IPI": 0.30410402076686671, "prioridad": "Muy alta", "intervencion": "Repavimentación + señalización + iluminación", "costo_estimado_clp": 2956775.0030372893, "costo_mclp": 2.9568, "ipi_rank": 5 }, "geometry": { "type": "LineString", "coordinates": [ [ -70.6539332, -33.4774014 ], [ -70.6539189, -33.4775512 ], [ -70.6538972, -33.4778224 ] ] } },
{ "type": "Feature", "properties": { "highway": "primary", "name": "Euclides", "length_m": 48.925459542990026, "jerarquia": 4, "IPI": 0.55931698131313623, "prioridad": "Muy alta", "intervencion": "Repavimentación + señalización + iluminación", "costo_estimado_clp": 3082303.9512083712, "costo_mclp": 3.0823, "ipi_rank": 5 }, "geometry": { "type": "LineString", "coordinates": [ [ -70.6537595, -33.4773376 ], [ -70.6537055, -33.4773571 ], [ -70.6536535, -33.4773801 ], [ -70.6535903, -33.4774145 ], [ -70.6535315, -33.477454 ], [ -70.6533451, -33.4776038 ] ] } },
{ "type": "Feature", "properties": { "highway": "footway", "name": null, "length_m": 16.273038016210549, "jerarquia": 1, "IPI": 0.16502541351473246, "prioridad": "Baja", "intervencion": "Bacheo puntual", "costo_estimado_clp": 41008.055800850583, "costo_mclp": 0.041, "ipi_rank": 2 }, "geometry": { "type": "LineString", "coordinates": [ [ -70.6540357, -33.4774042 ], [ -70.6541073, -33.4774134 ], [ -70.6541902, -33.4774644 ] ] } },
{ "type": "Feature", "properties": { "highway": "footway", "name": null, "length_m": 9.5117876369712313, "jerarquia": 1, "IPI": 0.16865638169580632, "prioridad": "Media", "intervencion": "Señalización + bacheo puntual", "costo_estimado_clp": 79899.016150558338, "costo_mclp": 0.0799, "ipi_rank": 3 }, "geometry": { "type": "LineString", "coordinates": [ [ -70.6539332, -33.4774014 ], [ -70.6540357, -33.4774042 ] ] } },
{ "type": "Feature", "properties": { "highway": "footway", "name": null, "length_m": 9.5117876369712313, "jerarquia": 1, "IPI": 0.16865638169580632, "prioridad": "Media", "intervencion": "Señalización + bacheo puntual", "costo_estimado_clp": 79899.016150558338, "costo_mclp": 0.0799, "ipi_rank": 3 }, "geometry": { "type": "LineString", "coordinates": [ [ -70.6540357, -33.4774042 ], [ -70.6539332, -33.4774014 ] ] } },
{ "type": "Feature", "properties": { "highway": "footway", "name": null, "length_m": 18.431379833398562, "jerarquia": 1, "IPI": 0.17474536347272507, "prioridad": "Media", "intervencion": "Señalización + bacheo puntual", "costo_estimado_clp": 154823.59060054793, "costo_mclp": 0.1548, "ipi_rank": 3 }, "geometry": { "type": "LineString", "coordinates": [ [ -70.6538533, -33.4773126 ], [ -70.6538473, -33.4774064 ], [ -70.6539332, -33.4774014 ] ] } },
{ "type": "Feature", "properties": { "highway": "footway", "name": null, "length_m": 18.431379833398562, "jerarquia": 1, "IPI": 0.17474536347272507, "prioridad": "Media", "intervencion": "Señalización + bacheo puntual", "costo_estimado_clp": 154823.59060054793, "costo_mclp": 0.1548, "ipi_rank": 3 }, "geometry": { "type": "LineString", "coordinates": [ [ -70.6539332, -33.4774014 ], [ -70.6538473, -33.4774064 ], [ -70.6538533, -33.4773126 ] ] } },
{ "type": "Feature", "properties": { "highway": "tertiary", "name": "San Ignacio de Loyola", "length_m": 11.455051968381934, "jerarquia": 2, "IPI": 0.28933736534738569, "prioridad": "Alta", "intervencion": "Repavimentación + señalización", "costo_estimado_clp": 681575.59211872506, "costo_mclp": 0.6816, "ipi_rank": 4 }, "geometry": { "type": "LineString", "coordinates": [ [ -70.6539391, -33.4772985 ], [ -70.6539332, -33.4774014 ] ] } },
{ "type": "Feature", "properties": { "highway": "footway", "name": null, "length_m": 12.166356240818349, "jerarquia": 1, "IPI": 0.14822904380662771, "prioridad": "Baja", "intervencion": "Bacheo puntual", "costo_estimado_clp": 30659.21772686224, "costo_mclp": 0.0307, "ipi_rank": 2 }, "geometry": { "type": "LineString", "coordinates": [ [ -70.6540417, -33.4772949 ], [ -70.6540357, -33.4774042 ] ] } },
{ "type": "Feature", "properties": { "highway": "footway", "name": null, "length_m": 12.166356240818349, "jerarquia": 1, "IPI": 0.14822904380662771, "prioridad": "Baja", "intervencion": "Bacheo puntual", "costo_estimado_clp": 30659.21772686224, "costo_mclp": 0.0307, "ipi_rank": 2 }, "geometry": { "type": "LineString", "coordinates": [ [ -70.6540357, -33.4774042 ], [ -70.6540417, -33.4772949 ] ] } },
{ "type": "Feature", "properties": { "highway": "primary", "name": "Euclides", "length_m": 9.1331291125608711, "jerarquia": 4, "IPI": 0.53851537148577899, "prioridad": "Muy alta", "intervencion": "Repavimentación + señalización + iluminación", "costo_estimado_clp": 575387.13409133488, "costo_mclp": 0.5754, "ipi_rank": 5 }, "geometry": { "type": "LineString", "coordinates": [ [ -70.6538533, -33.4773126 ], [ -70.6537595, -33.4773376 ] ] } },
{ "type": "Feature", "properties": { "highway": "primary", "name": "Euclides", "length_m": 8.1107835895463083, "jerarquia": 4, "IPI": 0.53937707576705862, "prioridad": "Muy alta", "intervencion": "Repavimentación + señalización + iluminación", "costo_estimado_clp": 510979.36614141741, "costo_mclp": 0.511, "ipi_rank": 5 }, "geometry": { "type": "LineString", "coordinates": [ [ -70.6539391, -33.4772985 ], [ -70.6538533, -33.4773126 ] ] } },
{ "type": "Feature", "properties": { "highway": "primary", "name": "Avenida Isabel Riquelme", "length_m": 9.5243930506439671, "jerarquia": 4, "IPI": 0.52185638838145632, "prioridad": "Muy alta", "intervencion": "Repavimentación + señalización + iluminación", "costo_estimado_clp": 600036.76219057001, "costo_mclp": 0.6, "ipi_rank": 5 }, "geometry": { "type": "LineString", "coordinates": [ [ -70.6540417, -33.4772949 ], [ -70.6539391, -33.4772985 ] ] } },
{ "type": "Feature", "properties": { "highway": "service", "name": null, "length_m": 12.364457870005209, "jerarquia": 1, "IPI": 0.13989981041065805, "prioridad": "Muy baja", "intervencion": "Mantención preventiva", "costo_estimado_clp": 10386.144610804375, "costo_mclp": 0.0104, "ipi_rank": 1 }, "geometry": { "type": "LineString", "coordinates": [ [ -70.6537595, -33.4773376 ], [ -70.6537306, -33.4772909 ], [ -70.6536988, -33.4772386 ] ] } },
{ "type": "Feature", "properties": { "highway": "service", "name": null, "length_m": 20.677480687380339, "jerarquia": 1, "IPI": 0.13691283816765337, "prioridad": "Muy baja", "intervencion": "Mantención preventiva", "costo_estimado_clp": 17369.083777399483, "costo_mclp": 0.0174, "ipi_rank": 1 }, "geometry": { "type": "LineString", "coordinates": [ [ -70.6536988, -33.4772386 ], [ -70.6534763, -33.4772503 ] ] } },
{ "type": "Feature", "properties": { "highway": "service", "name": null, "length_m": 20.677480687380339, "jerarquia": 1, "IPI": 0.13691283816765337, "prioridad": "Muy baja", "intervencion": "Mantención preventiva", "costo_estimado_clp": 17369.083777399483, "costo_mclp": 0.0174, "ipi_rank": 1 }, "geometry": { "type": "LineString", "coordinates": [ [ -70.6534763, -33.4772503 ], [ -70.6536988, -33.4772386 ] ] } },
{ "type": "Feature", "properties": { "highway": "footway", "name": null, "length_m": 15.523816803365758, "jerarquia": 1, "IPI": 0.1664245600265972, "prioridad": "Media", "intervencion": "Señalización + bacheo puntual", "costo_estimado_clp": 130400.06114827236, "costo_mclp": 0.1304, "ipi_rank": 3 }, "geometry": { "type": "LineString", "coordinates": [ [ -70.6538661, -33.4771734 ], [ -70.6538533, -33.4773126 ] ] } },
{ "type": "Feature", "properties": { "highway": "footway", "name": null, "length_m": 15.523816803365758, "jerarquia": 1, "IPI": 0.1664245600265972, "prioridad": "Media", "intervencion": "Señalización + bacheo puntual", "costo_estimado_clp": 130400.06114827236, "costo_mclp": 0.1304, "ipi_rank": 3 }, "geometry": { "type": "LineString", "coordinates": [ [ -70.6538533, -33.4773126 ], [ -70.6538661, -33.4771734 ] ] } },
{ "type": "Feature", "properties": { "highway": "tertiary", "name": "San Ignacio de Loyola", "length_m": 13.987307310375298, "jerarquia": 2, "IPI": 0.274235594428764, "prioridad": "Alta", "intervencion": "Repavimentación + señalización", "costo_estimado_clp": 832244.78496733028, "costo_mclp": 0.8322, "ipi_rank": 4 }, "geometry": { "type": "LineString", "coordinates": [ [ -70.653957, -33.4771736 ], [ -70.6539531, -33.4772026 ], [ -70.6539506, -33.4772207 ], [ -70.6539391, -33.4772985 ] ] } },
{ "type": "Feature", "properties": { "highway": "service", "name": null, "length_m": 7.2847896328292823, "jerarquia": 1, "IPI": 0.1346191742494495, "prioridad": "Muy baja", "intervencion": "Mantención preventiva", "costo_estimado_clp": 6119.2232915765971, "costo_mclp": 0.0061, "ipi_rank": 1 }, "geometry": { "type": "LineString", "coordinates": [ [ -70.6536972, -33.4771731 ], [ -70.6536988, -33.4772386 ] ] } },
{ "type": "Feature", "properties": { "highway": "service", "name": null, "length_m": 7.2847896328292823, "jerarquia": 1, "IPI": 0.1346191742494495, "prioridad": "Muy baja", "intervencion": "Mantención preventiva", "costo_estimado_clp": 6119.2232915765971, "costo_mclp": 0.0061, "ipi_rank": 1 }, "geometry": { "type": "LineString", "coordinates": [ [ -70.6536988, -33.4772386 ], [ -70.6536972, -33.4771731 ] ] } },
{ "type": "Feature", "properties": { "highway": "service", "name": null, "length_m": 8.4308631793924356, "jerarquia": 1, "IPI": 0.15108859223773016, "prioridad": "Baja", "intervencion": "Bacheo puntual", "costo_estimado_clp": 21245.775212068937, "costo_mclp": 0.0212, "ipi_rank": 2 }, "geometry": { "type": "LineString", "coordinates": [ [ -70.6538661, -33.4771734 ], [ -70.653957, -33.4771736 ] ] } },
{ "type": "Feature", "properties": { "highway": "service", "name": null, "length_m": 15.665248289540317, "jerarquia": 1, "IPI": 0.15180454595256204, "prioridad": "Baja", "intervencion": "Bacheo puntual", "costo_estimado_clp": 39476.425689641597, "costo_mclp": 0.0395, "ipi_rank": 2 }, "geometry": { "type": "LineString", "coordinates": [ [ -70.6536972, -33.4771731 ], [ -70.6538661, -33.4771734 ] ] } },
{ "type": "Feature", "properties": { "highway": "service", "name": null, "length_m": 20.711598984272186, "jerarquia": 1, "IPI": 0.14020310229976124, "prioridad": "Muy baja", "intervencion": "Mantención preventiva", "costo_estimado_clp": 17397.743146788634, "costo_mclp": 0.0174, "ipi_rank": 1 }, "geometry": { "type": "LineString", "coordinates": [ [ -70.6534561, -33.4770648 ], [ -70.6534763, -33.4772503 ] ] } },
{ "type": "Feature", "properties": { "highway": "service", "name": null, "length_m": 6.3055866615805254, "jerarquia": 1, "IPI": 0.13633095054480054, "prioridad": "Muy baja", "intervencion": "Mantención preventiva", "costo_estimado_clp": 5296.6927957276421, "costo_mclp": 0.0053, "ipi_rank": 1 }, "geometry": { "type": "LineString", "coordinates": [ [ -70.6536972, -33.4771731 ], [ -70.6536961, -33.4771164 ] ] } },
{ "type": "Feature", "properties": { "highway": "service", "name": null, "length_m": 6.3055866615805254, "jerarquia": 1, "IPI": 0.13633095054480054, "prioridad": "Muy baja", "intervencion": "Mantención preventiva", "costo_estimado_clp": 5296.6927957276421, "costo_mclp": 0.0053, "ipi_rank": 1 }, "geometry": { "type": "LineString", "coordinates": [ [ -70.6536961, -33.4771164 ], [ -70.6536972, -33.4771731 ] ] } },
{ "type": "Feature", "properties": { "highway": "footway", "name": null, "length_m": 6.6128619994411899, "jerarquia": 1, "IPI": 0.15424702008020452, "prioridad": "Baja", "intervencion": "Bacheo puntual", "costo_estimado_clp": 16664.412238591798, "costo_mclp": 0.0167, "ipi_rank": 2 }, "geometry": { "type": "LineString", "coordinates": [ [ -70.6538661, -33.4771734 ], [ -70.6538715, -33.4771141 ] ] } },
{ "type": "Feature", "properties": { "highway": "footway", "name": null, "length_m": 6.6128619994411899, "jerarquia": 1, "IPI": 0.15424702008020452, "prioridad": "Baja", "intervencion": "Bacheo puntual", "costo_estimado_clp": 16664.412238591798, "costo_mclp": 0.0167, "ipi_rank": 2 }, "geometry": { "type": "LineString", "coordinates": [ [ -70.6538715, -33.4771141 ], [ -70.6538661, -33.4771734 ] ] } },
{ "type": "Feature", "properties": { "highway": "tertiary", "name": "San Ignacio de Loyola", "length_m": 6.7976038553230049, "jerarquia": 2, "IPI": 0.26426485442468706, "prioridad": "Alta", "intervencion": "Repavimentación + señalización", "costo_estimado_clp": 404457.42939171882, "costo_mclp": 0.4045, "ipi_rank": 4 }, "geometry": { "type": "LineString", "coordinates": [ [ -70.6539657, -33.4771129 ], [ -70.653957, -33.4771736 ] ] } },
{ "type": "Feature", "properties": { "highway": "footway", "name": null, "length_m": 36.217255955518119, "jerarquia": 1, "IPI": 0.14103219135551975, "prioridad": "Muy baja", "intervencion": "Mantención preventiva", "costo_estimado_clp": 30422.49500263522, "costo_mclp": 0.0304, "ipi_rank": 1 }, "geometry": { "type": "LineString", "coordinates": [ [ -70.6540828, -33.476971 ], [ -70.6540417, -33.4772949 ] ] } },
{ "type": "Feature", "properties": { "highway": "footway", "name": null, "length_m": 36.217255955518119, "jerarquia": 1, "IPI": 0.14103219135551975, "prioridad": "Muy baja", "intervencion": "Mantención preventiva", "costo_estimado_clp": 30422.49500263522, "costo_mclp": 0.0304, "ipi_rank": 1 }, "geometry": { "type": "LineString", "coordinates": [ [ -70.6540417, -33.4772949 ], [ -70.6540828, -33.476971 ] ] } },
{ "type": "Feature", "properties": { "highway": "service", "name": null, "length_m": 16.270098743783624, "jerarquia": 1, "IPI": 0.14589343224563039, "prioridad": "Baja", "intervencion": "Bacheo puntual", "costo_estimado_clp": 41000.648834334737, "costo_mclp": 0.041, "ipi_rank": 2 }, "geometry": { "type": "LineString", "coordinates": [ [ -70.6538715, -33.4771141 ], [ -70.6536961, -33.4771164 ] ] } },
{ "type": "Feature", "properties": { "highway": "service", "name": null, "length_m": 8.73792864772504, "jerarquia": 1, "IPI": 0.14149612519175991, "prioridad": "Muy baja", "intervencion": "Mantención preventiva", "costo_estimado_clp": 7339.8600640890336, "costo_mclp": 0.0073, "ipi_rank": 1 }, "geometry": { "type": "LineString", "coordinates": [ [ -70.6539657, -33.4771129 ], [ -70.6538715, -33.4771141 ] ] } },
{ "type": "Feature", "properties": { "highway": "service", "name": null, "length_m": 5.590374900869711, "jerarquia": 1, "IPI": 0.13462206183337086, "prioridad": "Muy baja", "intervencion": "Mantención preventiva", "costo_estimado_clp": 4695.9149167305577, "costo_mclp": 0.0047, "ipi_rank": 1 }, "geometry": { "type": "LineString", "coordinates": [ [ -70.6536961, -33.4771164 ], [ -70.6536898, -33.4770664 ] ] } },
{ "type": "Feature", "properties": { "highway": "service", "name": null, "length_m": 5.590374900869711, "jerarquia": 1, "IPI": 0.13462206183337086, "prioridad": "Muy baja", "intervencion": "Mantención preventiva", "costo_estimado_clp": 4695.9149167305577, "costo_mclp": 0.0047, "ipi_rank": 1 }, "geometry": { "type": "LineString", "coordinates": [ [ -70.6536898, -33.4770664 ], [ -70.6536961, -33.4771164 ] ] } },
{ "type": "Feature", "properties": { "highway": "service", "name": null, "length_m": 21.676069239670049, "jerarquia": 1, "IPI": 0.14183878835838568, "prioridad": "Muy baja", "intervencion": "Mantención preventiva", "costo_estimado_clp": 18207.898161322842, "costo_mclp": 0.0182, "ipi_rank": 1 }, "geometry": { "type": "LineString", "coordinates": [ [ -70.6534561, -33.4770648 ], [ -70.6536898, -33.4770664 ] ] } },
{ "type": "Feature", "properties": { "highway": "tertiary", "name": "San Ignacio de Loyola", "length_m": 18.287670887956345, "jerarquia": 2, "IPI": 0.26513675038739604, "prioridad": "Alta", "intervencion": "Repavimentación + señalización", "costo_estimado_clp": 1088116.4178334025, "costo_mclp": 1.0881, "ipi_rank": 4 }, "geometry": { "type": "LineString", "coordinates": [ [ -70.6539881, -33.4769495 ], [ -70.6539657, -33.4771129 ] ] } },
{ "type": "Feature", "properties": { "highway": "footway", "name": null, "length_m": 20.212539369113298, "jerarquia": 1, "IPI": 0.15985662082583885, "prioridad": "Baja", "intervencion": "Bacheo puntual", "costo_estimado_clp": 50935.599210165507, "costo_mclp": 0.0509, "ipi_rank": 2 }, "geometry": { "type": "LineString", "coordinates": [ [ -70.6538715, -33.4771141 ], [ -70.6538855, -33.4769327 ] ] } },
{ "type": "Feature", "properties": { "highway": "footway", "name": null, "length_m": 20.018038526426899, "jerarquia": 1, "IPI": 0.14849936146264481, "prioridad": "Baja", "intervencion": "Bacheo puntual", "costo_estimado_clp": 50445.457086595787, "costo_mclp": 0.0504, "ipi_rank": 2 }, "geometry": { "type": "LineString", "coordinates": [ [ -70.6543227, -33.4775553 ], [ -70.6544952, -33.4774471 ] ] } },
{ "type": "Feature", "properties": { "highway": "footway", "name": null, "length_m": 20.018038526426899, "jerarquia": 1, "IPI": 0.14849936146264481, "prioridad": "Baja", "intervencion": "Bacheo puntual", "costo_estimado_clp": 50445.457086595787, "costo_mclp": 0.0504, "ipi_rank": 2 }, "geometry": { "type": "LineString", "coordinates": [ [ -70.6544952, -33.4774471 ], [ -70.6543227, -33.4775553 ] ] } },
{ "type": "Feature", "properties": { "highway": "footway", "name": null, "length_m": 16.273038016210549, "jerarquia": 1, "IPI": 0.16502541351473246, "prioridad": "Baja", "intervencion": "Bacheo puntual", "costo_estimado_clp": 41008.055800850583, "costo_mclp": 0.041, "ipi_rank": 2 }, "geometry": { "type": "LineString", "coordinates": [ [ -70.6541902, -33.4774644 ], [ -70.6541073, -33.4774134 ], [ -70.6540357, -33.4774042 ] ] } },
{ "type": "Feature", "properties": { "highway": "footway", "name": null, "length_m": 32.388264168065653, "jerarquia": 1, "IPI": 0.15254697130031764, "prioridad": "Baja", "intervencion": "Bacheo puntual", "costo_estimado_clp": 81618.425703525441, "costo_mclp": 0.0816, "ipi_rank": 2 }, "geometry": { "type": "LineString", "coordinates": [ [ -70.6544952, -33.4774471 ], [ -70.654456, -33.4774197 ], [ -70.6544097, -33.4774018 ], [ -70.6543593, -33.4773945 ], [ -70.6542976, -33.4774006 ], [ -70.6542413, -33.4774226 ], [ -70.6541902, -33.4774644 ] ] } },
{ "type": "Feature", "properties": { "highway": "footway", "name": null, "length_m": 32.388264168065653, "jerarquia": 1, "IPI": 0.15254697130030348, "prioridad": "Baja", "intervencion": "Bacheo puntual", "costo_estimado_clp": 81618.425703525441, "costo_mclp": 0.0816, "ipi_rank": 2 }, "geometry": { "type": "LineString", "coordinates": [ [ -70.6541902, -33.4774644 ], [ -70.6542413, -33.4774226 ], [ -70.6542976, -33.4774006 ], [ -70.6543593, -33.4773945 ], [ -70.6544097, -33.4774018 ], [ -70.654456, -33.4774197 ], [ -70.6544952, -33.4774471 ] ] } },
{ "type": "Feature", "properties": { "highway": "footway", "name": null, "length_m": 19.959485597387776, "jerarquia": 1, "IPI": 0.12833919759073148, "prioridad": "Muy baja", "intervencion": "Mantención preventiva", "costo_estimado_clp": 16765.967901805732, "costo_mclp": 0.0168, "ipi_rank": 1 }, "geometry": { "type": "LineString", "coordinates": [ [ -70.6544952, -33.4774471 ], [ -70.6545627, -33.4773825 ], [ -70.654625, -33.4773044 ] ] } },
{ "type": "Feature", "properties": { "highway": "footway", "name": null, "length_m": 19.959485597387776, "jerarquia": 1, "IPI": 0.12833919759073148, "prioridad": "Muy baja", "intervencion": "Mantención preventiva", "costo_estimado_clp": 16765.967901805732, "costo_mclp": 0.0168, "ipi_rank": 1 }, "geometry": { "type": "LineString", "coordinates": [ [ -70.654625, -33.4773044 ], [ -70.6545627, -33.4773825 ], [ -70.6544952, -33.4774471 ] ] } },
{ "type": "Feature", "properties": { "highway": "primary", "name": "Avenida Isabel Riquelme", "length_m": 54.132469572909805, "jerarquia": 4, "IPI": 0.52634983851359873, "prioridad": "Muy alta", "intervencion": "Repavimentación + señalización + iluminación", "costo_estimado_clp": 3410345.5830933177, "costo_mclp": 3.4103, "ipi_rank": 5 }, "geometry": { "type": "LineString", "coordinates": [ [ -70.654625, -33.4773044 ], [ -70.6543692, -33.477294 ], [ -70.6541839, -33.4772923 ], [ -70.6541035, -33.4772938 ], [ -70.6540417, -33.4772949 ] ] } },
{ "type": "Feature", "properties": { "highway": "primary", "name": "Avenida Isabel Riquelme", "length_m": 43.905448485212133, "jerarquia": 4, "IPI": 0.52138019032704919, "prioridad": "Muy alta", "intervencion": "Repavimentación + señalización + iluminación", "costo_estimado_clp": 2766043.2545683645, "costo_mclp": 2.766, "ipi_rank": 5 }, "geometry": { "type": "LineString", "coordinates": [ [ -70.6540828, -33.476971 ], [ -70.6542107, -33.4770015 ], [ -70.654321, -33.4770336 ], [ -70.6545319, -33.4770954 ] ] } },
{ "type": "Feature", "properties": { "highway": "trunk_link", "name": null, "length_m": 111.81834822051241, "jerarquia": 1, "IPI": 0.16163169704709623, "prioridad": "Baja", "intervencion": "Bacheo puntual", "costo_estimado_clp": 281782.2375156912, "costo_mclp": 0.2818, "ipi_rank": 2 }, "geometry": { "type": "LineString", "coordinates": [ [ -70.6548467, -33.4767065 ], [ -70.6547991, -33.4766663 ], [ -70.6547622, -33.4766411 ], [ -70.6547305, -33.4766226 ], [ -70.6547022, -33.4766113 ], [ -70.6546734, -33.4766032 ], [ -70.6546359, -33.4765965 ], [ -70.6545979, -33.4765933 ], [ -70.6545668, -33.4765932 ], [ -70.6545353, -33.4765949 ], [ -70.6545043, -33.4765983 ], [ -70.6544716, -33.4766044 ], [ -70.6544441, -33.4766111 ], [ -70.6544222, -33.4766187 ], [ -70.6543975, -33.4766309 ], [ -70.6543737, -33.4766452 ], [ -70.6543536, -33.4766592 ], [ -70.6543318, -33.4766773 ], [ -70.654315, -33.4766961 ], [ -70.6543006, -33.4767146 ], [ -70.6542889, -33.4767348 ], [ -70.6542785, -33.476756 ], [ -70.6542708, -33.4767795 ], [ -70.6542684, -33.4768007 ], [ -70.6542705, -33.4768269 ], [ -70.6542771, -33.4768527 ], [ -70.6542894, -33.4768792 ], [ -70.6543029, -33.4769019 ], [ -70.6543201, -33.4769231 ], [ -70.6543508, -33.4769537 ], [ -70.6543999, -33.4769989 ], [ -70.6545319, -33.4770954 ] ] } },
{ "type": "Feature", "properties": { "highway": "footway", "name": null, "length_m": 20.212539369113298, "jerarquia": 1, "IPI": 0.15985662082583885, "prioridad": "Baja", "intervencion": "Bacheo puntual", "costo_estimado_clp": 50935.599210165507, "costo_mclp": 0.0509, "ipi_rank": 2 }, "geometry": { "type": "LineString", "coordinates": [ [ -70.6538855, -33.4769327 ], [ -70.6538715, -33.4771141 ] ] } },
{ "type": "Feature", "properties": { "highway": "service", "name": null, "length_m": 21.547666056778752, "jerarquia": 1, "IPI": 0.13966475806498296, "prioridad": "Muy baja", "intervencion": "Mantención preventiva", "costo_estimado_clp": 18100.039487694154, "costo_mclp": 0.0181, "ipi_rank": 1 }, "geometry": { "type": "LineString", "coordinates": [ [ -70.6536898, -33.4770664 ], [ -70.653742, -33.4770247 ], [ -70.6538567, -33.4769316 ] ] } },
{ "type": "Feature", "properties": { "highway": "primary", "name": "Avenida Isabel Riquelme", "length_m": 9.1028440870129241, "jerarquia": 4, "IPI": 0.51480095795045533, "prioridad": "Muy alta", "intervencion": "Repavimentación + señalización + iluminación", "costo_estimado_clp": 573479.17748181417, "costo_mclp": 0.5735, "ipi_rank": 5 }, "geometry": { "type": "LineString", "coordinates": [ [ -70.6539881, -33.4769495 ], [ -70.6540828, -33.476971 ] ] } },
{ "type": "Feature", "properties": { "highway": "primary", "name": "Avenida Isabel Riquelme", "length_m": 9.6976428902145226, "jerarquia": 4, "IPI": 0.53064084435163961, "prioridad": "Muy alta", "intervencion": "Repavimentación + señalización + iluminación", "costo_estimado_clp": 610951.50208351493, "costo_mclp": 0.611, "ipi_rank": 5 }, "geometry": { "type": "LineString", "coordinates": [ [ -70.6538855, -33.4769327 ], [ -70.6539881, -33.4769495 ] ] } },
{ "type": "Feature", "properties": { "highway": "primary", "name": "Avenida Isabel Riquelme", "length_m": 2.6739616917746587, "jerarquia": 4, "IPI": 0.52743832648172129, "prioridad": "Muy alta", "intervencion": "Repavimentación + señalización + iluminación", "costo_estimado_clp": 168459.58658180351, "costo_mclp": 0.1685, "ipi_rank": 5 }, "geometry": { "type": "LineString", "coordinates": [ [ -70.6538567, -33.4769316 ], [ -70.6538855, -33.4769327 ] ] } },
{ "type": "Feature", "properties": { "highway": "footway", "name": null, "length_m": 10.983510439643826, "jerarquia": 1, "IPI": 0.12887118505746942, "prioridad": "Muy baja", "intervencion": "Mantención preventiva", "costo_estimado_clp": 9226.1487693008148, "costo_mclp": 0.0092, "ipi_rank": 1 }, "geometry": { "type": "LineString", "coordinates": [ [ -70.6541135, -33.4768756 ], [ -70.6540828, -33.476971 ] ] } },
{ "type": "Feature", "properties": { "highway": "footway", "name": null, "length_m": 10.983510439643826, "jerarquia": 1, "IPI": 0.12887118505746942, "prioridad": "Muy baja", "intervencion": "Mantención preventiva", "costo_estimado_clp": 9226.1487693008148, "costo_mclp": 0.0092, "ipi_rank": 1 }, "geometry": { "type": "LineString", "coordinates": [ [ -70.6540828, -33.476971 ], [ -70.6541135, -33.4768756 ] ] } },
{ "type": "Feature", "properties": { "highway": "primary", "name": "Avenida Isabel Riquelme", "length_m": 56.62714049491629, "jerarquia": 4, "IPI": 0.54128936198231592, "prioridad": "Muy alta", "intervencion": "Repavimentación + señalización + iluminación", "costo_estimado_clp": 3567509.8511797264, "costo_mclp": 3.5675, "ipi_rank": 5 }, "geometry": { "type": "LineString", "coordinates": [ [ -70.6532478, -33.4769042 ], [ -70.6534389, -33.476903 ], [ -70.6535786, -33.4769078 ], [ -70.6537179, -33.4769173 ], [ -70.6538271, -33.4769285 ], [ -70.6538567, -33.4769316 ] ] } },
{ "type": "Feature", "properties": { "highway": "tertiary", "name": "San Ignacio de Loyola", "length_m": 9.6915589110841971, "jerarquia": 2, "IPI": 0.25916007025824472, "prioridad": "Alta", "intervencion": "Repavimentación + señalización", "costo_estimado_clp": 576647.75520950975, "costo_mclp": 0.5766, "ipi_rank": 4 }, "geometry": { "type": "LineString", "coordinates": [ [ -70.6539988, -33.4768628 ], [ -70.6539881, -33.4769495 ] ] } },
{ "type": "Feature", "properties": { "highway": "footway", "name": null, "length_m": 9.4721935047694235, "jerarquia": 1, "IPI": 0.15778757245157618, "prioridad": "Baja", "intervencion": "Bacheo puntual", "costo_estimado_clp": 23869.927632018949, "costo_mclp": 0.0239, "ipi_rank": 2 }, "geometry": { "type": "LineString", "coordinates": [ [ -70.6538587, -33.4768505 ], [ -70.6538855, -33.4769327 ] ] } },
{ "type": "Feature", "properties": { "highway": "footway", "name": null, "length_m": 9.4721935047694235, "jerarquia": 1, "IPI": 0.15778757245157618, "prioridad": "Baja", "intervencion": "Bacheo puntual", "costo_estimado_clp": 23869.927632018949, "costo_mclp": 0.0239, "ipi_rank": 2 }, "geometry": { "type": "LineString", "coordinates": [ [ -70.6538855, -33.4769327 ], [ -70.6538587, -33.4768505 ] ] } },
{ "type": "Feature", "properties": { "highway": "footway", "name": null, "length_m": 10.733073485117377, "jerarquia": 1, "IPI": 0.12757995096687469, "prioridad": "Muy baja", "intervencion": "Mantención preventiva", "costo_estimado_clp": 9015.7817274985973, "costo_mclp": 0.009, "ipi_rank": 1 }, "geometry": { "type": "LineString", "coordinates": [ [ -70.6541135, -33.4768756 ], [ -70.6539988, -33.4768628 ] ] } },
{ "type": "Feature", "properties": { "highway": "footway", "name": null, "length_m": 10.733073485117377, "jerarquia": 1, "IPI": 0.12757995096687469, "prioridad": "Muy baja", "intervencion": "Mantención preventiva", "costo_estimado_clp": 9015.7817274985973, "costo_mclp": 0.009, "ipi_rank": 1 }, "geometry": { "type": "LineString", "coordinates": [ [ -70.6539988, -33.4768628 ], [ -70.6541135, -33.4768756 ] ] } },
{ "type": "Feature", "properties": { "highway": "footway", "name": null, "length_m": 13.087262655151182, "jerarquia": 1, "IPI": 0.14232728428886521, "prioridad": "Baja", "intervencion": "Bacheo puntual", "costo_estimado_clp": 32979.901890980982, "costo_mclp": 0.033, "ipi_rank": 2 }, "geometry": { "type": "LineString", "coordinates": [ [ -70.6538587, -33.4768505 ], [ -70.6539291, -33.4768533 ], [ -70.6539988, -33.4768628 ] ] } },
{ "type": "Feature", "properties": { "highway": "footway", "name": null, "length_m": 13.087262655151182, "jerarquia": 1, "IPI": 0.14232728428886521, "prioridad": "Baja", "intervencion": "Bacheo puntual", "costo_estimado_clp": 32979.901890980982, "costo_mclp": 0.033, "ipi_rank": 2 }, "geometry": { "type": "LineString", "coordinates": [ [ -70.6539988, -33.4768628 ], [ -70.6539291, -33.4768533 ], [ -70.6538587, -33.4768505 ] ] } },
{ "type": "Feature", "properties": { "highway": "footway", "name": null, "length_m": 6.4370858197154259, "jerarquia": 1, "IPI": 0.15159877513550846, "prioridad": "Baja", "intervencion": "Bacheo puntual", "costo_estimado_clp": 16221.456265682873, "costo_mclp": 0.0162, "ipi_rank": 2 }, "geometry": { "type": "LineString", "coordinates": [ [ -70.6538587, -33.4768505 ], [ -70.6538447, -33.4767938 ] ] } },
{ "type": "Feature", "properties": { "highway": "footway", "name": null, "length_m": 6.4370858197154259, "jerarquia": 1, "IPI": 0.15159877513550846, "prioridad": "Baja", "intervencion": "Bacheo puntual", "costo_estimado_clp": 16221.456265682873, "costo_mclp": 0.0162, "ipi_rank": 2 }, "geometry": { "type": "LineString", "coordinates": [ [ -70.6538447, -33.4767938 ], [ -70.6538587, -33.4768505 ] ] } },
{ "type": "Feature", "properties": { "highway": "tertiary", "name": "San Ignacio de Loyola", "length_m": 34.302839969925998, "jerarquia": 2, "IPI": 0.26320808447673893, "prioridad": "Alta", "intervencion": "Repavimentación + señalización", "costo_estimado_clp": 2041018.9782105968, "costo_mclp": 2.041, "ipi_rank": 4 }, "geometry": { "type": "LineString", "coordinates": [ [ -70.6540339, -33.4765557 ], [ -70.6540026, -33.4768294 ], [ -70.6539988, -33.4768628 ] ] } },
{ "type": "Feature", "properties": { "highway": "footway", "name": null, "length_m": 23.287335563488003, "jerarquia": 1, "IPI": 0.14367175794927606, "prioridad": "Baja", "intervencion": "Bacheo puntual", "costo_estimado_clp": 58684.085619989768, "costo_mclp": 0.0587, "ipi_rank": 2 }, "geometry": { "type": "LineString", "coordinates": [ [ -70.6538447, -33.4767938 ], [ -70.6539445, -33.4766234 ], [ -70.653956, -33.4766061 ] ] } },
{ "type": "Feature", "properties": { "highway": "footway", "name": null, "length_m": 23.287335563488003, "jerarquia": 1, "IPI": 0.14367175794927606, "prioridad": "Baja", "intervencion": "Bacheo puntual", "costo_estimado_clp": 58684.085619989768, "costo_mclp": 0.0587, "ipi_rank": 2 }, "geometry": { "type": "LineString", "coordinates": [ [ -70.653956, -33.4766061 ], [ -70.6539445, -33.4766234 ], [ -70.6538447, -33.4767938 ] ] } },
{ "type": "Feature", "properties": { "highway": "primary", "name": "Avenida Carlos Silva Vildósola", "length_m": 12.792177580132195, "jerarquia": 4, "IPI": 0.67242449394108672, "prioridad": "Muy alta", "intervencion": "Repavimentación + señalización + iluminación", "costo_estimado_clp": 805907.18754832831, "costo_mclp": 0.8059, "ipi_rank": 5 }, "geometry": { "type": "LineString", "coordinates": [ [ -70.6481609, -33.4776444 ], [ -70.6482292, -33.477639 ], [ -70.6482978, -33.4776307 ] ] } },
{ "type": "Feature", "properties": { "highway": "primary", "name": "Avenida Isabel Riquelme", "length_m": 6.8194505597507495, "jerarquia": 4, "IPI": 0.6020232721470562, "prioridad": "Muy alta", "intervencion": "Repavimentación + señalización + iluminación", "costo_estimado_clp": 429625.38526429725, "costo_mclp": 0.4296, "ipi_rank": 5 }, "geometry": { "type": "LineString", "coordinates": [ [ -70.6482978, -33.4776307 ], [ -70.6483693, -33.4776164 ] ] } },
{ "type": "Feature", "properties": { "highway": "primary", "name": "Gran Avenida José Miguel Carrera", "length_m": 10.04201259456255, "jerarquia": 4, "IPI": 0.70333744717947222, "prioridad": "Muy alta", "intervencion": "Repavimentación + señalización + iluminación", "costo_estimado_clp": 632646.79345744068, "costo_mclp": 0.6326, "ipi_rank": 5 }, "geometry": { "type": "LineString", "coordinates": [ [ -70.6481609, -33.4776444 ], [ -70.6481625, -33.4775541 ] ] } },
{ "type": "Feature", "properties": { "highway": "footway", "name": null, "length_m": 11.529234916191138, "jerarquia": 1, "IPI": 0.23200392774960293, "prioridad": "Alta", "intervencion": "Repavimentación + señalización", "costo_estimado_clp": 685989.47751337267, "costo_mclp": 0.686, "ipi_rank": 4 }, "geometry": { "type": "LineString", "coordinates": [ [ -70.6480761, -33.477544 ], [ -70.6480645, -33.477607 ], [ -70.6480668, -33.4776469 ] ] } },
{ "type": "Feature", "properties": { "highway": "footway", "name": null, "length_m": 11.529234916191138, "jerarquia": 1, "IPI": 0.23200392774960293, "prioridad": "Alta", "intervencion": "Repavimentación + señalización", "costo_estimado_clp": 685989.47751337267, "costo_mclp": 0.686, "ipi_rank": 4 }, "geometry": { "type": "LineString", "coordinates": [ [ -70.6480668, -33.4776469 ], [ -70.6480645, -33.477607 ], [ -70.6480761, -33.477544 ] ] } },
{ "type": "Feature", "properties": { "highway": "primary", "name": "Gran Avenida José Miguel Carrera", "length_m": 8.5186795179813188, "jerarquia": 4, "IPI": 0.60721125049475211, "prioridad": "Muy alta", "intervencion": "Repavimentación + señalización + iluminación", "costo_estimado_clp": 536676.8096328231, "costo_mclp": 0.5367, "ipi_rank": 5 }, "geometry": { "type": "LineString", "coordinates": [ [ -70.6482993, -33.4775541 ], [ -70.6482978, -33.4776307 ] ] } },
{ "type": "Feature", "properties": { "highway": "primary", "name": "Avenida Isabel Riquelme", "length_m": 24.556558697482494, "jerarquia": 4, "IPI": 0.58298750176558856, "prioridad": "Muy alta", "intervencion": "Repavimentación + señalización + iluminación", "costo_estimado_clp": 1547063.1979413971, "costo_mclp": 1.5471, "ipi_rank": 5 }, "geometry": { "type": "LineString", "coordinates": [ [ -70.6483693, -33.4776164 ], [ -70.6483994, -33.4776083 ], [ -70.648491, -33.4775841 ], [ -70.648622, -33.4775505 ] ] } },
{ "type": "Feature", "properties": { "highway": "footway", "name": null, "length_m": 7.5862492911777748, "jerarquia": 1, "IPI": 0.18730245683538521, "prioridad": "Media", "intervencion": "Señalización + bacheo puntual", "costo_estimado_clp": 63724.494045893312, "costo_mclp": 0.0637, "ipi_rank": 3 }, "geometry": { "type": "LineString", "coordinates": [ [ -70.6483693, -33.4776164 ], [ -70.6483715, -33.4775482 ] ] } },
{ "type": "Feature", "properties": { "highway": "footway", "name": null, "length_m": 7.5862492911777748, "jerarquia": 1, "IPI": 0.18730245683538521, "prioridad": "Media", "intervencion": "Señalización + bacheo puntual", "costo_estimado_clp": 63724.494045893312, "costo_mclp": 0.0637, "ipi_rank": 3 }, "geometry": { "type": "LineString", "coordinates": [ [ -70.6483715, -33.4775482 ], [ -70.6483693, -33.4776164 ] ] } },
{ "type": "Feature", "properties": { "highway": "cycleway", "name": "Ciclovía Parque Víctor Jara", "length_m": 12.687931836226008, "jerarquia": 1, "IPI": 0.25871808982351663, "prioridad": "Alta", "intervencion": "Repavimentación + señalización", "costo_estimado_clp": 754931.94425544748, "costo_mclp": 0.7549, "ipi_rank": 4 }, "geometry": { "type": "LineString", "coordinates": [ [ -70.6482993, -33.4775541 ], [ -70.6481625, -33.4775541 ] ] } },
{ "type": "Feature", "properties": { "highway": "cycleway", "name": "Ciclovía Parque Víctor Jara", "length_m": 12.687931836226008, "jerarquia": 1, "IPI": 0.25871808982351663, "prioridad": "Alta", "intervencion": "Repavimentación + señalización", "costo_estimado_clp": 754931.94425544748, "costo_mclp": 0.7549, "ipi_rank": 4 }, "geometry": { "type": "LineString", "coordinates": [ [ -70.6481625, -33.4775541 ], [ -70.6482993, -33.4775541 ] ] } },
{ "type": "Feature", "properties": { "highway": "cycleway", "name": "Ciclovía Parque Víctor Jara", "length_m": 6.73825049137952, "jerarquia": 1, "IPI": 0.19153707802845898, "prioridad": "Media", "intervencion": "Señalización + bacheo puntual", "costo_estimado_clp": 56601.304127587973, "costo_mclp": 0.0566, "ipi_rank": 3 }, "geometry": { "type": "LineString", "coordinates": [ [ -70.6483715, -33.4775482 ], [ -70.6483711, -33.4775485 ], [ -70.6482993, -33.4775541 ] ] } },
{ "type": "Feature", "properties": { "highway": "cycleway", "name": "Ciclovía Parque Víctor Jara", "length_m": 6.73825049137952, "jerarquia": 1, "IPI": 0.19153707802845898, "prioridad": "Media", "intervencion": "Señalización + bacheo puntual", "costo_estimado_clp": 56601.304127587973, "costo_mclp": 0.0566, "ipi_rank": 3 }, "geometry": { "type": "LineString", "coordinates": [ [ -70.6482993, -33.4775541 ], [ -70.6483711, -33.4775485 ], [ -70.6483715, -33.4775482 ] ] } },
{ "type": "Feature", "properties": { "highway": "cycleway", "name": "Ciclovía Parque Víctor Jara", "length_m": 8.1604890711761584, "jerarquia": 1, "IPI": 0.30091693478786402, "prioridad": "Muy alta", "intervencion": "Repavimentación + señalización + iluminación", "costo_estimado_clp": 514110.81148409797, "costo_mclp": 0.5141, "ipi_rank": 5 }, "geometry": { "type": "LineString", "coordinates": [ [ -70.6481625, -33.4775541 ], [ -70.6481165, -33.4775517 ], [ -70.6480975, -33.4775507 ], [ -70.6480761, -33.477544 ] ] } },
{ "type": "Feature", "properties": { "highway": "cycleway", "name": "Ciclovía Parque Víctor Jara", "length_m": 8.1604890711761584, "jerarquia": 1, "IPI": 0.30091693478789949, "prioridad": "Muy alta", "intervencion": "Repavimentación + señalización + iluminación", "costo_estimado_clp": 514110.81148409797, "costo_mclp": 0.5141, "ipi_rank": 5 }, "geometry": { "type": "LineString", "coordinates": [ [ -70.6480761, -33.477544 ], [ -70.6480975, -33.4775507 ], [ -70.6481165, -33.4775517 ], [ -70.6481625, -33.4775541 ] ] } },
{ "type": "Feature", "properties": { "highway": "primary", "name": "Gran Avenida José Miguel Carrera", "length_m": 1.1456472990665783, "jerarquia": 4, "IPI": 0.64632378924783018, "prioridad": "Muy alta", "intervencion": "Repavimentación + señalización + iluminación", "costo_estimado_clp": 72175.779841194424, "costo_mclp": 0.0722, "ipi_rank": 5 }, "geometry": { "type": "LineString", "coordinates": [ [ -70.6481625, -33.4775541 ], [ -70.6481628, -33.4775438 ] ] } },
{ "type": "Feature", "properties": { "highway": "primary", "name": "Gran Avenida José Miguel Carrera", "length_m": 1.245419472947467, "jerarquia": 4, "IPI": 0.56416902436642924, "prioridad": "Muy alta", "intervencion": "Repavimentación + señalización + iluminación", "costo_estimado_clp": 78461.426795690422, "costo_mclp": 0.0785, "ipi_rank": 5 }, "geometry": { "type": "LineString", "coordinates": [ [ -70.6482994, -33.4775429 ], [ -70.6482993, -33.4775541 ] ] } },
{ "type": "Feature", "properties": { "highway": "footway", "name": null, "length_m": 6.7130529536083454, "jerarquia": 1, "IPI": 0.17737677085521797, "prioridad": "Media", "intervencion": "Señalización + bacheo puntual", "costo_estimado_clp": 56389.644810310099, "costo_mclp": 0.0564, "ipi_rank": 3 }, "geometry": { "type": "LineString", "coordinates": [ [ -70.6483715, -33.4775482 ], [ -70.6482994, -33.4775429 ] ] } },
{ "type": "Feature", "properties": { "highway": "footway", "name": null, "length_m": 6.7130529536083454, "jerarquia": 1, "IPI": 0.17737677085521797, "prioridad": "Media", "intervencion": "Señalización + bacheo puntual", "costo_estimado_clp": 56389.644810310099, "costo_mclp": 0.0564, "ipi_rank": 3 }, "geometry": { "type": "LineString", "coordinates": [ [ -70.6482994, -33.4775429 ], [ -70.6483715, -33.4775482 ] ] } },
{ "type": "Feature", "properties": { "highway": "footway", "name": null, "length_m": 8.0420822295904983, "jerarquia": 1, "IPI": 0.2527066323442087, "prioridad": "Alta", "intervencion": "Repavimentación + señalización", "costo_estimado_clp": 478503.89266063465, "costo_mclp": 0.4785, "ipi_rank": 4 }, "geometry": { "type": "LineString", "coordinates": [ [ -70.6481628, -33.4775438 ], [ -70.6481163, -33.4775434 ], [ -70.6480761, -33.477544 ] ] } },
{ "type": "Feature", "properties": { "highway": "footway", "name": null, "length_m": 8.0420822295904983, "jerarquia": 1, "IPI": 0.2527066323442087, "prioridad": "Alta", "intervencion": "Repavimentación + señalización", "costo_estimado_clp": 478503.89266063465, "costo_mclp": 0.4785, "ipi_rank": 4 }, "geometry": { "type": "LineString", "coordinates": [ [ -70.6480761, -33.477544 ], [ -70.6481163, -33.4775434 ], [ -70.6481628, -33.4775438 ] ] } },
{ "type": "Feature", "properties": { "highway": "footway", "name": null, "length_m": 12.669779042264372, "jerarquia": 1, "IPI": 0.19638279537369652, "prioridad": "Media", "intervencion": "Señalización + bacheo puntual", "costo_estimado_clp": 106426.14395502073, "costo_mclp": 0.1064, "ipi_rank": 3 }, "geometry": { "type": "LineString", "coordinates": [ [ -70.6482994, -33.4775429 ], [ -70.6481628, -33.4775438 ] ] } },
{ "type": "Feature", "properties": { "highway": "footway", "name": null, "length_m": 12.669779042264372, "jerarquia": 1, "IPI": 0.19638279537369652, "prioridad": "Media", "intervencion": "Señalización + bacheo puntual", "costo_estimado_clp": 106426.14395502073, "costo_mclp": 0.1064, "ipi_rank": 3 }, "geometry": { "type": "LineString", "coordinates": [ [ -70.6481628, -33.4775438 ], [ -70.6482994, -33.4775429 ] ] } },
{ "type": "Feature", "properties": { "highway": "primary_link", "name": null, "length_m": 18.997133173144633, "jerarquia": 3, "IPI": 0.45002209389360659, "prioridad": "Muy alta", "intervencion": "Repavimentación + señalización + iluminación", "costo_estimado_clp": 1196819.3899081119, "costo_mclp": 1.1968, "ipi_rank": 5 }, "geometry": { "type": "LineString", "coordinates": [ [ -70.648426, -33.4775096 ], [ -70.6484677, -33.4775274 ], [ -70.6485175, -33.4775416 ], [ -70.6485694, -33.4775494 ], [ -70.648622, -33.4775505 ] ] } },
{ "type": "Feature", "properties": { "highway": "cycleway", "name": "Ciclovía Parque Víctor Jara", "length_m": 6.6312199483763345, "jerarquia": 1, "IPI": 0.18343540145758927, "prioridad": "Media", "intervencion": "Señalización + bacheo puntual", "costo_estimado_clp": 55702.247566361213, "costo_mclp": 0.0557, "ipi_rank": 3 }, "geometry": { "type": "LineString", "coordinates": [ [ -70.648426, -33.4775096 ], [ -70.6483715, -33.4775482 ] ] } },
{ "type": "Feature", "properties": { "highway": "cycleway", "name": "Ciclovía Parque Víctor Jara", "length_m": 6.6312199483763345, "jerarquia": 1, "IPI": 0.18343540145758927, "prioridad": "Media", "intervencion": "Señalización + bacheo puntual", "costo_estimado_clp": 55702.247566361213, "costo_mclp": 0.0557, "ipi_rank": 3 }, "geometry": { "type": "LineString", "coordinates": [ [ -70.6483715, -33.4775482 ], [ -70.648426, -33.4775096 ] ] } },
{ "type": "Feature", "properties": { "highway": "cycleway", "name": "Ciclovía Parque Víctor Jara", "length_m": 8.6338208420836349, "jerarquia": 1, "IPI": 0.2852724658058749, "prioridad": "Alta", "intervencion": "Repavimentación + señalización", "costo_estimado_clp": 513712.34010397625, "costo_mclp": 0.5137, "ipi_rank": 4 }, "geometry": { "type": "LineString", "coordinates": [ [ -70.6479999, -33.4774994 ], [ -70.6480153, -33.4775084 ], [ -70.6480761, -33.477544 ] ] } },
{ "type": "Feature", "properties": { "highway": "cycleway", "name": "Ciclovía Parque Víctor Jara", "length_m": 8.6338208420836349, "jerarquia": 1, "IPI": 0.2852724658058749, "prioridad": "Alta", "intervencion": "Repavimentación + señalización", "costo_estimado_clp": 513712.34010397625, "costo_mclp": 0.5137, "ipi_rank": 4 }, "geometry": { "type": "LineString", "coordinates": [ [ -70.6480761, -33.477544 ], [ -70.6480153, -33.4775084 ], [ -70.6479999, -33.4774994 ] ] } },
{ "type": "Feature", "properties": { "highway": "primary", "name": "Avenida Isabel Riquelme", "length_m": 18.575312128017551, "jerarquia": 4, "IPI": 0.58608101392710754, "prioridad": "Muy alta", "intervencion": "Repavimentación + señalización + iluminación", "costo_estimado_clp": 1170244.6640651056, "costo_mclp": 1.1702, "ipi_rank": 5 }, "geometry": { "type": "LineString", "coordinates": [ [ -70.648622, -33.4775505 ], [ -70.6487297, -33.4775138 ], [ -70.6488049, -33.4774827 ] ] } },
{ "type": "Feature", "properties": { "highway": "footway", "name": null, "length_m": 7.6637087603710539, "jerarquia": 1, "IPI": 0.16231361474601191, "prioridad": "Baja", "intervencion": "Bacheo puntual", "costo_estimado_clp": 19312.546076135055, "costo_mclp": 0.0193, "ipi_rank": 2 }, "geometry": { "type": "LineString", "coordinates": [ [ -70.6483715, -33.4775482 ], [ -70.6483764, -33.4774794 ] ] } },
{ "type": "Feature", "properties": { "highway": "footway", "name": null, "length_m": 7.6637087603710539, "jerarquia": 1, "IPI": 0.16231361474601191, "prioridad": "Baja", "intervencion": "Bacheo puntual", "costo_estimado_clp": 19312.546076135055, "costo_mclp": 0.0193, "ipi_rank": 2 }, "geometry": { "type": "LineString", "coordinates": [ [ -70.6483764, -33.4774794 ], [ -70.6483715, -33.4775482 ] ] } },
{ "type": "Feature", "properties": { "highway": "footway", "name": null, "length_m": 1.4511368408640681, "jerarquia": 1, "IPI": 0.20848184869384362, "prioridad": "Alta", "intervencion": "Repavimentación + señalización", "costo_estimado_clp": 86342.642031412048, "costo_mclp": 0.0863, "ipi_rank": 4 }, "geometry": { "type": "LineString", "coordinates": [ [ -70.6479999, -33.4774994 ], [ -70.6480155, -33.4774984 ] ] } },
{ "type": "Feature", "properties": { "highway": "footway", "name": null, "length_m": 1.4511368408640681, "jerarquia": 1, "IPI": 0.20848184869384362, "prioridad": "Alta", "intervencion": "Repavimentación + señalización", "costo_estimado_clp": 86342.642031412048, "costo_mclp": 0.0863, "ipi_rank": 4 }, "geometry": { "type": "LineString", "coordinates": [ [ -70.6480155, -33.4774984 ], [ -70.6479999, -33.4774994 ] ] } },
{ "type": "Feature", "properties": { "highway": "primary_link", "name": null, "length_m": 5.7010237395009158, "jerarquia": 3, "IPI": 0.41502309217253164, "prioridad": "Muy alta", "intervencion": "Repavimentación + señalización + iluminación", "costo_estimado_clp": 359164.49558855768, "costo_mclp": 0.3592, "ipi_rank": 5 }, "geometry": { "type": "LineString", "coordinates": [ [ -70.6483764, -33.4774794 ], [ -70.6484004, -33.4774954 ], [ -70.648426, -33.4775096 ] ] } },
{ "type": "Feature", "properties": { "highway": "primary", "name": "Gran Avenida José Miguel Carrera", "length_m": 15.801282886379685, "jerarquia": 4, "IPI": 0.54003499148758427, "prioridad": "Muy alta", "intervencion": "Repavimentación + señalización + iluminación", "costo_estimado_clp": 995480.82184192026, "costo_mclp": 0.9955, "ipi_rank": 5 }, "geometry": { "type": "LineString", "coordinates": [ [ -70.6483007, -33.4774008 ], [ -70.6482999, -33.4774843 ], [ -70.6482994, -33.4775429 ] ] } },
{ "type": "Feature", "properties": { "highway": "cycleway", "name": "Ciclovía Parque Víctor Jara", "length_m": 11.906161639563678, "jerarquia": 1, "IPI": 0.28150673460769765, "prioridad": "Alta", "intervencion": "Repavimentación + señalización", "costo_estimado_clp": 708416.61755403876, "costo_mclp": 0.7084, "ipi_rank": 4 }, "geometry": { "type": "LineString", "coordinates": [ [ -70.6479999, -33.4774994 ], [ -70.6478949, -33.4774378 ] ] } },
{ "type": "Feature", "properties": { "highway": "cycleway", "name": "Ciclovía Parque Víctor Jara", "length_m": 11.906161639563678, "jerarquia": 1, "IPI": 0.28150673460769765, "prioridad": "Alta", "intervencion": "Repavimentación + señalización", "costo_estimado_clp": 708416.61755403876, "costo_mclp": 0.7084, "ipi_rank": 4 }, "geometry": { "type": "LineString", "coordinates": [ [ -70.6478949, -33.4774378 ], [ -70.6479999, -33.4774994 ] ] } },
{ "type": "Feature", "properties": { "highway": "primary_link", "name": null, "length_m": 11.256977240638424, "jerarquia": 3, "IPI": 0.39557139213838383, "prioridad": "Muy alta", "intervencion": "Repavimentación + señalización + iluminación", "costo_estimado_clp": 709189.56616022065, "costo_mclp": 0.7092, "ipi_rank": 5 }, "geometry": { "type": "LineString", "coordinates": [ [ -70.6483007, -33.4774008 ], [ -70.6483314, -33.4774397 ], [ -70.6483691, -33.4774739 ], [ -70.6483764, -33.4774794 ] ] } },
{ "type": "Feature", "properties": { "highway": "cycleway", "name": "Ciclovía Parque Víctor Jara", "length_m": 71.465279083460189, "jerarquia": 1, "IPI": 0.20584013855261002, "prioridad": "Alta", "intervencion": "Repavimentación + señalización", "costo_estimado_clp": 4252184.1054658815, "costo_mclp": 4.2522, "ipi_rank": 4 }, "geometry": { "type": "LineString", "coordinates": [ [ -70.648426, -33.4775096 ], [ -70.6484543, -33.4774808 ], [ -70.6484836, -33.4774512 ], [ -70.6490053, -33.4773226 ], [ -70.6490836, -33.4772694 ], [ -70.6491051, -33.4772465 ] ] } },
{ "type": "Feature", "properties": { "highway": "cycleway", "name": "Ciclovía Parque Víctor Jara", "length_m": 71.465279083460189, "jerarquia": 1, "IPI": 0.20584013855256778, "prioridad": "Alta", "intervencion": "Repavimentación + señalización", "costo_estimado_clp": 4252184.1054658815, "costo_mclp": 4.2522, "ipi_rank": 4 }, "geometry": { "type": "LineString", "coordinates": [ [ -70.6491051, -33.4772465 ], [ -70.6490836, -33.4772694 ], [ -70.6490053, -33.4773226 ], [ -70.6484836, -33.4774512 ], [ -70.6484543, -33.4774808 ], [ -70.648426, -33.4775096 ] ] } },
{ "type": "Feature", "properties": { "highway": "residential", "name": "Milán", "length_m": 48.440546759813699, "jerarquia": 1, "IPI": 0.18403874797655898, "prioridad": "Media", "intervencion": "Señalización + bacheo puntual", "costo_estimado_clp": 406900.59278243507, "costo_mclp": 0.4069, "ipi_rank": 3 }, "geometry": { "type": "LineString", "coordinates": [ [ -70.6493981, -33.4775516 ], [ -70.649761, -33.4775317 ], [ -70.6499193, -33.4775236 ] ] } },
{ "type": "Feature", "properties": { "highway": "tertiary", "name": "Milán", "length_m": 20.766095057325931, "jerarquia": 2, "IPI": 0.31885849205349825, "prioridad": "Muy alta", "intervencion": "Repavimentación + señalización + iluminación", "costo_estimado_clp": 1308263.9886115335, "costo_mclp": 1.3083, "ipi_rank": 5 }, "geometry": { "type": "LineString", "coordinates": [ [ -70.6488049, -33.4774827 ], [ -70.6490166, -33.4775435 ] ] } },
{ "type": "Feature", "properties": { "highway": "primary", "name": "Avenida Isabel Riquelme", "length_m": 29.774549122227697, "jerarquia": 4, "IPI": 0.57408486884932775, "prioridad": "Muy alta", "intervencion": "Repavimentación + señalización + iluminación", "costo_estimado_clp": 1875796.5947003448, "costo_mclp": 1.8758, "ipi_rank": 5 }, "geometry": { "type": "LineString", "coordinates": [ [ -70.6488049, -33.4774827 ], [ -70.6489896, -33.4773903 ], [ -70.6490761, -33.4773397 ] ] } },
{ "type": "Feature", "properties": { "highway": "residential", "name": "Nataniel Cox", "length_m": 10.706735041063055, "jerarquia": 1, "IPI": 0.17530617840679122, "prioridad": "Media", "intervencion": "Señalización + bacheo puntual", "costo_estimado_clp": 89936.574344929671, "costo_mclp": 0.0899, "ipi_rank": 3 }, "geometry": { "type": "LineString", "coordinates": [ [ -70.6490761, -33.4773397 ], [ -70.6491051, -33.4772465 ] ] } },
{ "type": "Feature", "properties": { "highway": "primary", "name": "Avenida Isabel Riquelme", "length_m": 27.2695454396275, "jerarquia": 4, "IPI": 0.55249059757388708, "prioridad": "Muy alta", "intervencion": "Repavimentación + señalización + iluminación", "costo_estimado_clp": 1717981.3626965324, "costo_mclp": 1.718, "ipi_rank": 5 }, "geometry": { "type": "LineString", "coordinates": [ [ -70.6490761, -33.4773397 ], [ -70.6493159, -33.4771978 ] ] } },
{ "type": "Feature", "properties": { "highway": "cycleway", "name": "Ciclovía Parque Víctor Jara", "length_m": 14.218280553384757, "jerarquia": 1, "IPI": 0.18142709817511571, "prioridad": "Media", "intervencion": "Señalización + bacheo puntual", "costo_estimado_clp": 119433.55664843196, "costo_mclp": 0.1194, "ipi_rank": 3 }, "geometry": { "type": "LineString", "coordinates": [ [ -70.6491051, -33.4772465 ], [ -70.6492364, -33.4771805 ] ] } },
{ "type": "Feature", "properties": { "highway": "cycleway", "name": "Ciclovía Parque Víctor Jara", "length_m": 14.218280553384757, "jerarquia": 1, "IPI": 0.18142709817511571, "prioridad": "Media", "intervencion": "Señalización + bacheo puntual", "costo_estimado_clp": 119433.55664843196, "costo_mclp": 0.1194, "ipi_rank": 3 }, "geometry": { "type": "LineString", "coordinates": [ [ -70.6492364, -33.4771805 ], [ -70.6491051, -33.4772465 ] ] } },
{ "type": "Feature", "properties": { "highway": "residential", "name": "Nataniel Cox", "length_m": 7.6774177463200219, "jerarquia": 1, "IPI": 0.16791435899449048, "prioridad": "Media", "intervencion": "Señalización + bacheo puntual", "costo_estimado_clp": 64490.30906908818, "costo_mclp": 0.0645, "ipi_rank": 3 }, "geometry": { "type": "LineString", "coordinates": [ [ -70.6492364, -33.4771805 ], [ -70.6492748, -33.4771932 ], [ -70.6493159, -33.4771978 ] ] } },
{ "type": "Feature", "properties": { "highway": "residential", "name": "Nataniel Cox", "length_m": 19.535736163909871, "jerarquia": 1, "IPI": 0.16830641098962271, "prioridad": "Media", "intervencion": "Señalización + bacheo puntual", "costo_estimado_clp": 164100.18377684292, "costo_mclp": 0.1641, "ipi_rank": 3 }, "geometry": { "type": "LineString", "coordinates": [ [ -70.6491051, -33.4772465 ], [ -70.649115, -33.4772041 ], [ -70.6491259, -33.4771604 ], [ -70.6491414, -33.4770735 ] ] } },
{ "type": "Feature", "properties": { "highway": "cycleway", "name": "Ciclovía Parque Víctor Jara", "length_m": 13.314395436918145, "jerarquia": 1, "IPI": 0.17576054793327284, "prioridad": "Media", "intervencion": "Señalización + bacheo puntual", "costo_estimado_clp": 111840.92167011242, "costo_mclp": 0.1118, "ipi_rank": 3 }, "geometry": { "type": "LineString", "coordinates": [ [ -70.6492364, -33.4771805 ], [ -70.649277, -33.4771601 ], [ -70.6493595, -33.4771189 ] ] } },
{ "type": "Feature", "properties": { "highway": "primary", "name": "Gran Avenida José Miguel Carrera", "length_m": 59.265227493512342, "jerarquia": 4, "IPI": 0.60912205569996958, "prioridad": "Muy alta", "intervencion": "Repavimentación + señalización + iluminación", "costo_estimado_clp": 3733709.3320912775, "costo_mclp": 3.7337, "ipi_rank": 5 }, "geometry": { "type": "LineString", "coordinates": [ [ -70.6481628, -33.4775438 ], [ -70.6481796, -33.477011 ] ] } },
{ "type": "Feature", "properties": { "highway": "footway", "name": null, "length_m": 145.25370974089884, "jerarquia": 1, "IPI": 0.19483203295756699, "prioridad": "Media", "intervencion": "Señalización + bacheo puntual", "costo_estimado_clp": 1220131.1618235502, "costo_mclp": 1.2201, "ipi_rank": 3 }, "geometry": { "type": "LineString", "coordinates": [ [ -70.6491615, -33.4767655 ], [ -70.6490666, -33.4767729 ], [ -70.6484997, -33.4767834 ], [ -70.6484662, -33.4767957 ], [ -70.6484112, -33.4768315 ], [ -70.6484112, -33.4768564 ], [ -70.6484109, -33.4769968 ], [ -70.6484206, -33.4773873 ], [ -70.6484262, -33.4774359 ], [ -70.6484137, -33.4774436 ], [ -70.6483764, -33.4774794 ] ] } },
{ "type": "Feature", "properties": { "highway": "footway", "name": null, "length_m": 145.25370974089884, "jerarquia": 1, "IPI": 0.19483203295756879, "prioridad": "Media", "intervencion": "Señalización + bacheo puntual", "costo_estimado_clp": 1220131.1618235502, "costo_mclp": 1.2201, "ipi_rank": 3 }, "geometry": { "type": "LineString", "coordinates": [ [ -70.6483764, -33.4774794 ], [ -70.6484137, -33.4774436 ], [ -70.6484262, -33.4774359 ], [ -70.6484206, -33.4773873 ], [ -70.6484109, -33.4769968 ], [ -70.6484112, -33.4768564 ], [ -70.6484112, -33.4768315 ], [ -70.6484662, -33.4767957 ], [ -70.6484997, -33.4767834 ], [ -70.6490666, -33.4767729 ], [ -70.6491615, -33.4767655 ] ] } },
{ "type": "Feature", "properties": { "highway": "primary", "name": "Gran Avenida José Miguel Carrera", "length_m": 18.801341858556377, "jerarquia": 4, "IPI": 0.58159156257458577, "prioridad": "Muy alta", "intervencion": "Repavimentación + señalización + iluminación", "costo_estimado_clp": 1184484.5370890517, "costo_mclp": 1.1845, "ipi_rank": 5 }, "geometry": { "type": "LineString", "coordinates": [ [ -70.6481796, -33.477011 ], [ -70.648186, -33.476842 ] ] } },
{ "type": "Feature", "properties": { "highway": "service", "name": null, "length_m": 30.553237657567681, "jerarquia": 1, "IPI": 0.20129599215343441, "prioridad": "Media", "intervencion": "Señalización + bacheo puntual", "costo_estimado_clp": 256647.19632356853, "costo_mclp": 0.2566, "ipi_rank": 3 }, "geometry": { "type": "LineString", "coordinates": [ [ -70.6478566, -33.4768396 ], [ -70.6480175, -33.4768399 ], [ -70.648186, -33.476842 ] ] } },
{ "type": "Feature", "properties": { "highway": "service", "name": null, "length_m": 30.553237657567681, "jerarquia": 1, "IPI": 0.20129599215343441, "prioridad": "Media", "intervencion": "Señalización + bacheo puntual", "costo_estimado_clp": 256647.19632356853, "costo_mclp": 0.2566, "ipi_rank": 3 }, "geometry": { "type": "LineString", "coordinates": [ [ -70.648186, -33.476842 ], [ -70.6480175, -33.4768399 ], [ -70.6478566, -33.4768396 ] ] } },
{ "type": "Feature", "properties": { "highway": "service", "name": null, "length_m": 6.3440279844595056, "jerarquia": 1, "IPI": 0.18968543281938788, "prioridad": "Media", "intervencion": "Señalización + bacheo puntual", "costo_estimado_clp": 53289.835069459841, "costo_mclp": 0.0533, "ipi_rank": 3 }, "geometry": { "type": "LineString", "coordinates": [ [ -70.6478566, -33.4768396 ], [ -70.6477882, -33.4768395 ] ] } },
{ "type": "Feature", "properties": { "highway": "service", "name": null, "length_m": 6.3440279844595056, "jerarquia": 1, "IPI": 0.18968543281938788, "prioridad": "Media", "intervencion": "Señalización + bacheo puntual", "costo_estimado_clp": 53289.835069459841, "costo_mclp": 0.0533, "ipi_rank": 3 }, "geometry": { "type": "LineString", "coordinates": [ [ -70.6477882, -33.4768395 ], [ -70.6478566, -33.4768396 ] ] } },
{ "type": "Feature", "properties": { "highway": "service", "name": null, "length_m": 17.515900022740638, "jerarquia": 1, "IPI": 0.16953695163871696, "prioridad": "Media", "intervencion": "Señalización + bacheo puntual", "costo_estimado_clp": 147133.56019102136, "costo_mclp": 0.1471, "ipi_rank": 3 }, "geometry": { "type": "LineString", "coordinates": [ [ -70.6478566, -33.4768396 ], [ -70.6478599, -33.4766821 ] ] } },
{ "type": "Feature", "properties": { "highway": "service", "name": null, "length_m": 17.515900022740638, "jerarquia": 1, "IPI": 0.16953695163871696, "prioridad": "Media", "intervencion": "Señalización + bacheo puntual", "costo_estimado_clp": 147133.56019102136, "costo_mclp": 0.1471, "ipi_rank": 3 }, "geometry": { "type": "LineString", "coordinates": [ [ -70.6478599, -33.4766821 ], [ -70.6478566, -33.4768396 ] ] } },
{ "type": "Feature", "properties": { "highway": "cycleway", "name": "Ciclovía Parque Víctor Jara", "length_m": 13.314395436918145, "jerarquia": 1, "IPI": 0.17576054793327284, "prioridad": "Media", "intervencion": "Señalización + bacheo puntual", "costo_estimado_clp": 111840.92167011242, "costo_mclp": 0.1118, "ipi_rank": 3 }, "geometry": { "type": "LineString", "coordinates": [ [ -70.6493595, -33.4771189 ], [ -70.649277, -33.4771601 ], [ -70.6492364, -33.4771805 ] ] } },
{ "type": "Feature", "properties": { "highway": "residential", "name": "Nataniel Cox", "length_m": 15.145224722613335, "jerarquia": 1, "IPI": 0.1645428796353621, "prioridad": "Baja", "intervencion": "Bacheo puntual", "costo_estimado_clp": 38165.966300985601, "costo_mclp": 0.0382, "ipi_rank": 2 }, "geometry": { "type": "LineString", "coordinates": [ [ -70.6491414, -33.4770735 ], [ -70.6491677, -33.4771232 ], [ -70.6491971, -33.477156 ], [ -70.6492364, -33.4771805 ] ] } },
{ "type": "Feature", "properties": { "highway": "footway", "name": null, "length_m": 29.300161968200065, "jerarquia": 1, "IPI": 0.17704668679901375, "prioridad": "Media", "intervencion": "Señalización + bacheo puntual", "costo_estimado_clp": 246121.36053288056, "costo_mclp": 0.2461, "ipi_rank": 3 }, "geometry": { "type": "LineString", "coordinates": [ [ -70.6494568, -33.476922 ], [ -70.6494635, -33.4769578 ], [ -70.6494943, -33.4770037 ], [ -70.6494997, -33.4770328 ], [ -70.649446, -33.4770663 ], [ -70.6494129, -33.4770865 ], [ -70.6493595, -33.4771189 ] ] } },
{ "type": "Feature", "properties": { "highway": "footway", "name": null, "length_m": 29.300161968200065, "jerarquia": 1, "IPI": 0.17704668679901375, "prioridad": "Media", "intervencion": "Señalización + bacheo puntual", "costo_estimado_clp": 246121.36053288056, "costo_mclp": 0.2461, "ipi_rank": 3 }, "geometry": { "type": "LineString", "coordinates": [ [ -70.6493595, -33.4771189 ], [ -70.6494129, -33.4770865 ], [ -70.649446, -33.4770663 ], [ -70.6494997, -33.4770328 ], [ -70.6494943, -33.4770037 ], [ -70.6494635, -33.4769578 ], [ -70.6494568, -33.476922 ] ] } },
{ "type": "Feature", "properties": { "highway": "cycleway", "name": "Ciclovía Parque Víctor Jara", "length_m": 37.881315767013881, "jerarquia": 1, "IPI": 0.16904117935014285, "prioridad": "Media", "intervencion": "Señalización + bacheo puntual", "costo_estimado_clp": 318203.05244291661, "costo_mclp": 0.3182, "ipi_rank": 3 }, "geometry": { "type": "LineString", "coordinates": [ [ -70.649384, -33.4767827 ], [ -70.649385, -33.4768023 ], [ -70.649389, -33.4769981 ], [ -70.6493877, -33.4770585 ], [ -70.6493595, -33.4771189 ] ] } },
{ "type": "Feature", "properties": { "highway": "cycleway", "name": "Ciclovía Parque Víctor Jara", "length_m": 37.881315767013874, "jerarquia": 1, "IPI": 0.16904117935014285, "prioridad": "Media", "intervencion": "Señalización + bacheo puntual", "costo_estimado_clp": 318203.05244291655, "costo_mclp": 0.3182, "ipi_rank": 3 }, "geometry": { "type": "LineString", "coordinates": [ [ -70.6493595, -33.4771189 ], [ -70.6493877, -33.4770585 ], [ -70.649389, -33.4769981 ], [ -70.649385, -33.4768023 ], [ -70.649384, -33.4767827 ] ] } },
{ "type": "Feature", "properties": { "highway": "residential", "name": "Nataniel Cox", "length_m": 34.303421063654483, "jerarquia": 1, "IPI": 0.15648294887751069, "prioridad": "Baja", "intervencion": "Bacheo puntual", "costo_estimado_clp": 86444.621080409299, "costo_mclp": 0.0864, "ipi_rank": 2 }, "geometry": { "type": "LineString", "coordinates": [ [ -70.6491414, -33.4770735 ], [ -70.6491534, -33.476936 ], [ -70.6491615, -33.4767655 ] ] } },
{ "type": "Feature", "properties": { "highway": "residential", "name": "Nataniel Cox", "length_m": 34.303421063654483, "jerarquia": 1, "IPI": 0.15648294887751069, "prioridad": "Baja", "intervencion": "Bacheo puntual", "costo_estimado_clp": 86444.621080409299, "costo_mclp": 0.0864, "ipi_rank": 2 }, "geometry": { "type": "LineString", "coordinates": [ [ -70.6491615, -33.4767655 ], [ -70.6491534, -33.476936 ], [ -70.6491414, -33.4770735 ] ] } },
{ "type": "Feature", "properties": { "highway": "footway", "name": null, "length_m": 55.370952266086128, "jerarquia": 1, "IPI": 0.18439625933015757, "prioridad": "Media", "intervencion": "Señalización + bacheo puntual", "costo_estimado_clp": 465115.99903512344, "costo_mclp": 0.4651, "ipi_rank": 3 }, "geometry": { "type": "LineString", "coordinates": [ [ -70.6499309, -33.4768124 ], [ -70.649938, -33.4768443 ], [ -70.6499226, -33.4768896 ], [ -70.649883, -33.4769075 ], [ -70.6495544, -33.4769679 ], [ -70.6494929, -33.4769597 ], [ -70.6494568, -33.476922 ] ] } },
{ "type": "Feature", "properties": { "highway": "footway", "name": null, "length_m": 55.370952266086121, "jerarquia": 1, "IPI": 0.18439625933015585, "prioridad": "Media", "intervencion": "Señalización + bacheo puntual", "costo_estimado_clp": 465115.99903512339, "costo_mclp": 0.4651, "ipi_rank": 3 }, "geometry": { "type": "LineString", "coordinates": [ [ -70.6494568, -33.476922 ], [ -70.6494929, -33.4769597 ], [ -70.6495544, -33.4769679 ], [ -70.649883, -33.4769075 ], [ -70.6499226, -33.4768896 ], [ -70.649938, -33.4768443 ], [ -70.6499309, -33.4768124 ] ] } },
{ "type": "Feature", "properties": { "highway": "footway", "name": null, "length_m": 10.245047487599845, "jerarquia": 1, "IPI": 0.16891682932954605, "prioridad": "Media", "intervencion": "Señalización + bacheo puntual", "costo_estimado_clp": 86058.398895838691, "costo_mclp": 0.0861, "ipi_rank": 3 }, "geometry": { "type": "LineString", "coordinates": [ [ -70.649493, -33.4768359 ], [ -70.6494661, -33.4768806 ], [ -70.6494568, -33.476922 ] ] } },
{ "type": "Feature", "properties": { "highway": "footway", "name": null, "length_m": 10.245047487599845, "jerarquia": 1, "IPI": 0.16891682932954605, "prioridad": "Media", "intervencion": "Señalización + bacheo puntual", "costo_estimado_clp": 86058.398895838691, "costo_mclp": 0.0861, "ipi_rank": 3 }, "geometry": { "type": "LineString", "coordinates": [ [ -70.6494568, -33.476922 ], [ -70.6494661, -33.4768806 ], [ -70.649493, -33.4768359 ] ] } },
{ "type": "Feature", "properties": { "highway": "footway", "name": null, "length_m": 12.023186571816694, "jerarquia": 1, "IPI": 0.15828839381109849, "prioridad": "Baja", "intervencion": "Bacheo puntual", "costo_estimado_clp": 30298.430160978067, "costo_mclp": 0.0303, "ipi_rank": 2 }, "geometry": { "type": "LineString", "coordinates": [ [ -70.649384, -33.4767827 ], [ -70.649399, -33.4767858 ], [ -70.6494246, -33.4767912 ], [ -70.6494702, -33.4768146 ], [ -70.649493, -33.4768359 ] ] } },
{ "type": "Feature", "properties": { "highway": "footway", "name": null, "length_m": 12.023186571816696, "jerarquia": 1, "IPI": 0.15828839381109966, "prioridad": "Baja", "intervencion": "Bacheo puntual", "costo_estimado_clp": 30298.430160978074, "costo_mclp": 0.0303, "ipi_rank": 2 }, "geometry": { "type": "LineString", "coordinates": [ [ -70.649493, -33.4768359 ], [ -70.6494702, -33.4768146 ], [ -70.6494246, -33.4767912 ], [ -70.649399, -33.4767858 ], [ -70.649384, -33.4767827 ] ] } },
{ "type": "Feature", "properties": { "highway": "footway", "name": null, "length_m": 44.463196053462838, "jerarquia": 1, "IPI": 0.18089123902104265, "prioridad": "Media", "intervencion": "Señalización + bacheo puntual", "costo_estimado_clp": 373490.8468490878, "costo_mclp": 0.3735, "ipi_rank": 3 }, "geometry": { "type": "LineString", "coordinates": [ [ -70.6499309, -33.4768124 ], [ -70.6499098, -33.4767744 ], [ -70.649894, -33.4767654 ], [ -70.6498725, -33.4767665 ], [ -70.649493, -33.4768359 ] ] } },
{ "type": "Feature", "properties": { "highway": "footway", "name": null, "length_m": 44.463196053462838, "jerarquia": 1, "IPI": 0.18089123902110918, "prioridad": "Media", "intervencion": "Señalización + bacheo puntual", "costo_estimado_clp": 373490.8468490878, "costo_mclp": 0.3735, "ipi_rank": 3 }, "geometry": { "type": "LineString", "coordinates": [ [ -70.649493, -33.4768359 ], [ -70.6498725, -33.4767665 ], [ -70.649894, -33.4767654 ], [ -70.6499098, -33.4767744 ], [ -70.6499309, -33.4768124 ] ] } },
{ "type": "Feature", "properties": { "highway": "footway", "name": null, "length_m": 10.283222213599894, "jerarquia": 1, "IPI": 0.14588424920343521, "prioridad": "Baja", "intervencion": "Bacheo puntual", "costo_estimado_clp": 25913.719978271733, "costo_mclp": 0.0259, "ipi_rank": 2 }, "geometry": { "type": "LineString", "coordinates": [ [ -70.6492764, -33.4767604 ], [ -70.649384, -33.4767827 ] ] } },
{ "type": "Feature", "properties": { "highway": "footway", "name": null, "length_m": 10.283222213599894, "jerarquia": 1, "IPI": 0.14588424920343521, "prioridad": "Baja", "intervencion": "Bacheo puntual", "costo_estimado_clp": 25913.719978271733, "costo_mclp": 0.0259, "ipi_rank": 2 }, "geometry": { "type": "LineString", "coordinates": [ [ -70.649384, -33.4767827 ], [ -70.6492764, -33.4767604 ] ] } },
{ "type": "Feature", "properties": { "highway": "footway", "name": null, "length_m": 10.673196330120735, "jerarquia": 1, "IPI": 0.14667556639097898, "prioridad": "Baja", "intervencion": "Bacheo puntual", "costo_estimado_clp": 26896.454751904253, "costo_mclp": 0.0269, "ipi_rank": 2 }, "geometry": { "type": "LineString", "coordinates": [ [ -70.6491615, -33.4767655 ], [ -70.6492142, -33.4767639 ], [ -70.6492764, -33.4767604 ] ] } },
{ "type": "Feature", "properties": { "highway": "footway", "name": null, "length_m": 10.673196330120735, "jerarquia": 1, "IPI": 0.14667556639097898, "prioridad": "Baja", "intervencion": "Bacheo puntual", "costo_estimado_clp": 26896.454751904253, "costo_mclp": 0.0269, "ipi_rank": 2 }, "geometry": { "type": "LineString", "coordinates": [ [ -70.6492764, -33.4767604 ], [ -70.6492142, -33.4767639 ], [ -70.6491615, -33.4767655 ] ] } },
{ "type": "Feature", "properties": { "highway": "busway", "name": "Corredor de Buses Santa Rosa", "length_m": 99.152874046125035, "jerarquia": 1, "IPI": 0.1606869992211577, "prioridad": "Baja", "intervencion": "Bacheo puntual", "costo_estimado_clp": 249865.24259623507, "costo_mclp": 0.2499, "ipi_rank": 2 }, "geometry": { "type": "MultiLineString", "coordinates": [ [ [ -70.6418874, -33.4786321 ], [ -70.6418889, -33.478606 ], [ -70.6419234, -33.4780112 ] ], [ [ -70.6419234, -33.4780112 ], [ -70.6419432, -33.4777779 ], [ -70.6419463, -33.4777418 ] ] ] } },
{ "type": "Feature", "properties": { "highway": "busway", "name": "Corredor de Buses Santa Rosa", "length_m": 99.152874046125035, "jerarquia": 1, "IPI": 0.1606869992211577, "prioridad": "Baja", "intervencion": "Bacheo puntual", "costo_estimado_clp": 249865.24259623507, "costo_mclp": 0.2499, "ipi_rank": 2 }, "geometry": { "type": "MultiLineString", "coordinates": [ [ [ -70.6419463, -33.4777418 ], [ -70.6419432, -33.4777779 ], [ -70.6419234, -33.4780112 ] ], [ [ -70.6419234, -33.4780112 ], [ -70.6418889, -33.478606 ], [ -70.6418874, -33.4786321 ] ] ] } },
{ "type": "Feature", "properties": { "highway": "primary", "name": "Avenida Santa Rosa", "length_m": 11.841167117806179, "jerarquia": 4, "IPI": 0.52822246346386603, "prioridad": "Muy alta", "intervencion": "Repavimentación + señalización + iluminación", "costo_estimado_clp": 745993.52842178929, "costo_mclp": 0.746, "ipi_rank": 5 }, "geometry": { "type": "LineString", "coordinates": [ [ -70.6421471, -33.4777295 ], [ -70.642132, -33.4777717 ], [ -70.6421149, -33.4778325 ] ] } },
{ "type": "Feature", "properties": { "highway": "primary_link", "name": null, "length_m": 12.730523527846762, "jerarquia": 3, "IPI": 0.38949130174415048, "prioridad": "Muy alta", "intervencion": "Repavimentación + señalización + iluminación", "costo_estimado_clp": 802022.98225434602, "costo_mclp": 0.802, "ipi_rank": 5 }, "geometry": { "type": "LineString", "coordinates": [ [ -70.6420688, -33.4777255 ], [ -70.6420868, -33.4777512 ], [ -70.642101, -33.4777845 ], [ -70.6421149, -33.4778325 ] ] } },
{ "type": "Feature", "properties": { "highway": "footway", "name": null, "length_m": 9.1267192178676471, "jerarquia": 1, "IPI": 0.12379211559412628, "prioridad": "Muy baja", "intervencion": "Mantención preventiva", "costo_estimado_clp": 7666.4441430088236, "costo_mclp": 0.0077, "ipi_rank": 1 }, "geometry": { "type": "LineString", "coordinates": [ [ -70.6419463, -33.4777418 ], [ -70.6420447, -33.4777425 ] ] } },
{ "type": "Feature", "properties": { "highway": "footway", "name": null, "length_m": 9.1267192178676471, "jerarquia": 1, "IPI": 0.12379211559412628, "prioridad": "Muy baja", "intervencion": "Mantención preventiva", "costo_estimado_clp": 7666.4441430088236, "costo_mclp": 0.0077, "ipi_rank": 1 }, "geometry": { "type": "LineString", "coordinates": [ [ -70.6420447, -33.4777425 ], [ -70.6419463, -33.4777418 ] ] } },
{ "type": "Feature", "properties": { "highway": "footway", "name": null, "length_m": 2.9273740040532639, "jerarquia": 1, "IPI": 0.12481705826264869, "prioridad": "Muy baja", "intervencion": "Mantención preventiva", "costo_estimado_clp": 2458.9941634047418, "costo_mclp": 0.0025, "ipi_rank": 1 }, "geometry": { "type": "LineString", "coordinates": [ [ -70.6420688, -33.4777255 ], [ -70.6420447, -33.4777425 ] ] } },
{ "type": "Feature", "properties": { "highway": "footway", "name": null, "length_m": 2.9273740040532639, "jerarquia": 1, "IPI": 0.12481705826264869, "prioridad": "Muy baja", "intervencion": "Mantención preventiva", "costo_estimado_clp": 2458.9941634047418, "costo_mclp": 0.0025, "ipi_rank": 1 }, "geometry": { "type": "LineString", "coordinates": [ [ -70.6420447, -33.4777425 ], [ -70.6420688, -33.4777255 ] ] } },
{ "type": "Feature", "properties": { "highway": "footway", "name": null, "length_m": 9.90199366165605, "jerarquia": 1, "IPI": 0.13953405815555087, "prioridad": "Muy baja", "intervencion": "Mantención preventiva", "costo_estimado_clp": 8317.6746757910823, "costo_mclp": 0.0083, "ipi_rank": 1 }, "geometry": { "type": "LineString", "coordinates": [ [ -70.6420688, -33.4777255 ], [ -70.6421018, -33.4776973 ], [ -70.6421471, -33.4777295 ] ] } },
{ "type": "Feature", "properties": { "highway": "footway", "name": null, "length_m": 9.90199366165605, "jerarquia": 1, "IPI": 0.13953405815555087, "prioridad": "Muy baja", "intervencion": "Mantención preventiva", "costo_estimado_clp": 8317.6746757910823, "costo_mclp": 0.0083, "ipi_rank": 1 }, "geometry": { "type": "LineString", "coordinates": [ [ -70.6421471, -33.4777295 ], [ -70.6421018, -33.4776973 ], [ -70.6420688, -33.4777255 ] ] } },
{ "type": "Feature", "properties": { "highway": "busway", "name": "Corredor de Buses Santa Rosa", "length_m": 9.4818860852543327, "jerarquia": 1, "IPI": 0.12058861051203675, "prioridad": "Muy baja", "intervencion": "Mantención preventiva", "costo_estimado_clp": 7964.7843116136401, "costo_mclp": 0.008, "ipi_rank": 1 }, "geometry": { "type": "MultiLineString", "coordinates": [ [ [ -70.6419528, -33.4776567 ], [ -70.6419528, -33.4776567 ] ], [ [ -70.6419528, -33.4776567 ], [ -70.6419463, -33.4777418 ] ] ] } },
{ "type": "Feature", "properties": { "highway": "busway", "name": "Corredor de Buses Santa Rosa", "length_m": 9.4818860852543327, "jerarquia": 1, "IPI": 0.12058861051203675, "prioridad": "Muy baja", "intervencion": "Mantención preventiva", "costo_estimado_clp": 7964.7843116136401, "costo_mclp": 0.008, "ipi_rank": 1 }, "geometry": { "type": "MultiLineString", "coordinates": [ [ [ -70.6419463, -33.4777418 ], [ -70.6419528, -33.4776567 ] ], [ [ -70.6419528, -33.4776567 ], [ -70.6419528, -33.4776567 ] ] ] } },
{ "type": "Feature", "properties": { "highway": "footway", "name": null, "length_m": 19.404318266171284, "jerarquia": 1, "IPI": 0.14516291339746384, "prioridad": "Baja", "intervencion": "Bacheo puntual", "costo_estimado_clp": 48898.882030751636, "costo_mclp": 0.0489, "ipi_rank": 2 }, "geometry": { "type": "LineString", "coordinates": [ [ -70.6421471, -33.4777295 ], [ -70.6422054, -33.4777343 ], [ -70.6422922, -33.4777088 ], [ -70.6422985, -33.4776602 ] ] } },
{ "type": "Feature", "properties": { "highway": "footway", "name": null, "length_m": 19.404318266171284, "jerarquia": 1, "IPI": 0.14516291339746384, "prioridad": "Baja", "intervencion": "Bacheo puntual", "costo_estimado_clp": 48898.882030751636, "costo_mclp": 0.0489, "ipi_rank": 2 }, "geometry": { "type": "LineString", "coordinates": [ [ -70.6422985, -33.4776602 ], [ -70.6422922, -33.4777088 ], [ -70.6422054, -33.4777343 ], [ -70.6421471, -33.4777295 ] ] } },
{ "type": "Feature", "properties": { "highway": "primary", "name": "Avenida Santa Rosa", "length_m": 8.3127289747932505, "jerarquia": 4, "IPI": 0.5263852783327333, "prioridad": "Muy alta", "intervencion": "Repavimentación + señalización + iluminación", "costo_estimado_clp": 523701.92541197478, "costo_mclp": 0.5237, "ipi_rank": 5 }, "geometry": { "type": "LineString", "coordinates": [ [ -70.6421785, -33.4776595 ], [ -70.6421611, -33.4776959 ], [ -70.6421471, -33.4777295 ] ] } },
{ "type": "Feature", "properties": { "highway": "primary_link", "name": null, "length_m": 13.498527249734234, "jerarquia": 3, "IPI": 0.38013240646128588, "prioridad": "Muy alta", "intervencion": "Repavimentación + señalización + iluminación", "costo_estimado_clp": 850407.21673325682, "costo_mclp": 0.8504, "ipi_rank": 5 }, "geometry": { "type": "LineString", "coordinates": [ [ -70.6419528, -33.4776567 ], [ -70.6420055, -33.4776734 ], [ -70.6420272, -33.477688 ], [ -70.6420513, -33.4777085 ], [ -70.6420688, -33.4777255 ] ] } },
{ "type": "Feature", "properties": { "highway": "primary", "name": "Avenida Carlos Silva Vildósola", "length_m": 20.812637585950721, "jerarquia": 4, "IPI": 0.52004980122961897, "prioridad": "Muy alta", "intervencion": "Repavimentación + señalización + iluminación", "costo_estimado_clp": 1311196.1679148956, "costo_mclp": 1.3112, "ipi_rank": 5 }, "geometry": { "type": "LineString", "coordinates": [ [ -70.6422985, -33.4776602 ], [ -70.6425229, -33.4776603 ] ] } },
{ "type": "Feature", "properties": { "highway": "primary", "name": "Avenida Carlos Silva Vildósola", "length_m": 5.3052862559101417, "jerarquia": 4, "IPI": 0.5186653161082333, "prioridad": "Muy alta", "intervencion": "Repavimentación + señalización + iluminación", "costo_estimado_clp": 334233.03412233893, "costo_mclp": 0.3342, "ipi_rank": 5 }, "geometry": { "type": "LineString", "coordinates": [ [ -70.6425229, -33.4776603 ], [ -70.6425801, -33.47766 ] ] } },
{ "type": "Feature", "properties": { "highway": "primary", "name": "Avenida Carlos Silva Vildósola", "length_m": 11.130023356992995, "jerarquia": 4, "IPI": 0.51771445543344408, "prioridad": "Muy alta", "intervencion": "Repavimentación + señalización + iluminación", "costo_estimado_clp": 701191.4714905587, "costo_mclp": 0.7012, "ipi_rank": 5 }, "geometry": { "type": "LineString", "coordinates": [ [ -70.6421785, -33.4776595 ], [ -70.6422985, -33.4776602 ] ] } },
{ "type": "Feature", "properties": { "highway": "primary", "name": "Avenida Carlos Silva Vildósola", "length_m": 20.935522686360187, "jerarquia": 4, "IPI": 0.51568533303626529, "prioridad": "Muy alta", "intervencion": "Repavimentación + señalización + iluminación", "costo_estimado_clp": 1318937.9292406919, "costo_mclp": 1.3189, "ipi_rank": 5 }, "geometry": { "type": "LineString", "coordinates": [ [ -70.6419528, -33.4776567 ], [ -70.6421785, -33.4776595 ] ] } },
{ "type": "Feature", "properties": { "highway": "primary_link", "name": null, "length_m": 11.105799537375686, "jerarquia": 3, "IPI": 0.38624006128369065, "prioridad": "Muy alta", "intervencion": "Repavimentación + señalización + iluminación", "costo_estimado_clp": 699665.37085466832, "costo_mclp": 0.6997, "ipi_rank": 5 }, "geometry": { "type": "LineString", "coordinates": [ [ -70.6424256, -33.477603 ], [ -70.6424551, -33.4776255 ], [ -70.6424877, -33.4776447 ], [ -70.6425229, -33.4776603 ] ] } },
{ "type": "Feature", "properties": { "highway": "footway", "name": null, "length_m": 8.7429574914059938, "jerarquia": 1, "IPI": 0.13156714282583795, "prioridad": "Muy baja", "intervencion": "Mantención preventiva", "costo_estimado_clp": 7344.0842927810345, "costo_mclp": 0.0073, "ipi_rank": 1 }, "geometry": { "type": "LineString", "coordinates": [ [ -70.6425702, -33.4775819 ], [ -70.6425732, -33.4776236 ], [ -70.6425801, -33.47766 ] ] } },
{ "type": "Feature", "properties": { "highway": "footway", "name": null, "length_m": 8.7429574914059938, "jerarquia": 1, "IPI": 0.13156714282583795, "prioridad": "Muy baja", "intervencion": "Mantención preventiva", "costo_estimado_clp": 7344.0842927810345, "costo_mclp": 0.0073, "ipi_rank": 1 }, "geometry": { "type": "LineString", "coordinates": [ [ -70.6425801, -33.47766 ], [ -70.6425732, -33.4776236 ], [ -70.6425702, -33.4775819 ] ] } },
{ "type": "Feature", "properties": { "highway": "footway", "name": null, "length_m": 9.5380977978350554, "jerarquia": 1, "IPI": 0.1296659839519928, "prioridad": "Muy baja", "intervencion": "Mantención preventiva", "costo_estimado_clp": 8012.0021501814472, "costo_mclp": 0.008, "ipi_rank": 1 }, "geometry": { "type": "LineString", "coordinates": [ [ -70.6423248, -33.4775784 ], [ -70.6423007, -33.4776279 ], [ -70.6422985, -33.4776602 ] ] } },
{ "type": "Feature", "properties": { "highway": "footway", "name": null, "length_m": 9.5380977978350554, "jerarquia": 1, "IPI": 0.1296659839519928, "prioridad": "Muy baja", "intervencion": "Mantención preventiva", "costo_estimado_clp": 8012.0021501814472, "costo_mclp": 0.008, "ipi_rank": 1 }, "geometry": { "type": "LineString", "coordinates": [ [ -70.6422985, -33.4776602 ], [ -70.6423007, -33.4776279 ], [ -70.6423248, -33.4775784 ] ] } },
{ "type": "Feature", "properties": { "highway": "secondary", "name": "Avenida Santa Rosa", "length_m": 12.412479046833031, "jerarquia": 3, "IPI": 0.39857218774510428, "prioridad": "Muy alta", "intervencion": "Repavimentación + señalización + iluminación", "costo_estimado_clp": 781986.17995048105, "costo_mclp": 0.782, "ipi_rank": 5 }, "geometry": { "type": "LineString", "coordinates": [ [ -70.6422383, -33.4775597 ], [ -70.6422066, -33.4776086 ], [ -70.6421785, -33.4776595 ] ] } },
{ "type": "Feature", "properties": { "highway": "busway", "name": "Corredor de Buses Santa Rosa", "length_m": 11.098243177985948, "jerarquia": 1, "IPI": 0.11955456908378712, "prioridad": "Muy baja", "intervencion": "Mantención preventiva", "costo_estimado_clp": 9322.5242695081961, "costo_mclp": 0.0093, "ipi_rank": 1 }, "geometry": { "type": "MultiLineString", "coordinates": [ [ [ -70.6419528, -33.4776567 ], [ -70.6419388, -33.4776233 ] ], [ [ -70.6419388, -33.4776233 ], [ -70.6419326, -33.4776021 ] ] ] } },
{ "type": "Feature", "properties": { "highway": "busway", "name": "Corredor Transantiago Santa Rosa", "length_m": 15.675357903442038, "jerarquia": 1, "IPI": 0.12358455087501657, "prioridad": "Muy baja", "intervencion": "Mantención preventiva", "costo_estimado_clp": 13167.300638891313, "costo_mclp": 0.0132, "ipi_rank": 1 }, "geometry": { "type": "LineString", "coordinates": [ [ -70.6420409, -33.4775364 ], [ -70.6419959, -33.4775969 ], [ -70.6419528, -33.4776567 ] ] } },
{ "type": "Feature", "properties": { "highway": "footway", "name": null, "length_m": 14.051538424653806, "jerarquia": 1, "IPI": 0.12630373826013236, "prioridad": "Muy baja", "intervencion": "Mantención preventiva", "costo_estimado_clp": 11803.292276709197, "costo_mclp": 0.0118, "ipi_rank": 1 }, "geometry": { "type": "LineString", "coordinates": [ [ -70.6424256, -33.477603 ], [ -70.6424672, -33.4775822 ], [ -70.6425702, -33.4775819 ] ] } },
{ "type": "Feature", "properties": { "highway": "footway", "name": null, "length_m": 14.051538424653806, "jerarquia": 1, "IPI": 0.12630373826013236, "prioridad": "Muy baja", "intervencion": "Mantención preventiva", "costo_estimado_clp": 11803.292276709197, "costo_mclp": 0.0118, "ipi_rank": 1 }, "geometry": { "type": "LineString", "coordinates": [ [ -70.6425702, -33.4775819 ], [ -70.6424672, -33.4775822 ], [ -70.6424256, -33.477603 ] ] } },
{ "type": "Feature", "properties": { "highway": "footway", "name": null, "length_m": 9.9477460436879177, "jerarquia": 1, "IPI": 0.12699424505568019, "prioridad": "Muy baja", "intervencion": "Mantención preventiva", "costo_estimado_clp": 8356.1066766978529, "costo_mclp": 0.0084, "ipi_rank": 1 }, "geometry": { "type": "LineString", "coordinates": [ [ -70.6424256, -33.477603 ], [ -70.6423825, -33.4776017 ], [ -70.6423512, -33.4775883 ], [ -70.6423248, -33.4775784 ] ] } },
{ "type": "Feature", "properties": { "highway": "footway", "name": null, "length_m": 9.9477460436879177, "jerarquia": 1, "IPI": 0.12699424505568019, "prioridad": "Muy baja", "intervencion": "Mantención preventiva", "costo_estimado_clp": 8356.1066766978529, "costo_mclp": 0.0084, "ipi_rank": 1 }, "geometry": { "type": "LineString", "coordinates": [ [ -70.6423248, -33.4775784 ], [ -70.6423512, -33.4775883 ], [ -70.6423825, -33.4776017 ], [ -70.6424256, -33.477603 ] ] } },
{ "type": "Feature", "properties": { "highway": "primary_link", "name": null, "length_m": 6.5211502067867322, "jerarquia": 3, "IPI": 0.39127519432007252, "prioridad": "Muy alta", "intervencion": "Repavimentación + señalización + iluminación", "costo_estimado_clp": 410832.46302756417, "costo_mclp": 0.4108, "ipi_rank": 5 }, "geometry": { "type": "LineString", "coordinates": [ [ -70.6423826, -33.4775566 ], [ -70.6424256, -33.477603 ] ] } },
{ "type": "Feature", "properties": { "highway": "footway", "name": null, "length_m": 1.5671736005497048, "jerarquia": 1, "IPI": 0.13698879926257698, "prioridad": "Muy baja", "intervencion": "Mantención preventiva", "costo_estimado_clp": 1316.4258244617522, "costo_mclp": 0.0013, "ipi_rank": 1 }, "geometry": { "type": "LineString", "coordinates": [ [ -70.6423094, -33.4775726 ], [ -70.6423248, -33.4775784 ] ] } },
{ "type": "Feature", "properties": { "highway": "footway", "name": null, "length_m": 1.5671736005497048, "jerarquia": 1, "IPI": 0.13698879926257698, "prioridad": "Muy baja", "intervencion": "Mantención preventiva", "costo_estimado_clp": 1316.4258244617522, "costo_mclp": 0.0013, "ipi_rank": 1 }, "geometry": { "type": "LineString", "coordinates": [ [ -70.6423248, -33.4775784 ], [ -70.6423094, -33.4775726 ] ] } },
{ "type": "Feature", "properties": { "highway": "cycleway", "name": "Ciclovía Parque Víctor Jara", "length_m": 6.7485895264945608, "jerarquia": 1, "IPI": 0.14864395352683052, "prioridad": "Baja", "intervencion": "Bacheo puntual", "costo_estimado_clp": 17006.44560676629, "costo_mclp": 0.017, "ipi_rank": 2 }, "geometry": { "type": "LineString", "coordinates": [ [ -70.6423094, -33.4775726 ], [ -70.6422383, -33.4775597 ] ] } },
{ "type": "Feature", "properties": { "highway": "cycleway", "name": "Ciclovía Parque Víctor Jara", "length_m": 6.7485895264945608, "jerarquia": 1, "IPI": 0.14864395352683052, "prioridad": "Baja", "intervencion": "Bacheo puntual", "costo_estimado_clp": 17006.44560676629, "costo_mclp": 0.017, "ipi_rank": 2 }, "geometry": { "type": "LineString", "coordinates": [ [ -70.6422383, -33.4775597 ], [ -70.6423094, -33.4775726 ] ] } },
{ "type": "Feature", "properties": { "highway": "footway", "name": null, "length_m": 3.7311383833896339, "jerarquia": 1, "IPI": 0.13922081891600491, "prioridad": "Muy baja", "intervencion": "Mantención preventiva", "costo_estimado_clp": 3134.1562420472928, "costo_mclp": 0.0031, "ipi_rank": 1 }, "geometry": { "type": "LineString", "coordinates": [ [ -70.6425679, -33.4775484 ], [ -70.6425702, -33.4775819 ] ] } },
{ "type": "Feature", "properties": { "highway": "footway", "name": null, "length_m": 3.7311383833896339, "jerarquia": 1, "IPI": 0.13922081891600491, "prioridad": "Muy baja", "intervencion": "Mantención preventiva", "costo_estimado_clp": 3134.1562420472928, "costo_mclp": 0.0031, "ipi_rank": 1 }, "geometry": { "type": "LineString", "coordinates": [ [ -70.6425702, -33.4775819 ], [ -70.6425679, -33.4775484 ] ] } },
{ "type": "Feature", "properties": { "highway": "cycleway", "name": "Ciclovía Parque Víctor Jara", "length_m": 7.0352792908264696, "jerarquia": 1, "IPI": 0.14992410354417618, "prioridad": "Baja", "intervencion": "Bacheo puntual", "costo_estimado_clp": 17728.903812882705, "costo_mclp": 0.0177, "ipi_rank": 2 }, "geometry": { "type": "LineString", "coordinates": [ [ -70.6423826, -33.4775566 ], [ -70.642353, -33.4775653 ], [ -70.6423094, -33.4775726 ] ] } },
{ "type": "Feature", "properties": { "highway": "tertiary", "name": "San Francisco", "length_m": 25.939106325386, "jerarquia": 2, "IPI": 0.2997546434395964, "prioridad": "Muy alta", "intervencion": "Repavimentación + señalización + iluminación", "costo_estimado_clp": 1634163.698499318, "costo_mclp": 1.6342, "ipi_rank": 5 }, "geometry": { "type": "LineString", "coordinates": [ [ -70.6436262, -33.4774226 ], [ -70.6436164, -33.477543 ], [ -70.6436025, -33.477655 ] ] } },
{ "type": "Feature", "properties": { "highway": "cycleway", "name": "Ciclovía Parque Víctor Jara", "length_m": 99.754089976143078, "jerarquia": 1, "IPI": 0.1957198670787412, "prioridad": "Media", "intervencion": "Señalización + bacheo puntual", "costo_estimado_clp": 837934.35579960188, "costo_mclp": 0.8379, "ipi_rank": 3 }, "geometry": { "type": "LineString", "coordinates": [ [ -70.6425679, -33.4775484 ], [ -70.6425913, -33.4775153 ], [ -70.6426216, -33.4774997 ], [ -70.6426567, -33.4774983 ], [ -70.642673, -33.4774977 ], [ -70.6426987, -33.4774802 ], [ -70.6427407, -33.4774471 ], [ -70.6427851, -33.4774296 ], [ -70.6434996, -33.4774237 ], [ -70.6435874, -33.477423 ] ] } },
{ "type": "Feature", "properties": { "highway": "cycleway", "name": "Ciclovía Parque Víctor Jara", "length_m": 99.754089976143092, "jerarquia": 1, "IPI": 0.195719867078744, "prioridad": "Media", "intervencion": "Señalización + bacheo puntual", "costo_estimado_clp": 837934.355799602, "costo_mclp": 0.8379, "ipi_rank": 3 }, "geometry": { "type": "LineString", "coordinates": [ [ -70.6435874, -33.477423 ], [ -70.6434996, -33.4774237 ], [ -70.6427851, -33.4774296 ], [ -70.6427407, -33.4774471 ], [ -70.6426987, -33.4774802 ], [ -70.642673, -33.4774977 ], [ -70.6426567, -33.4774983 ], [ -70.6426216, -33.4774997 ], [ -70.6425913, -33.4775153 ], [ -70.6425679, -33.4775484 ] ] } },
{ "type": "Feature", "properties": { "highway": "footway", "name": null, "length_m": 7.230457894426344, "jerarquia": 1, "IPI": 0.17361948255697476, "prioridad": "Media", "intervencion": "Señalización + bacheo puntual", "costo_estimado_clp": 60735.84631318129, "costo_mclp": 0.0607, "ipi_rank": 3 }, "geometry": { "type": "LineString", "coordinates": [ [ -70.6436262, -33.4774226 ], [ -70.6436944, -33.4774541 ] ] } },
{ "type": "Feature", "properties": { "highway": "footway", "name": null, "length_m": 7.230457894426344, "jerarquia": 1, "IPI": 0.17361948255697476, "prioridad": "Media", "intervencion": "Señalización + bacheo puntual", "costo_estimado_clp": 60735.84631318129, "costo_mclp": 0.0607, "ipi_rank": 3 }, "geometry": { "type": "LineString", "coordinates": [ [ -70.6436944, -33.4774541 ], [ -70.6436262, -33.4774226 ] ] } },
{ "type": "Feature", "properties": { "highway": "footway", "name": null, "length_m": 3.5732642825195295, "jerarquia": 1, "IPI": 0.15014441448863891, "prioridad": "Baja", "intervencion": "Bacheo puntual", "costo_estimado_clp": 9004.6259919492131, "costo_mclp": 0.009, "ipi_rank": 2 }, "geometry": { "type": "LineString", "coordinates": [ [ -70.6436962, -33.477422 ], [ -70.6436944, -33.4774541 ] ] } },
{ "type": "Feature", "properties": { "highway": "footway", "name": null, "length_m": 3.5732642825195295, "jerarquia": 1, "IPI": 0.15014441448863891, "prioridad": "Baja", "intervencion": "Bacheo puntual", "costo_estimado_clp": 9004.6259919492131, "costo_mclp": 0.009, "ipi_rank": 2 }, "geometry": { "type": "LineString", "coordinates": [ [ -70.6436944, -33.4774541 ], [ -70.6436962, -33.477422 ] ] } },
{ "type": "Feature", "properties": { "highway": "cycleway", "name": "Ciclovía Parque Víctor Jara", "length_m": 3.5989042532104958, "jerarquia": 1, "IPI": 0.17129927706876041, "prioridad": "Media", "intervencion": "Señalización + bacheo puntual", "costo_estimado_clp": 30230.795726968165, "costo_mclp": 0.0302, "ipi_rank": 3 }, "geometry": { "type": "LineString", "coordinates": [ [ -70.6436262, -33.4774226 ], [ -70.6435874, -33.477423 ] ] } },
{ "type": "Feature", "properties": { "highway": "cycleway", "name": "Ciclovía Parque Víctor Jara", "length_m": 3.5989042532104958, "jerarquia": 1, "IPI": 0.17129927706876041, "prioridad": "Media", "intervencion": "Señalización + bacheo puntual", "costo_estimado_clp": 30230.795726968165, "costo_mclp": 0.0302, "ipi_rank": 3 }, "geometry": { "type": "LineString", "coordinates": [ [ -70.6435874, -33.477423 ], [ -70.6436262, -33.4774226 ] ] } },
{ "type": "Feature", "properties": { "highway": "cycleway", "name": "Ciclovía Parque Víctor Jara", "length_m": 6.4927154479607561, "jerarquia": 1, "IPI": 0.1594091470579706, "prioridad": "Baja", "intervencion": "Bacheo puntual", "costo_estimado_clp": 16361.642928861105, "costo_mclp": 0.0164, "ipi_rank": 2 }, "geometry": { "type": "LineString", "coordinates": [ [ -70.6436262, -33.4774226 ], [ -70.6436962, -33.477422 ] ] } },
{ "type": "Feature", "properties": { "highway": "cycleway", "name": "Ciclovía Parque Víctor Jara", "length_m": 7.0352792908264696, "jerarquia": 1, "IPI": 0.14992410354417618, "prioridad": "Baja", "intervencion": "Bacheo puntual", "costo_estimado_clp": 17728.903812882705, "costo_mclp": 0.0177, "ipi_rank": 2 }, "geometry": { "type": "LineString", "coordinates": [ [ -70.6423094, -33.4775726 ], [ -70.642353, -33.4775653 ], [ -70.6423826, -33.4775566 ] ] } },
{ "type": "Feature", "properties": { "highway": "cycleway", "name": "Ciclovía Parque Víctor Jara", "length_m": 7.5305242326971946, "jerarquia": 1, "IPI": 0.11737379448663689, "prioridad": "Muy baja", "intervencion": "Mantención preventiva", "costo_estimado_clp": 6325.6403554656436, "costo_mclp": 0.0063, "ipi_rank": 1 }, "geometry": { "type": "LineString", "coordinates": [ [ -70.6419276, -33.4775597 ], [ -70.6419908, -33.4775571 ], [ -70.6420065, -33.4775499 ] ] } },
{ "type": "Feature", "properties": { "highway": "cycleway", "name": "Ciclovía Parque Víctor Jara", "length_m": 7.5305242326971946, "jerarquia": 1, "IPI": 0.11737379448663689, "prioridad": "Muy baja", "intervencion": "Mantención preventiva", "costo_estimado_clp": 6325.6403554656436, "costo_mclp": 0.0063, "ipi_rank": 1 }, "geometry": { "type": "LineString", "coordinates": [ [ -70.6420065, -33.4775499 ], [ -70.6419908, -33.4775571 ], [ -70.6419276, -33.4775597 ] ] } },
{ "type": "Feature", "properties": { "highway": "cycleway", "name": "Ciclovía Parque Víctor Jara", "length_m": 17.914678238024578, "jerarquia": 1, "IPI": 0.1576549459891366, "prioridad": "Baja", "intervencion": "Bacheo puntual", "costo_estimado_clp": 45144.989159821933, "costo_mclp": 0.0451, "ipi_rank": 2 }, "geometry": { "type": "LineString", "coordinates": [ [ -70.6423826, -33.4775566 ], [ -70.6424274, -33.4775442 ], [ -70.6425282, -33.477562 ], [ -70.6425679, -33.4775484 ] ] } },
{ "type": "Feature", "properties": { "highway": "cycleway", "name": "Ciclovía Parque Víctor Jara", "length_m": 17.914678238024578, "jerarquia": 1, "IPI": 0.15765494598912796, "prioridad": "Baja", "intervencion": "Bacheo puntual", "costo_estimado_clp": 45144.989159821933, "costo_mclp": 0.0451, "ipi_rank": 2 }, "geometry": { "type": "LineString", "coordinates": [ [ -70.6425679, -33.4775484 ], [ -70.6425282, -33.477562 ], [ -70.6424274, -33.4775442 ], [ -70.6423826, -33.4775566 ] ] } },
{ "type": "Feature", "properties": { "highway": "cycleway", "name": "Ciclovía Parque Víctor Jara", "length_m": 18.494919994237776, "jerarquia": 1, "IPI": 0.13805462798675283, "prioridad": "Muy baja", "intervencion": "Mantención preventiva", "costo_estimado_clp": 15535.732795159734, "costo_mclp": 0.0155, "ipi_rank": 1 }, "geometry": { "type": "LineString", "coordinates": [ [ -70.6422383, -33.4775597 ], [ -70.6421981, -33.4775562 ], [ -70.6420851, -33.4775413 ], [ -70.6420409, -33.4775364 ] ] } },
{ "type": "Feature", "properties": { "highway": "cycleway", "name": "Ciclovía Parque Víctor Jara", "length_m": 18.494919994237776, "jerarquia": 1, "IPI": 0.13805462798675283, "prioridad": "Muy baja", "intervencion": "Mantención preventiva", "costo_estimado_clp": 15535.732795159734, "costo_mclp": 0.0155, "ipi_rank": 1 }, "geometry": { "type": "LineString", "coordinates": [ [ -70.6420409, -33.4775364 ], [ -70.6420851, -33.4775413 ], [ -70.6421981, -33.4775562 ], [ -70.6422383, -33.4775597 ] ] } },
{ "type": "Feature", "properties": { "highway": "cycleway", "name": "Ciclovía Parque Víctor Jara", "length_m": 3.5260321632105969, "jerarquia": 1, "IPI": 0.11817494908573958, "prioridad": "Muy baja", "intervencion": "Mantención preventiva", "costo_estimado_clp": 2961.8670170969017, "costo_mclp": 0.003, "ipi_rank": 1 }, "geometry": { "type": "LineString", "coordinates": [ [ -70.6420409, -33.4775364 ], [ -70.6420065, -33.4775499 ] ] } },
{ "type": "Feature", "properties": { "highway": "cycleway", "name": "Ciclovía Parque Víctor Jara", "length_m": 3.5260321632105969, "jerarquia": 1, "IPI": 0.11817494908573958, "prioridad": "Muy baja", "intervencion": "Mantención preventiva", "costo_estimado_clp": 2961.8670170969017, "costo_mclp": 0.003, "ipi_rank": 1 }, "geometry": { "type": "LineString", "coordinates": [ [ -70.6420065, -33.4775499 ], [ -70.6420409, -33.4775364 ] ] } },
{ "type": "Feature", "properties": { "highway": "footway", "name": null, "length_m": 8.8313582713298064, "jerarquia": 1, "IPI": 0.1161679039138916, "prioridad": "Muy baja", "intervencion": "Mantención preventiva", "costo_estimado_clp": 7418.3409479170386, "costo_mclp": 0.0074, "ipi_rank": 1 }, "geometry": { "type": "LineString", "coordinates": [ [ -70.6420174, -33.477471 ], [ -70.6420105, -33.4775204 ], [ -70.6420065, -33.4775499 ] ] } },
{ "type": "Feature", "properties": { "highway": "footway", "name": null, "length_m": 101.72762940953986, "jerarquia": 1, "IPI": 0.20400261636082398, "prioridad": "Alta", "intervencion": "Repavimentación + señalización", "costo_estimado_clp": 6052793.9498676211, "costo_mclp": 6.0528, "ipi_rank": 4 }, "geometry": { "type": "LineString", "coordinates": [ [ -70.6447912, -33.4774492 ], [ -70.6436944, -33.4774541 ] ] } },
{ "type": "Feature", "properties": { "highway": "footway", "name": null, "length_m": 101.72762940953986, "jerarquia": 1, "IPI": 0.20400261636082398, "prioridad": "Alta", "intervencion": "Repavimentación + señalización", "costo_estimado_clp": 6052793.9498676211, "costo_mclp": 6.0528, "ipi_rank": 4 }, "geometry": { "type": "LineString", "coordinates": [ [ -70.6436944, -33.4774541 ], [ -70.6447912, -33.4774492 ] ] } },
{ "type": "Feature", "properties": { "highway": "footway", "name": null, "length_m": 30.85776122459454, "jerarquia": 1, "IPI": 0.18210776942217038, "prioridad": "Media", "intervencion": "Señalización + bacheo puntual", "costo_estimado_clp": 259205.19428659417, "costo_mclp": 0.2592, "ipi_rank": 3 }, "geometry": { "type": "LineString", "coordinates": [ [ -70.6447912, -33.4774492 ], [ -70.6451239, -33.4774477 ] ] } },
{ "type": "Feature", "properties": { "highway": "footway", "name": null, "length_m": 30.85776122459454, "jerarquia": 1, "IPI": 0.18210776942217038, "prioridad": "Media", "intervencion": "Señalización + bacheo puntual", "costo_estimado_clp": 259205.19428659417, "costo_mclp": 0.2592, "ipi_rank": 3 }, "geometry": { "type": "LineString", "coordinates": [ [ -70.6451239, -33.4774477 ], [ -70.6447912, -33.4774492 ] ] } },
{ "type": "Feature", "properties": { "highway": "footway", "name": null, "length_m": 4.0920736801438933, "jerarquia": 1, "IPI": 0.15437617761443434, "prioridad": "Baja", "intervencion": "Bacheo puntual", "costo_estimado_clp": 10312.025673962611, "costo_mclp": 0.0103, "ipi_rank": 2 }, "geometry": { "type": "LineString", "coordinates": [ [ -70.6447912, -33.4774492 ], [ -70.6447909, -33.4774124 ] ] } },
{ "type": "Feature", "properties": { "highway": "footway", "name": null, "length_m": 4.0920736801438933, "jerarquia": 1, "IPI": 0.15437617761443434, "prioridad": "Baja", "intervencion": "Bacheo puntual", "costo_estimado_clp": 10312.025673962611, "costo_mclp": 0.0103, "ipi_rank": 2 }, "geometry": { "type": "LineString", "coordinates": [ [ -70.6447909, -33.4774124 ], [ -70.6447912, -33.4774492 ] ] } },
{ "type": "Feature", "properties": { "highway": "cycleway", "name": "Ciclovía Parque Víctor Jara", "length_m": 39.401695069630797, "jerarquia": 1, "IPI": 0.14930288392298108, "prioridad": "Baja", "intervencion": "Bacheo puntual", "costo_estimado_clp": 99292.271575469596, "costo_mclp": 0.0993, "ipi_rank": 2 }, "geometry": { "type": "LineString", "coordinates": [ [ -70.6439878, -33.4774195 ], [ -70.6444126, -33.4774157 ] ] } },
{ "type": "Feature", "properties": { "highway": "cycleway", "name": "Ciclovía Parque Víctor Jara", "length_m": 39.401695069630797, "jerarquia": 1, "IPI": 0.14930288392298108, "prioridad": "Baja", "intervencion": "Bacheo puntual", "costo_estimado_clp": 99292.271575469596, "costo_mclp": 0.0993, "ipi_rank": 2 }, "geometry": { "type": "LineString", "coordinates": [ [ -70.6444126, -33.4774157 ], [ -70.6439878, -33.4774195 ] ] } },
{ "type": "Feature", "properties": { "highway": "cycleway", "name": "Ciclovía Parque Víctor Jara", "length_m": 35.088558885083224, "jerarquia": 1, "IPI": 0.1495658814651083, "prioridad": "Baja", "intervencion": "Bacheo puntual", "costo_estimado_clp": 88423.16839040973, "costo_mclp": 0.0884, "ipi_rank": 2 }, "geometry": { "type": "LineString", "coordinates": [ [ -70.6447909, -33.4774124 ], [ -70.6444126, -33.4774157 ] ] } },
{ "type": "Feature", "properties": { "highway": "cycleway", "name": "Ciclovía Parque Víctor Jara", "length_m": 35.088558885083224, "jerarquia": 1, "IPI": 0.1495658814651083, "prioridad": "Baja", "intervencion": "Bacheo puntual", "costo_estimado_clp": 88423.16839040973, "costo_mclp": 0.0884, "ipi_rank": 2 }, "geometry": { "type": "LineString", "coordinates": [ [ -70.6444126, -33.4774157 ], [ -70.6447909, -33.4774124 ] ] } },
{ "type": "Feature", "properties": { "highway": "cycleway", "name": "Ciclovía Parque Víctor Jara", "length_m": 30.766265560174951, "jerarquia": 1, "IPI": 0.14962611358991845, "prioridad": "Baja", "intervencion": "Bacheo puntual", "costo_estimado_clp": 77530.989211640874, "costo_mclp": 0.0775, "ipi_rank": 2 }, "geometry": { "type": "LineString", "coordinates": [ [ -70.6451226, -33.4774095 ], [ -70.6447909, -33.4774124 ] ] } },
{ "type": "Feature", "properties": { "highway": "cycleway", "name": "Ciclovía Parque Víctor Jara", "length_m": 30.766265560174951, "jerarquia": 1, "IPI": 0.14962611358991845, "prioridad": "Baja", "intervencion": "Bacheo puntual", "costo_estimado_clp": 77530.989211640874, "costo_mclp": 0.0775, "ipi_rank": 2 }, "geometry": { "type": "LineString", "coordinates": [ [ -70.6447909, -33.4774124 ], [ -70.6451226, -33.4774095 ] ] } },
{ "type": "Feature", "properties": { "highway": "footway", "name": null, "length_m": 7.194327895734852, "jerarquia": 1, "IPI": 0.13270674976678376, "prioridad": "Muy baja", "intervencion": "Mantención preventiva", "costo_estimado_clp": 6043.2354324172766, "costo_mclp": 0.006, "ipi_rank": 1 }, "geometry": { "type": "LineString", "coordinates": [ [ -70.6444125, -33.477351 ], [ -70.6444126, -33.4774157 ] ] } },
{ "type": "Feature", "properties": { "highway": "footway", "name": null, "length_m": 7.194327895734852, "jerarquia": 1, "IPI": 0.13270674976678376, "prioridad": "Muy baja", "intervencion": "Mantención preventiva", "costo_estimado_clp": 6043.2354324172766, "costo_mclp": 0.006, "ipi_rank": 1 }, "geometry": { "type": "LineString", "coordinates": [ [ -70.6444126, -33.4774157 ], [ -70.6444125, -33.477351 ] ] } },
{ "type": "Feature", "properties": { "highway": "footway", "name": null, "length_m": 7.3501413290811799, "jerarquia": 1, "IPI": 0.13555109380388952, "prioridad": "Muy baja", "intervencion": "Mantención preventiva", "costo_estimado_clp": 6174.118716428191, "costo_mclp": 0.0062, "ipi_rank": 1 }, "geometry": { "type": "LineString", "coordinates": [ [ -70.6447909, -33.4774124 ], [ -70.6447904, -33.4773463 ] ] } },
{ "type": "Feature", "properties": { "highway": "footway", "name": null, "length_m": 7.3501413290811799, "jerarquia": 1, "IPI": 0.13555109380388952, "prioridad": "Muy baja", "intervencion": "Mantención preventiva", "costo_estimado_clp": 6174.118716428191, "costo_mclp": 0.0062, "ipi_rank": 1 }, "geometry": { "type": "LineString", "coordinates": [ [ -70.6447904, -33.4773463 ], [ -70.6447909, -33.4774124 ] ] } },
{ "type": "Feature", "properties": { "highway": "footway", "name": null, "length_m": 35.053463429496738, "jerarquia": 1, "IPI": 0.13951097463376855, "prioridad": "Muy baja", "intervencion": "Mantención preventiva", "costo_estimado_clp": 29444.909280777265, "costo_mclp": 0.0294, "ipi_rank": 1 }, "geometry": { "type": "LineString", "coordinates": [ [ -70.6444125, -33.477351 ], [ -70.6447904, -33.4773463 ] ] } },
{ "type": "Feature", "properties": { "highway": "footway", "name": null, "length_m": 35.053463429496738, "jerarquia": 1, "IPI": 0.13951097463376855, "prioridad": "Muy baja", "intervencion": "Mantención preventiva", "costo_estimado_clp": 29444.909280777265, "costo_mclp": 0.0294, "ipi_rank": 1 }, "geometry": { "type": "LineString", "coordinates": [ [ -70.6447904, -33.4773463 ], [ -70.6444125, -33.477351 ] ] } },
{ "type": "Feature", "properties": { "highway": "footway", "name": null, "length_m": 30.610322442212809, "jerarquia": 1, "IPI": 0.1417194018978441, "prioridad": "Muy baja", "intervencion": "Mantención preventiva", "costo_estimado_clp": 25712.670851458763, "costo_mclp": 0.0257, "ipi_rank": 1 }, "geometry": { "type": "LineString", "coordinates": [ [ -70.6447904, -33.4773463 ], [ -70.6451204, -33.4773422 ] ] } },
{ "type": "Feature", "properties": { "highway": "footway", "name": null, "length_m": 30.610322442212809, "jerarquia": 1, "IPI": 0.1417194018978441, "prioridad": "Muy baja", "intervencion": "Mantención preventiva", "costo_estimado_clp": 25712.670851458763, "costo_mclp": 0.0257, "ipi_rank": 1 }, "geometry": { "type": "LineString", "coordinates": [ [ -70.6451204, -33.4773422 ], [ -70.6447904, -33.4773463 ] ] } },
{ "type": "Feature", "properties": { "highway": "cycleway", "name": "Ciclovía Parque Víctor Jara", "length_m": 6.4927154479607561, "jerarquia": 1, "IPI": 0.1594091470579706, "prioridad": "Baja", "intervencion": "Bacheo puntual", "costo_estimado_clp": 16361.642928861105, "costo_mclp": 0.0164, "ipi_rank": 2 }, "geometry": { "type": "LineString", "coordinates": [ [ -70.6436962, -33.477422 ], [ -70.6436262, -33.4774226 ] ] } },
{ "type": "Feature", "properties": { "highway": "cycleway", "name": "Ciclovía Parque Víctor Jara", "length_m": 27.046798633154296, "jerarquia": 1, "IPI": 0.14399724706199352, "prioridad": "Baja", "intervencion": "Bacheo puntual", "costo_estimado_clp": 68157.932555548818, "costo_mclp": 0.0682, "ipi_rank": 2 }, "geometry": { "type": "LineString", "coordinates": [ [ -70.6436962, -33.477422 ], [ -70.6439878, -33.4774195 ] ] } },
{ "type": "Feature", "properties": { "highway": "cycleway", "name": "Ciclovía Parque Víctor Jara", "length_m": 27.046798633154296, "jerarquia": 1, "IPI": 0.14399724706199352, "prioridad": "Baja", "intervencion": "Bacheo puntual", "costo_estimado_clp": 68157.932555548818, "costo_mclp": 0.0682, "ipi_rank": 2 }, "geometry": { "type": "LineString", "coordinates": [ [ -70.6439878, -33.4774195 ], [ -70.6436962, -33.477422 ] ] } },
{ "type": "Feature", "properties": { "highway": "footway", "name": null, "length_m": 2.4251881423439787, "jerarquia": 1, "IPI": 0.14885452142681802, "prioridad": "Baja", "intervencion": "Bacheo puntual", "costo_estimado_clp": 6111.4741187068266, "costo_mclp": 0.0061, "ipi_rank": 2 }, "geometry": { "type": "LineString", "coordinates": [ [ -70.6435874, -33.477423 ], [ -70.6435882, -33.4774012 ] ] } },
{ "type": "Feature", "properties": { "highway": "footway", "name": null, "length_m": 2.4251881423439787, "jerarquia": 1, "IPI": 0.14885452142681802, "prioridad": "Baja", "intervencion": "Bacheo puntual", "costo_estimado_clp": 6111.4741187068266, "costo_mclp": 0.0061, "ipi_rank": 2 }, "geometry": { "type": "LineString", "coordinates": [ [ -70.6435882, -33.4774012 ], [ -70.6435874, -33.477423 ] ] } },
{ "type": "Feature", "properties": { "highway": "footway", "name": null, "length_m": 4.252527735446475, "jerarquia": 1, "IPI": 0.15867059512698972, "prioridad": "Baja", "intervencion": "Bacheo puntual", "costo_estimado_clp": 10716.369893325116, "costo_mclp": 0.0107, "ipi_rank": 2 }, "geometry": { "type": "LineString", "coordinates": [ [ -70.6435882, -33.4774012 ], [ -70.6436262, -33.4774226 ] ] } },
{ "type": "Feature", "properties": { "highway": "footway", "name": null, "length_m": 4.252527735446475, "jerarquia": 1, "IPI": 0.15867059512698972, "prioridad": "Baja", "intervencion": "Bacheo puntual", "costo_estimado_clp": 10716.369893325116, "costo_mclp": 0.0107, "ipi_rank": 2 }, "geometry": { "type": "LineString", "coordinates": [ [ -70.6436262, -33.4774226 ], [ -70.6435882, -33.4774012 ] ] } },
{ "type": "Feature", "properties": { "highway": "footway", "name": null, "length_m": 92.738748263459257, "jerarquia": 1, "IPI": 0.1589469312828441, "prioridad": "Baja", "intervencion": "Bacheo puntual", "costo_estimado_clp": 233701.64562391734, "costo_mclp": 0.2337, "ipi_rank": 2 }, "geometry": { "type": "LineString", "coordinates": [ [ -70.6426765, -33.4773211 ], [ -70.6426854, -33.4773938 ], [ -70.6427137, -33.4774145 ], [ -70.6435882, -33.4774012 ] ] } },
{ "type": "Feature", "properties": { "highway": "footway", "name": null, "length_m": 92.738748263459271, "jerarquia": 1, "IPI": 0.15894693128284132, "prioridad": "Baja", "intervencion": "Bacheo puntual", "costo_estimado_clp": 233701.64562391737, "costo_mclp": 0.2337, "ipi_rank": 2 }, "geometry": { "type": "LineString", "coordinates": [ [ -70.6435882, -33.4774012 ], [ -70.6427137, -33.4774145 ], [ -70.6426854, -33.4773938 ], [ -70.6426765, -33.4773211 ] ] } },
{ "type": "Feature", "properties": { "highway": "footway", "name": null, "length_m": 13.071507804967505, "jerarquia": 1, "IPI": 0.13765260741285795, "prioridad": "Muy baja", "intervencion": "Mantención preventiva", "costo_estimado_clp": 10980.066556172704, "costo_mclp": 0.011, "ipi_rank": 1 }, "geometry": { "type": "LineString", "coordinates": [ [ -70.6435925, -33.4772837 ], [ -70.6435882, -33.4774012 ] ] } },
{ "type": "Feature", "properties": { "highway": "footway", "name": null, "length_m": 13.071507804967505, "jerarquia": 1, "IPI": 0.13765260741285795, "prioridad": "Muy baja", "intervencion": "Mantención preventiva", "costo_estimado_clp": 10980.066556172704, "costo_mclp": 0.011, "ipi_rank": 1 }, "geometry": { "type": "LineString", "coordinates": [ [ -70.6435882, -33.4774012 ], [ -70.6435925, -33.4772837 ] ] } },
{ "type": "Feature", "properties": { "highway": "footway", "name": null, "length_m": 9.3045544809792666, "jerarquia": 1, "IPI": 0.11750209550649582, "prioridad": "Muy baja", "intervencion": "Mantención preventiva", "costo_estimado_clp": 7815.8257640225847, "costo_mclp": 0.0078, "ipi_rank": 1 }, "geometry": { "type": "LineString", "coordinates": [ [ -70.6427767, -33.477317 ], [ -70.6426765, -33.4773211 ] ] } },
{ "type": "Feature", "properties": { "highway": "footway", "name": null, "length_m": 9.3045544809792666, "jerarquia": 1, "IPI": 0.11750209550649582, "prioridad": "Muy baja", "intervencion": "Mantención preventiva", "costo_estimado_clp": 7815.8257640225847, "costo_mclp": 0.0078, "ipi_rank": 1 }, "geometry": { "type": "LineString", "coordinates": [ [ -70.6426765, -33.4773211 ], [ -70.6427767, -33.477317 ] ] } },
{ "type": "Feature", "properties": { "highway": "footway", "name": null, "length_m": 56.615841914602669, "jerarquia": 1, "IPI": 0.13921650743133851, "prioridad": "Muy baja", "intervencion": "Mantención preventiva", "costo_estimado_clp": 47557.30720826624, "costo_mclp": 0.0476, "ipi_rank": 1 }, "geometry": { "type": "LineString", "coordinates": [ [ -70.6427767, -33.477317 ], [ -70.6433864, -33.4772922 ] ] } },
{ "type": "Feature", "properties": { "highway": "footway", "name": null, "length_m": 56.615841914602669, "jerarquia": 1, "IPI": 0.13921650743133851, "prioridad": "Muy baja", "intervencion": "Mantención preventiva", "costo_estimado_clp": 47557.30720826624, "costo_mclp": 0.0476, "ipi_rank": 1 }, "geometry": { "type": "LineString", "coordinates": [ [ -70.6433864, -33.4772922 ], [ -70.6427767, -33.477317 ] ] } },
{ "type": "Feature", "properties": { "highway": "footway", "name": null, "length_m": 27.126727302347387, "jerarquia": 1, "IPI": 0.14009263944719472, "prioridad": "Muy baja", "intervencion": "Mantención preventiva", "costo_estimado_clp": 22786.450933971806, "costo_mclp": 0.0228, "ipi_rank": 1 }, "geometry": { "type": "LineString", "coordinates": [ [ -70.6437096, -33.4771783 ], [ -70.6436962, -33.477422 ] ] } },
{ "type": "Feature", "properties": { "highway": "footway", "name": null, "length_m": 27.126727302347387, "jerarquia": 1, "IPI": 0.14009263944719472, "prioridad": "Muy baja", "intervencion": "Mantención preventiva", "costo_estimado_clp": 22786.450933971806, "costo_mclp": 0.0228, "ipi_rank": 1 }, "geometry": { "type": "LineString", "coordinates": [ [ -70.6436962, -33.477422 ], [ -70.6437096, -33.4771783 ] ] } },
{ "type": "Feature", "properties": { "highway": "footway", "name": null, "length_m": 50.219679341968899, "jerarquia": 1, "IPI": 0.14758967544335921, "prioridad": "Baja", "intervencion": "Bacheo puntual", "costo_estimado_clp": 126553.59194176161, "costo_mclp": 0.1266, "ipi_rank": 2 }, "geometry": { "type": "LineString", "coordinates": [ [ -70.6439878, -33.4774195 ], [ -70.6440091, -33.4773835 ], [ -70.643733, -33.4773569 ], [ -70.6437096, -33.4771783 ] ] } },
{ "type": "Feature", "properties": { "highway": "footway", "name": null, "length_m": 50.219679341968899, "jerarquia": 1, "IPI": 0.14758967544335316, "prioridad": "Baja", "intervencion": "Bacheo puntual", "costo_estimado_clp": 126553.59194176161, "costo_mclp": 0.1266, "ipi_rank": 2 }, "geometry": { "type": "LineString", "coordinates": [ [ -70.6437096, -33.4771783 ], [ -70.643733, -33.4773569 ], [ -70.6440091, -33.4773835 ], [ -70.6439878, -33.4774195 ] ] } },
{ "type": "Feature", "properties": { "highway": "footway", "name": null, "length_m": 11.013436867244277, "jerarquia": 1, "IPI": 0.12738240576941862, "prioridad": "Muy baja", "intervencion": "Mantención preventiva", "costo_estimado_clp": 9251.2869684851921, "costo_mclp": 0.0093, "ipi_rank": 1 }, "geometry": { "type": "LineString", "coordinates": [ [ -70.6433864, -33.4772922 ], [ -70.643505, -33.4772873 ] ] } },
{ "type": "Feature", "properties": { "highway": "service", "name": null, "length_m": 49.349144388330672, "jerarquia": 1, "IPI": 0.16501222281892453, "prioridad": "Baja", "intervencion": "Bacheo puntual", "costo_estimado_clp": 124359.84385859329, "costo_mclp": 0.1244, "ipi_rank": 2 }, "geometry": { "type": "LineString", "coordinates": [ [ -70.6473309, -33.4783058 ], [ -70.6473336, -33.4786738 ], [ -70.6473336, -33.4787496 ] ] } },
{ "type": "Feature", "properties": { "highway": "service", "name": null, "length_m": 49.349144388330672, "jerarquia": 1, "IPI": 0.16501222281892453, "prioridad": "Baja", "intervencion": "Bacheo puntual", "costo_estimado_clp": 124359.84385859329, "costo_mclp": 0.1244, "ipi_rank": 2 }, "geometry": { "type": "LineString", "coordinates": [ [ -70.6473336, -33.4787496 ], [ -70.6473336, -33.4786738 ], [ -70.6473309, -33.4783058 ] ] } },
{ "type": "Feature", "properties": { "highway": "service", "name": null, "length_m": 122.17010181864345, "jerarquia": 1, "IPI": 0.21301610806540333, "prioridad": "Alta", "intervencion": "Repavimentación + señalización", "costo_estimado_clp": 7269121.0582092851, "costo_mclp": 7.2691, "ipi_rank": 4 }, "geometry": { "type": "LineString", "coordinates": [ [ -70.6476209, -33.4787487 ], [ -70.6476209, -33.4786828 ], [ -70.6476221, -33.4777364 ], [ -70.6476222, -33.47765 ] ] } },
{ "type": "Feature", "properties": { "highway": "service", "name": null, "length_m": 122.17010181864345, "jerarquia": 1, "IPI": 0.21301610806540333, "prioridad": "Alta", "intervencion": "Repavimentación + señalización", "costo_estimado_clp": 7269121.0582092851, "costo_mclp": 7.2691, "ipi_rank": 4 }, "geometry": { "type": "LineString", "coordinates": [ [ -70.6476222, -33.47765 ], [ -70.6476221, -33.4777364 ], [ -70.6476209, -33.4786828 ], [ -70.6476209, -33.4787487 ] ] } },
{ "type": "Feature", "properties": { "highway": "primary", "name": "Avenida Carlos Silva Vildósola", "length_m": 111.30711765326959, "jerarquia": 4, "IPI": 0.59053574616646309, "prioridad": "Muy alta", "intervencion": "Repavimentación + señalización + iluminación", "costo_estimado_clp": 7012348.412155983, "costo_mclp": 7.0123, "ipi_rank": 5 }, "geometry": { "type": "LineString", "coordinates": [ [ -70.6464221, -33.4776524 ], [ -70.6476222, -33.47765 ] ] } },
{ "type": "Feature", "properties": { "highway": "footway", "name": null, "length_m": 88.589914352812613, "jerarquia": 1, "IPI": 0.23945942208775017, "prioridad": "Alta", "intervencion": "Repavimentación + señalización", "costo_estimado_clp": 5271099.9039923511, "costo_mclp": 5.2711, "ipi_rank": 4 }, "geometry": { "type": "LineString", "coordinates": [ [ -70.6479999, -33.4774994 ], [ -70.6478438, -33.477509 ], [ -70.6478084, -33.4775385 ], [ -70.6470598, -33.4775404 ] ] } },
{ "type": "Feature", "properties": { "highway": "footway", "name": null, "length_m": 88.589914352812627, "jerarquia": 1, "IPI": 0.23945942208774801, "prioridad": "Alta", "intervencion": "Repavimentación + señalización", "costo_estimado_clp": 5271099.9039923511, "costo_mclp": 5.2711, "ipi_rank": 4 }, "geometry": { "type": "LineString", "coordinates": [ [ -70.6470598, -33.4775404 ], [ -70.6478084, -33.4775385 ], [ -70.6478438, -33.477509 ], [ -70.6479999, -33.4774994 ] ] } },
{ "type": "Feature", "properties": { "highway": "footway", "name": null, "length_m": 11.231350669160236, "jerarquia": 1, "IPI": 0.16191260898370177, "prioridad": "Baja", "intervencion": "Bacheo puntual", "costo_estimado_clp": 28303.003686283795, "costo_mclp": 0.0283, "ipi_rank": 2 }, "geometry": { "type": "LineString", "coordinates": [ [ -70.6470598, -33.4775404 ], [ -70.6470585, -33.4774394 ] ] } },
{ "type": "Feature", "properties": { "highway": "footway", "name": null, "length_m": 11.231350669160236, "jerarquia": 1, "IPI": 0.16191260898370177, "prioridad": "Baja", "intervencion": "Bacheo puntual", "costo_estimado_clp": 28303.003686283795, "costo_mclp": 0.0283, "ipi_rank": 2 }, "geometry": { "type": "LineString", "coordinates": [ [ -70.6470585, -33.4774394 ], [ -70.6470598, -33.4775404 ] ] } },
{ "type": "Feature", "properties": { "highway": "footway", "name": null, "length_m": 77.574767860737595, "jerarquia": 1, "IPI": 0.25763128979276256, "prioridad": "Alta", "intervencion": "Repavimentación + señalización", "costo_estimado_clp": 4615698.6877138875, "costo_mclp": 4.6157, "ipi_rank": 4 }, "geometry": { "type": "LineString", "coordinates": [ [ -70.6478949, -33.4774378 ], [ -70.6470585, -33.4774394 ] ] } },
{ "type": "Feature", "properties": { "highway": "tertiary", "name": "Rivas", "length_m": 90.641977710388986, "jerarquia": 2, "IPI": 0.31683598725738105, "prioridad": "Muy alta", "intervencion": "Repavimentación + señalización + iluminación", "costo_estimado_clp": 5710444.5957545051, "costo_mclp": 5.7104, "ipi_rank": 5 }, "geometry": { "type": "LineString", "coordinates": [ [ -70.6464371, -33.4787523 ], [ -70.6454598, -33.4787552 ] ] } },
{ "type": "Feature", "properties": { "highway": "primary", "name": "Avenida Carlos Silva Vildósola", "length_m": 130.64510941253684, "jerarquia": 4, "IPI": 0.58843878810984696, "prioridad": "Muy alta", "intervencion": "Repavimentación + señalización + iluminación", "costo_estimado_clp": 8230641.8929898208, "costo_mclp": 8.2306, "ipi_rank": 5 }, "geometry": { "type": "LineString", "coordinates": [ [ -70.6450135, -33.4776552 ], [ -70.6464221, -33.4776524 ] ] } },
{ "type": "Feature", "properties": { "highway": "footway", "name": null, "length_m": 323.3107376776328, "jerarquia": 1, "IPI": 0.22778154307863221, "prioridad": "Alta", "intervencion": "Repavimentación + señalización", "costo_estimado_clp": 19236988.891819149, "costo_mclp": 19.237, "ipi_rank": 4 }, "geometry": { "type": "LineString", "coordinates": [ [ -70.6470598, -33.4775404 ], [ -70.64606, -33.4775429 ], [ -70.6460246, -33.4775252 ], [ -70.6459804, -33.4775149 ], [ -70.6459273, -33.4775193 ], [ -70.6452089, -33.4775414 ], [ -70.6447098, -33.4775119 ], [ -70.6445771, -33.4775119 ], [ -70.6444603, -33.4775119 ], [ -70.6442055, -33.4775341 ], [ -70.6440905, -33.4775341 ], [ -70.6439595, -33.4775326 ], [ -70.6437596, -33.4775473 ], [ -70.6436896, -33.4775403 ], [ -70.6436927, -33.4774847 ], [ -70.6436944, -33.4774541 ] ] } },
{ "type": "Feature", "properties": { "highway": "footway", "name": null, "length_m": 323.31073767763286, "jerarquia": 1, "IPI": 0.22778154307864951, "prioridad": "Alta", "intervencion": "Repavimentación + señalización", "costo_estimado_clp": 19236988.891819153, "costo_mclp": 19.237, "ipi_rank": 4 }, "geometry": { "type": "LineString", "coordinates": [ [ -70.6436944, -33.4774541 ], [ -70.6436927, -33.4774847 ], [ -70.6436896, -33.4775403 ], [ -70.6437596, -33.4775473 ], [ -70.6439595, -33.4775326 ], [ -70.6440905, -33.4775341 ], [ -70.6442055, -33.4775341 ], [ -70.6444603, -33.4775119 ], [ -70.6445771, -33.4775119 ], [ -70.6447098, -33.4775119 ], [ -70.6452089, -33.4775414 ], [ -70.6459273, -33.4775193 ], [ -70.6459804, -33.4775149 ], [ -70.6460246, -33.4775252 ], [ -70.64606, -33.4775429 ], [ -70.6470598, -33.4775404 ] ] } },
{ "type": "Feature", "properties": { "highway": "footway", "name": null, "length_m": 105.69726117659044, "jerarquia": 1, "IPI": 0.21485630232029002, "prioridad": "Alta", "intervencion": "Repavimentación + señalización", "costo_estimado_clp": 6288987.0400071312, "costo_mclp": 6.289, "ipi_rank": 4 }, "geometry": { "type": "LineString", "coordinates": [ [ -70.6451239, -33.4774477 ], [ -70.6462635, -33.4774427 ] ] } },
{ "type": "Feature", "properties": { "highway": "footway", "name": null, "length_m": 105.69726117659044, "jerarquia": 1, "IPI": 0.21485630232029002, "prioridad": "Alta", "intervencion": "Repavimentación + señalización", "costo_estimado_clp": 6288987.0400071312, "costo_mclp": 6.289, "ipi_rank": 4 }, "geometry": { "type": "LineString", "coordinates": [ [ -70.6462635, -33.4774427 ], [ -70.6451239, -33.4774477 ] ] } },
{ "type": "Feature", "properties": { "highway": "footway", "name": null, "length_m": 4.2493631235196645, "jerarquia": 1, "IPI": 0.15740445443039303, "prioridad": "Baja", "intervencion": "Bacheo puntual", "costo_estimado_clp": 10708.395071269555, "costo_mclp": 0.0107, "ipi_rank": 2 }, "geometry": { "type": "LineString", "coordinates": [ [ -70.6451226, -33.4774095 ], [ -70.6451239, -33.4774477 ] ] } },
{ "type": "Feature", "properties": { "highway": "footway", "name": null, "length_m": 4.2493631235196645, "jerarquia": 1, "IPI": 0.15740445443039303, "prioridad": "Baja", "intervencion": "Bacheo puntual", "costo_estimado_clp": 10708.395071269555, "costo_mclp": 0.0107, "ipi_rank": 2 }, "geometry": { "type": "LineString", "coordinates": [ [ -70.6451239, -33.4774477 ], [ -70.6451226, -33.4774095 ] ] } },
{ "type": "Feature", "properties": { "highway": "cycleway", "name": "Ciclovía Parque Víctor Jara", "length_m": 4.3872150786134076, "jerarquia": 1, "IPI": 0.14211304134753705, "prioridad": "Muy baja", "intervencion": "Mantención preventiva", "costo_estimado_clp": 3685.2606660352621, "costo_mclp": 0.0037, "ipi_rank": 1 }, "geometry": { "type": "LineString", "coordinates": [ [ -70.6451226, -33.4774095 ], [ -70.6451699, -33.4774091 ] ] } },
{ "type": "Feature", "properties": { "highway": "cycleway", "name": "Ciclovía Parque Víctor Jara", "length_m": 4.3872150786134076, "jerarquia": 1, "IPI": 0.14211304134753705, "prioridad": "Muy baja", "intervencion": "Mantención preventiva", "costo_estimado_clp": 3685.2606660352621, "costo_mclp": 0.0037, "ipi_rank": 1 }, "geometry": { "type": "LineString", "coordinates": [ [ -70.6451699, -33.4774091 ], [ -70.6451226, -33.4774095 ] ] } },
{ "type": "Feature", "properties": { "highway": "residential", "name": "Arturo Prat", "length_m": 122.31585491481778, "jerarquia": 1, "IPI": 0.2086968930638721, "prioridad": "Alta", "intervencion": "Repavimentación + señalización", "costo_estimado_clp": 7277793.3674316574, "costo_mclp": 7.2778, "ipi_rank": 4 }, "geometry": { "type": "LineString", "coordinates": [ [ -70.6464371, -33.4787523 ], [ -70.6464337, -33.4786917 ], [ -70.6464221, -33.4776524 ] ] } },
{ "type": "Feature", "properties": { "highway": "footway", "name": null, "length_m": 73.735737600773334, "jerarquia": 1, "IPI": 0.20854807593248953, "prioridad": "Alta", "intervencion": "Repavimentación + señalización", "costo_estimado_clp": 4387276.3872460136, "costo_mclp": 4.3873, "ipi_rank": 4 }, "geometry": { "type": "LineString", "coordinates": [ [ -70.6470585, -33.4774394 ], [ -70.6469572, -33.4774396 ], [ -70.6462635, -33.4774427 ] ] } },
{ "type": "Feature", "properties": { "highway": "footway", "name": null, "length_m": 73.735737600773334, "jerarquia": 1, "IPI": 0.20854807593248953, "prioridad": "Alta", "intervencion": "Repavimentación + señalización", "costo_estimado_clp": 4387276.3872460136, "costo_mclp": 4.3873, "ipi_rank": 4 }, "geometry": { "type": "LineString", "coordinates": [ [ -70.6462635, -33.4774427 ], [ -70.6469572, -33.4774396 ], [ -70.6470585, -33.4774394 ] ] } },
{ "type": "Feature", "properties": { "highway": "footway", "name": null, "length_m": 4.7945269811576514, "jerarquia": 1, "IPI": 0.16257991449607831, "prioridad": "Baja", "intervencion": "Bacheo puntual", "costo_estimado_clp": 12082.20799251728, "costo_mclp": 0.0121, "ipi_rank": 2 }, "geometry": { "type": "LineString", "coordinates": [ [ -70.6462635, -33.4774427 ], [ -70.646262, -33.4773996 ] ] } },
{ "type": "Feature", "properties": { "highway": "footway", "name": null, "length_m": 4.7945269811576514, "jerarquia": 1, "IPI": 0.16257991449607831, "prioridad": "Baja", "intervencion": "Bacheo puntual", "costo_estimado_clp": 12082.20799251728, "costo_mclp": 0.0121, "ipi_rank": 2 }, "geometry": { "type": "LineString", "coordinates": [ [ -70.646262, -33.4773996 ], [ -70.6462635, -33.4774427 ] ] } },
{ "type": "Feature", "properties": { "highway": "cycleway", "name": "Ciclovía Parque Víctor Jara", "length_m": 73.813128699352504, "jerarquia": 1, "IPI": 0.207245249077606, "prioridad": "Alta", "intervencion": "Repavimentación + señalización", "costo_estimado_clp": 4391881.1576114735, "costo_mclp": 4.3919, "ipi_rank": 4 }, "geometry": { "type": "LineString", "coordinates": [ [ -70.6470578, -33.4773926 ], [ -70.646262, -33.4773996 ] ] } },
{ "type": "Feature", "properties": { "highway": "cycleway", "name": "Ciclovía Parque Víctor Jara", "length_m": 73.813128699352504, "jerarquia": 1, "IPI": 0.207245249077606, "prioridad": "Alta", "intervencion": "Repavimentación + señalización", "costo_estimado_clp": 4391881.1576114735, "costo_mclp": 4.3919, "ipi_rank": 4 }, "geometry": { "type": "LineString", "coordinates": [ [ -70.646262, -33.4773996 ], [ -70.6470578, -33.4773926 ] ] } },
{ "type": "Feature", "properties": { "highway": "footway", "name": null, "length_m": 6.8298975990768493, "jerarquia": 1, "IPI": 0.16846963780402474, "prioridad": "Media", "intervencion": "Señalización + bacheo puntual", "costo_estimado_clp": 57371.139832245535, "costo_mclp": 0.0574, "ipi_rank": 3 }, "geometry": { "type": "LineString", "coordinates": [ [ -70.646262, -33.4773996 ], [ -70.64626, -33.4773382 ] ] } },
{ "type": "Feature", "properties": { "highway": "footway", "name": null, "length_m": 6.8298975990768493, "jerarquia": 1, "IPI": 0.16846963780402474, "prioridad": "Media", "intervencion": "Señalización + bacheo puntual", "costo_estimado_clp": 57371.139832245535, "costo_mclp": 0.0574, "ipi_rank": 3 }, "geometry": { "type": "LineString", "coordinates": [ [ -70.64626, -33.4773382 ], [ -70.646262, -33.4773996 ] ] } },
{ "type": "Feature", "properties": { "highway": "footway", "name": null, "length_m": 3.2740328460228789, "jerarquia": 1, "IPI": 0.19284402957323055, "prioridad": "Media", "intervencion": "Señalización + bacheo puntual", "costo_estimado_clp": 27501.87590659218, "costo_mclp": 0.0275, "ipi_rank": 3 }, "geometry": { "type": "LineString", "coordinates": [ [ -70.6462953, -33.4773381 ], [ -70.64626, -33.4773382 ] ] } },
{ "type": "Feature", "properties": { "highway": "cycleway", "name": "Ciclovía Parque Víctor Jara", "length_m": 101.29581745146778, "jerarquia": 1, "IPI": 0.18017493862280015, "prioridad": "Media", "intervencion": "Señalización + bacheo puntual", "costo_estimado_clp": 850884.86659232934, "costo_mclp": 0.8509, "ipi_rank": 3 }, "geometry": { "type": "LineString", "coordinates": [ [ -70.6451699, -33.4774091 ], [ -70.646262, -33.4773996 ] ] } },
{ "type": "Feature", "properties": { "highway": "cycleway", "name": "Ciclovía Parque Víctor Jara", "length_m": 101.29581745146778, "jerarquia": 1, "IPI": 0.18017493862280015, "prioridad": "Media", "intervencion": "Señalización + bacheo puntual", "costo_estimado_clp": 850884.86659232934, "costo_mclp": 0.8509, "ipi_rank": 3 }, "geometry": { "type": "LineString", "coordinates": [ [ -70.646262, -33.4773996 ], [ -70.6451699, -33.4774091 ] ] } },
{ "type": "Feature", "properties": { "highway": "footway", "name": null, "length_m": 7.4862104180144602, "jerarquia": 1, "IPI": 0.13836713708937981, "prioridad": "Muy baja", "intervencion": "Mantención preventiva", "costo_estimado_clp": 6288.4167511321466, "costo_mclp": 0.0063, "ipi_rank": 1 }, "geometry": { "type": "LineString", "coordinates": [ [ -70.6451204, -33.4773422 ], [ -70.6451226, -33.4774095 ] ] } },
{ "type": "Feature", "properties": { "highway": "footway", "name": null, "length_m": 7.4862104180144602, "jerarquia": 1, "IPI": 0.13836713708937981, "prioridad": "Muy baja", "intervencion": "Mantención preventiva", "costo_estimado_clp": 6288.4167511321466, "costo_mclp": 0.0063, "ipi_rank": 1 }, "geometry": { "type": "LineString", "coordinates": [ [ -70.6451226, -33.4774095 ], [ -70.6451204, -33.4773422 ] ] } },
{ "type": "Feature", "properties": { "highway": "footway", "name": null, "length_m": 45.939700849345783, "jerarquia": 1, "IPI": 0.18013102829841254, "prioridad": "Media", "intervencion": "Señalización + bacheo puntual", "costo_estimado_clp": 385893.48713450454, "costo_mclp": 0.3859, "ipi_rank": 3 }, "geometry": { "type": "LineString", "coordinates": [ [ -70.6456583, -33.4773403 ], [ -70.6451699, -33.4774091 ] ] } },
{ "type": "Feature", "properties": { "highway": "footway", "name": null, "length_m": 45.939700849345783, "jerarquia": 1, "IPI": 0.18013102829841254, "prioridad": "Media", "intervencion": "Señalización + bacheo puntual", "costo_estimado_clp": 385893.48713450454, "costo_mclp": 0.3859, "ipi_rank": 3 }, "geometry": { "type": "LineString", "coordinates": [ [ -70.6451699, -33.4774091 ], [ -70.6456583, -33.4773403 ] ] } },
{ "type": "Feature", "properties": { "highway": "footway", "name": null, "length_m": 39.715158333007807, "jerarquia": 1, "IPI": 0.16956967951728671, "prioridad": "Media", "intervencion": "Señalización + bacheo puntual", "costo_estimado_clp": 333607.32999726554, "costo_mclp": 0.3336, "ipi_rank": 3 }, "geometry": { "type": "LineString", "coordinates": [ [ -70.6451204, -33.4773422 ], [ -70.6455486, -33.4773407 ] ] } },
{ "type": "Feature", "properties": { "highway": "footway", "name": null, "length_m": 39.715158333007807, "jerarquia": 1, "IPI": 0.16956967951728671, "prioridad": "Media", "intervencion": "Señalización + bacheo puntual", "costo_estimado_clp": 333607.32999726554, "costo_mclp": 0.3336, "ipi_rank": 3 }, "geometry": { "type": "LineString", "coordinates": [ [ -70.6455486, -33.4773407 ], [ -70.6451204, -33.4773422 ] ] } },
{ "type": "Feature", "properties": { "highway": "footway", "name": null, "length_m": 10.174582260373354, "jerarquia": 1, "IPI": 0.18498866849035853, "prioridad": "Media", "intervencion": "Señalización + bacheo puntual", "costo_estimado_clp": 85466.490987136174, "costo_mclp": 0.0855, "ipi_rank": 3 }, "geometry": { "type": "LineString", "coordinates": [ [ -70.6455486, -33.4773407 ], [ -70.6456583, -33.4773403 ] ] } },
{ "type": "Feature", "properties": { "highway": "footway", "name": null, "length_m": 10.174582260373354, "jerarquia": 1, "IPI": 0.18498866849035853, "prioridad": "Media", "intervencion": "Señalización + bacheo puntual", "costo_estimado_clp": 85466.490987136174, "costo_mclp": 0.0855, "ipi_rank": 3 }, "geometry": { "type": "LineString", "coordinates": [ [ -70.6456583, -33.4773403 ], [ -70.6455486, -33.4773407 ] ] } },
{ "type": "Feature", "properties": { "highway": "footway", "name": null, "length_m": 77.574767860737595, "jerarquia": 1, "IPI": 0.25763128979276256, "prioridad": "Alta", "intervencion": "Repavimentación + señalización", "costo_estimado_clp": 4615698.6877138875, "costo_mclp": 4.6157, "ipi_rank": 4 }, "geometry": { "type": "LineString", "coordinates": [ [ -70.6470585, -33.4774394 ], [ -70.6478949, -33.4774378 ] ] } },
{ "type": "Feature", "properties": { "highway": "footway", "name": null, "length_m": 5.2043348935959663, "jerarquia": 1, "IPI": 0.20165975128440375, "prioridad": "Media", "intervencion": "Señalización + bacheo puntual", "costo_estimado_clp": 43716.413106206113, "costo_mclp": 0.0437, "ipi_rank": 3 }, "geometry": { "type": "LineString", "coordinates": [ [ -70.6470585, -33.4774394 ], [ -70.6470578, -33.4773926 ] ] } },
{ "type": "Feature", "properties": { "highway": "footway", "name": null, "length_m": 5.2043348935959663, "jerarquia": 1, "IPI": 0.20165975128440375, "prioridad": "Media", "intervencion": "Señalización + bacheo puntual", "costo_estimado_clp": 43716.413106206113, "costo_mclp": 0.0437, "ipi_rank": 3 }, "geometry": { "type": "LineString", "coordinates": [ [ -70.6470578, -33.4773926 ], [ -70.6470585, -33.4774394 ] ] } },
{ "type": "Feature", "properties": { "highway": "cycleway", "name": "Ciclovía Parque Víctor Jara", "length_m": 79.084884513281935, "jerarquia": 1, "IPI": 0.27466082359899091, "prioridad": "Alta", "intervencion": "Repavimentación + señalización", "costo_estimado_clp": 4705550.6285402747, "costo_mclp": 4.7056, "ipi_rank": 4 }, "geometry": { "type": "LineString", "coordinates": [ [ -70.6478949, -33.4774378 ], [ -70.647831, -33.4774003 ], [ -70.6477306, -33.4773867 ], [ -70.6470578, -33.4773926 ] ] } },
{ "type": "Feature", "properties": { "highway": "cycleway", "name": "Ciclovía Parque Víctor Jara", "length_m": 79.084884513281935, "jerarquia": 1, "IPI": 0.27466082359899091, "prioridad": "Alta", "intervencion": "Repavimentación + señalización", "costo_estimado_clp": 4705550.6285402747, "costo_mclp": 4.7056, "ipi_rank": 4 }, "geometry": { "type": "LineString", "coordinates": [ [ -70.6470578, -33.4773926 ], [ -70.6477306, -33.4773867 ], [ -70.647831, -33.4774003 ], [ -70.6478949, -33.4774378 ] ] } },
{ "type": "Feature", "properties": { "highway": "footway", "name": null, "length_m": 6.3607915666435968, "jerarquia": 1, "IPI": 0.20974086732708688, "prioridad": "Alta", "intervencion": "Repavimentación + señalización", "costo_estimado_clp": 378467.09821529401, "costo_mclp": 0.3785, "ipi_rank": 4 }, "geometry": { "type": "LineString", "coordinates": [ [ -70.6470578, -33.4773926 ], [ -70.647057, -33.4773354 ] ] } },
{ "type": "Feature", "properties": { "highway": "footway", "name": null, "length_m": 6.3607915666435968, "jerarquia": 1, "IPI": 0.20974086732708688, "prioridad": "Alta", "intervencion": "Repavimentación + señalización", "costo_estimado_clp": 378467.09821529401, "costo_mclp": 0.3785, "ipi_rank": 4 }, "geometry": { "type": "LineString", "coordinates": [ [ -70.647057, -33.4773354 ], [ -70.6470578, -33.4773926 ] ] } },
{ "type": "Feature", "properties": { "highway": "footway", "name": null, "length_m": 20.260967062832353, "jerarquia": 1, "IPI": 0.17431805855410309, "prioridad": "Media", "intervencion": "Señalización + bacheo puntual", "costo_estimado_clp": 170192.12332779178, "costo_mclp": 0.1702, "ipi_rank": 3 }, "geometry": { "type": "LineString", "coordinates": [ [ -70.6470546, -33.4771532 ], [ -70.647057, -33.4773354 ] ] } },
{ "type": "Feature", "properties": { "highway": "footway", "name": null, "length_m": 20.260967062832353, "jerarquia": 1, "IPI": 0.17431805855410309, "prioridad": "Media", "intervencion": "Señalización + bacheo puntual", "costo_estimado_clp": 170192.12332779178, "costo_mclp": 0.1702, "ipi_rank": 3 }, "geometry": { "type": "LineString", "coordinates": [ [ -70.647057, -33.4773354 ], [ -70.6470546, -33.4771532 ] ] } },
{ "type": "Feature", "properties": { "highway": "footway", "name": null, "length_m": 132.06011353462807, "jerarquia": 1, "IPI": 0.2175600700898723, "prioridad": "Alta", "intervencion": "Repavimentación + señalización", "costo_estimado_clp": 7857576.7553103706, "costo_mclp": 7.8576, "ipi_rank": 4 }, "geometry": { "type": "LineString", "coordinates": [ [ -70.6470546, -33.4771532 ], [ -70.6476615, -33.4771532 ], [ -70.647658, -33.4773333 ], [ -70.647057, -33.4773354 ] ] } },
{ "type": "Feature", "properties": { "highway": "footway", "name": null, "length_m": 55.80712242893744, "jerarquia": 1, "IPI": 0.20751803652158968, "prioridad": "Alta", "intervencion": "Repavimentación + señalización", "costo_estimado_clp": 3320523.7845217776, "costo_mclp": 3.3205, "ipi_rank": 4 }, "geometry": { "type": "LineString", "coordinates": [ [ -70.6456583, -33.4773403 ], [ -70.64626, -33.4773382 ] ] } },
{ "type": "Feature", "properties": { "highway": "footway", "name": null, "length_m": 55.80712242893744, "jerarquia": 1, "IPI": 0.20751803652158968, "prioridad": "Alta", "intervencion": "Repavimentación + señalización", "costo_estimado_clp": 3320523.7845217776, "costo_mclp": 3.3205, "ipi_rank": 4 }, "geometry": { "type": "LineString", "coordinates": [ [ -70.64626, -33.4773382 ], [ -70.6456583, -33.4773403 ] ] } },
{ "type": "Feature", "properties": { "highway": "footway", "name": null, "length_m": 20.027181713346458, "jerarquia": 1, "IPI": 0.15477518941516982, "prioridad": "Baja", "intervencion": "Bacheo puntual", "costo_estimado_clp": 50468.497917633067, "costo_mclp": 0.0505, "ipi_rank": 2 }, "geometry": { "type": "LineString", "coordinates": [ [ -70.6451183, -33.4771621 ], [ -70.6451204, -33.4773422 ] ] } },
{ "type": "Feature", "properties": { "highway": "footway", "name": null, "length_m": 20.027181713346458, "jerarquia": 1, "IPI": 0.15477518941516982, "prioridad": "Baja", "intervencion": "Bacheo puntual", "costo_estimado_clp": 50468.497917633067, "costo_mclp": 0.0505, "ipi_rank": 2 }, "geometry": { "type": "LineString", "coordinates": [ [ -70.6451204, -33.4773422 ], [ -70.6451183, -33.4771621 ] ] } },
{ "type": "Feature", "properties": { "highway": "footway", "name": null, "length_m": 20.137738367157787, "jerarquia": 1, "IPI": 0.1806280305460094, "prioridad": "Media", "intervencion": "Señalización + bacheo puntual", "costo_estimado_clp": 169157.0022841254, "costo_mclp": 0.1692, "ipi_rank": 3 }, "geometry": { "type": "LineString", "coordinates": [ [ -70.6455486, -33.4773407 ], [ -70.6455309, -33.4771602 ] ] } },
{ "type": "Feature", "properties": { "highway": "footway", "name": null, "length_m": 20.137738367157787, "jerarquia": 1, "IPI": 0.1806280305460094, "prioridad": "Media", "intervencion": "Señalización + bacheo puntual", "costo_estimado_clp": 169157.0022841254, "costo_mclp": 0.1692, "ipi_rank": 3 }, "geometry": { "type": "LineString", "coordinates": [ [ -70.6455309, -33.4771602 ], [ -70.6455486, -33.4773407 ] ] } },
{ "type": "Feature", "properties": { "highway": "footway", "name": null, "length_m": 38.268597945571543, "jerarquia": 1, "IPI": 0.17998570589498156, "prioridad": "Media", "intervencion": "Señalización + bacheo puntual", "costo_estimado_clp": 321456.22274280101, "costo_mclp": 0.3215, "ipi_rank": 3 }, "geometry": { "type": "LineString", "coordinates": [ [ -70.6455309, -33.4771602 ], [ -70.6451183, -33.4771621 ] ] } },
{ "type": "Feature", "properties": { "highway": "footway", "name": null, "length_m": 38.268597945571543, "jerarquia": 1, "IPI": 0.17998570589498156, "prioridad": "Media", "intervencion": "Señalización + bacheo puntual", "costo_estimado_clp": 321456.22274280101, "costo_mclp": 0.3215, "ipi_rank": 3 }, "geometry": { "type": "LineString", "coordinates": [ [ -70.6451183, -33.4771621 ], [ -70.6455309, -33.4771602 ] ] } },
{ "type": "Feature", "properties": { "highway": "footway", "name": null, "length_m": 70.703224686549873, "jerarquia": 1, "IPI": 0.1780498798419165, "prioridad": "Media", "intervencion": "Señalización + bacheo puntual", "costo_estimado_clp": 593907.08736701892, "costo_mclp": 0.5939, "ipi_rank": 3 }, "geometry": { "type": "LineString", "coordinates": [ [ -70.6455309, -33.4771602 ], [ -70.6462932, -33.4771567 ] ] } },
{ "type": "Feature", "properties": { "highway": "footway", "name": null, "length_m": 70.703224686549873, "jerarquia": 1, "IPI": 0.1780498798419165, "prioridad": "Media", "intervencion": "Señalización + bacheo puntual", "costo_estimado_clp": 593907.08736701892, "costo_mclp": 0.5939, "ipi_rank": 3 }, "geometry": { "type": "LineString", "coordinates": [ [ -70.6462932, -33.4771567 ], [ -70.6455309, -33.4771602 ] ] } },
{ "type": "Feature", "properties": { "highway": "footway", "name": null, "length_m": 3.2740328460228789, "jerarquia": 1, "IPI": 0.19284402957323055, "prioridad": "Media", "intervencion": "Señalización + bacheo puntual", "costo_estimado_clp": 27501.87590659218, "costo_mclp": 0.0275, "ipi_rank": 3 }, "geometry": { "type": "LineString", "coordinates": [ [ -70.64626, -33.4773382 ], [ -70.6462953, -33.4773381 ] ] } },
{ "type": "Feature", "properties": { "highway": "footway", "name": null, "length_m": 70.646997027788785, "jerarquia": 1, "IPI": 0.22305382630298812, "prioridad": "Alta", "intervencion": "Repavimentación + señalización", "costo_estimado_clp": 4203496.3231534334, "costo_mclp": 4.2035, "ipi_rank": 4 }, "geometry": { "type": "LineString", "coordinates": [ [ -70.6462953, -33.4773381 ], [ -70.647057, -33.4773354 ] ] } },
{ "type": "Feature", "properties": { "highway": "footway", "name": null, "length_m": 70.646997027788785, "jerarquia": 1, "IPI": 0.22305382630298812, "prioridad": "Alta", "intervencion": "Repavimentación + señalización", "costo_estimado_clp": 4203496.3231534334, "costo_mclp": 4.2035, "ipi_rank": 4 }, "geometry": { "type": "LineString", "coordinates": [ [ -70.647057, -33.4773354 ], [ -70.6462953, -33.4773381 ] ] } },
{ "type": "Feature", "properties": { "highway": "footway", "name": null, "length_m": 20.171728534002792, "jerarquia": 1, "IPI": 0.17223014403784342, "prioridad": "Media", "intervencion": "Señalización + bacheo puntual", "costo_estimado_clp": 169442.51968562344, "costo_mclp": 0.1694, "ipi_rank": 3 }, "geometry": { "type": "LineString", "coordinates": [ [ -70.6462932, -33.4771567 ], [ -70.6462953, -33.4773381 ] ] } },
{ "type": "Feature", "properties": { "highway": "footway", "name": null, "length_m": 20.171728534002792, "jerarquia": 1, "IPI": 0.17223014403784342, "prioridad": "Media", "intervencion": "Señalización + bacheo puntual", "costo_estimado_clp": 169442.51968562344, "costo_mclp": 0.1694, "ipi_rank": 3 }, "geometry": { "type": "LineString", "coordinates": [ [ -70.6462953, -33.4773381 ], [ -70.6462932, -33.4771567 ] ] } },
{ "type": "Feature", "properties": { "highway": "footway", "name": null, "length_m": 70.619755187888344, "jerarquia": 1, "IPI": 0.16127023550867667, "prioridad": "Baja", "intervencion": "Bacheo puntual", "costo_estimado_clp": 177961.78307347864, "costo_mclp": 0.178, "ipi_rank": 2 }, "geometry": { "type": "LineString", "coordinates": [ [ -70.6462932, -33.4771567 ], [ -70.6470546, -33.4771532 ] ] } },
{ "type": "Feature", "properties": { "highway": "footway", "name": null, "length_m": 70.619755187888344, "jerarquia": 1, "IPI": 0.16127023550867667, "prioridad": "Baja", "intervencion": "Bacheo puntual", "costo_estimado_clp": 177961.78307347864, "costo_mclp": 0.178, "ipi_rank": 2 }, "geometry": { "type": "LineString", "coordinates": [ [ -70.6470546, -33.4771532 ], [ -70.6462932, -33.4771567 ] ] } },
{ "type": "Feature", "properties": { "highway": "footway", "name": null, "length_m": 14.244769619690876, "jerarquia": 1, "IPI": 0.13915802974023184, "prioridad": "Muy baja", "intervencion": "Mantención preventiva", "costo_estimado_clp": 11965.606480540337, "costo_mclp": 0.012, "ipi_rank": 1 }, "geometry": { "type": "LineString", "coordinates": [ [ -70.6462917, -33.4770286 ], [ -70.6462932, -33.4771567 ] ] } },
{ "type": "Feature", "properties": { "highway": "footway", "name": null, "length_m": 14.244769619690876, "jerarquia": 1, "IPI": 0.13915802974023184, "prioridad": "Muy baja", "intervencion": "Mantención preventiva", "costo_estimado_clp": 11965.606480540337, "costo_mclp": 0.012, "ipi_rank": 1 }, "geometry": { "type": "LineString", "coordinates": [ [ -70.6462932, -33.4771567 ], [ -70.6462917, -33.4770286 ] ] } },
{ "type": "Feature", "properties": { "highway": "footway", "name": null, "length_m": 70.587018223966467, "jerarquia": 1, "IPI": 0.16173370355433891, "prioridad": "Baja", "intervencion": "Bacheo puntual", "costo_estimado_clp": 177879.28592439549, "costo_mclp": 0.1779, "ipi_rank": 2 }, "geometry": { "type": "LineString", "coordinates": [ [ -70.6470527, -33.4770208 ], [ -70.6462917, -33.4770286 ] ] } },
{ "type": "Feature", "properties": { "highway": "footway", "name": null, "length_m": 132.06011353462807, "jerarquia": 1, "IPI": 0.21756007008986983, "prioridad": "Alta", "intervencion": "Repavimentación + señalización", "costo_estimado_clp": 7857576.7553103706, "costo_mclp": 7.8576, "ipi_rank": 4 }, "geometry": { "type": "LineString", "coordinates": [ [ -70.647057, -33.4773354 ], [ -70.647658, -33.4773333 ], [ -70.6476615, -33.4771532 ], [ -70.6470546, -33.4771532 ] ] } },
{ "type": "Feature", "properties": { "highway": "footway", "name": null, "length_m": 14.723283720015642, "jerarquia": 1, "IPI": 0.14180245115299833, "prioridad": "Muy baja", "intervencion": "Mantención preventiva", "costo_estimado_clp": 12367.558324813139, "costo_mclp": 0.0124, "ipi_rank": 1 }, "geometry": { "type": "LineString", "coordinates": [ [ -70.6470527, -33.4770208 ], [ -70.6470546, -33.4771532 ] ] } },
{ "type": "Feature", "properties": { "highway": "footway", "name": null, "length_m": 14.723283720015642, "jerarquia": 1, "IPI": 0.14180245115299833, "prioridad": "Muy baja", "intervencion": "Mantención preventiva", "costo_estimado_clp": 12367.558324813139, "costo_mclp": 0.0124, "ipi_rank": 1 }, "geometry": { "type": "LineString", "coordinates": [ [ -70.6470546, -33.4771532 ], [ -70.6470527, -33.4770208 ] ] } },
{ "type": "Feature", "properties": { "highway": "footway", "name": null, "length_m": 104.52429788541727, "jerarquia": 1, "IPI": 0.20511210044421621, "prioridad": "Alta", "intervencion": "Repavimentación + señalización", "costo_estimado_clp": 6219195.7241823282, "costo_mclp": 6.2192, "ipi_rank": 4 }, "geometry": { "type": "LineString", "coordinates": [ [ -70.6470527, -33.4770208 ], [ -70.6476953, -33.4770143 ], [ -70.6480125, -33.4770121 ], [ -70.6481047, -33.4770115 ], [ -70.6481796, -33.477011 ] ] } },
{ "type": "Feature", "properties": { "highway": "footway", "name": null, "length_m": 104.52429788541727, "jerarquia": 1, "IPI": 0.20511210044421621, "prioridad": "Alta", "intervencion": "Repavimentación + señalización", "costo_estimado_clp": 6219195.7241823282, "costo_mclp": 6.2192, "ipi_rank": 4 }, "geometry": { "type": "LineString", "coordinates": [ [ -70.6481796, -33.477011 ], [ -70.6481047, -33.4770115 ], [ -70.6480125, -33.4770121 ], [ -70.6476953, -33.4770143 ], [ -70.6470527, -33.4770208 ] ] } },
{ "type": "Feature", "properties": { "highway": "service", "name": null, "length_m": 15.034058827420536, "jerarquia": 1, "IPI": 0.15130847675013412, "prioridad": "Baja", "intervencion": "Bacheo puntual", "costo_estimado_clp": 37885.82824509975, "costo_mclp": 0.0379, "ipi_rank": 2 }, "geometry": { "type": "LineString", "coordinates": [ [ -70.647068, -33.4768383 ], [ -70.6470667, -33.4769735 ] ] } },
{ "type": "Feature", "properties": { "highway": "service", "name": null, "length_m": 15.034058827420536, "jerarquia": 1, "IPI": 0.15130847675013412, "prioridad": "Baja", "intervencion": "Bacheo puntual", "costo_estimado_clp": 37885.82824509975, "costo_mclp": 0.0379, "ipi_rank": 2 }, "geometry": { "type": "LineString", "coordinates": [ [ -70.6470667, -33.4769735 ], [ -70.647068, -33.4768383 ] ] } },
{ "type": "Feature", "properties": { "highway": "service", "name": null, "length_m": 14.833424169033574, "jerarquia": 1, "IPI": 0.16208569003848569, "prioridad": "Baja", "intervencion": "Bacheo puntual", "costo_estimado_clp": 37380.228905964599, "costo_mclp": 0.0374, "ipi_rank": 2 }, "geometry": { "type": "LineString", "coordinates": [ [ -70.6475052, -33.476839 ], [ -70.6475052, -33.4769724 ] ] } },
{ "type": "Feature", "properties": { "highway": "service", "name": null, "length_m": 14.833424169033574, "jerarquia": 1, "IPI": 0.16208569003848569, "prioridad": "Baja", "intervencion": "Bacheo puntual", "costo_estimado_clp": 37380.228905964599, "costo_mclp": 0.0374, "ipi_rank": 2 }, "geometry": { "type": "LineString", "coordinates": [ [ -70.6475052, -33.4769724 ], [ -70.6475052, -33.476839 ] ] } },
{ "type": "Feature", "properties": { "highway": "service", "name": null, "length_m": 14.613179857928055, "jerarquia": 1, "IPI": 0.16380215115953198, "prioridad": "Baja", "intervencion": "Bacheo puntual", "costo_estimado_clp": 36825.213241978694, "costo_mclp": 0.0368, "ipi_rank": 2 }, "geometry": { "type": "LineString", "coordinates": [ [ -70.6476527, -33.4769707 ], [ -70.6476554, -33.4768393 ] ] } },
{ "type": "Feature", "properties": { "highway": "footway", "name": null, "length_m": 13.521945644326605, "jerarquia": 1, "IPI": 0.16738698901886678, "prioridad": "Media", "intervencion": "Señalización + bacheo puntual", "costo_estimado_clp": 113584.34341234349, "costo_mclp": 0.1136, "ipi_rank": 3 }, "geometry": { "type": "LineString", "coordinates": [ [ -70.6451169, -33.4770405 ], [ -70.6451183, -33.4771621 ] ] } },
{ "type": "Feature", "properties": { "highway": "footway", "name": null, "length_m": 13.521945644326605, "jerarquia": 1, "IPI": 0.16738698901886678, "prioridad": "Media", "intervencion": "Señalización + bacheo puntual", "costo_estimado_clp": 113584.34341234349, "costo_mclp": 0.1136, "ipi_rank": 3 }, "geometry": { "type": "LineString", "coordinates": [ [ -70.6451183, -33.4771621 ], [ -70.6451169, -33.4770405 ] ] } },
{ "type": "Feature", "properties": { "highway": "footway", "name": null, "length_m": 13.780894741794874, "jerarquia": 1, "IPI": 0.15291254383449823, "prioridad": "Baja", "intervencion": "Bacheo puntual", "costo_estimado_clp": 34727.85474932308, "costo_mclp": 0.0347, "ipi_rank": 2 }, "geometry": { "type": "LineString", "coordinates": [ [ -70.6455309, -33.4771602 ], [ -70.6455274, -33.4770363 ] ] } },
{ "type": "Feature", "properties": { "highway": "footway", "name": null, "length_m": 13.780894741794874, "jerarquia": 1, "IPI": 0.15291254383449823, "prioridad": "Baja", "intervencion": "Bacheo puntual", "costo_estimado_clp": 34727.85474932308, "costo_mclp": 0.0347, "ipi_rank": 2 }, "geometry": { "type": "LineString", "coordinates": [ [ -70.6455274, -33.4770363 ], [ -70.6455309, -33.4771602 ] ] } },
{ "type": "Feature", "properties": { "highway": "footway", "name": null, "length_m": 38.076161129695954, "jerarquia": 1, "IPI": 0.1586738125607153, "prioridad": "Baja", "intervencion": "Bacheo puntual", "costo_estimado_clp": 95951.926046833803, "costo_mclp": 0.096, "ipi_rank": 2 }, "geometry": { "type": "LineString", "coordinates": [ [ -70.6451169, -33.4770405 ], [ -70.6455274, -33.4770363 ] ] } },
{ "type": "Feature", "properties": { "highway": "footway", "name": null, "length_m": 38.076161129695954, "jerarquia": 1, "IPI": 0.1586738125607153, "prioridad": "Baja", "intervencion": "Bacheo puntual", "costo_estimado_clp": 95951.926046833803, "costo_mclp": 0.096, "ipi_rank": 2 }, "geometry": { "type": "LineString", "coordinates": [ [ -70.6455274, -33.4770363 ], [ -70.6451169, -33.4770405 ] ] } },
{ "type": "Feature", "properties": { "highway": "footway", "name": null, "length_m": 70.89292411274738, "jerarquia": 1, "IPI": 0.15655196219282824, "prioridad": "Baja", "intervencion": "Bacheo puntual", "costo_estimado_clp": 178650.1687641234, "costo_mclp": 0.1787, "ipi_rank": 2 }, "geometry": { "type": "LineString", "coordinates": [ [ -70.6462917, -33.4770286 ], [ -70.6455274, -33.4770363 ] ] } },
{ "type": "Feature", "properties": { "highway": "footway", "name": null, "length_m": 70.89292411274738, "jerarquia": 1, "IPI": 0.15655196219282824, "prioridad": "Baja", "intervencion": "Bacheo puntual", "costo_estimado_clp": 178650.1687641234, "costo_mclp": 0.1787, "ipi_rank": 2 }, "geometry": { "type": "LineString", "coordinates": [ [ -70.6455274, -33.4770363 ], [ -70.6462917, -33.4770286 ] ] } },
{ "type": "Feature", "properties": { "highway": "service", "name": null, "length_m": 11.408615591074721, "jerarquia": 1, "IPI": 0.13055322369116151, "prioridad": "Muy baja", "intervencion": "Mantención preventiva", "costo_estimado_clp": 9583.2370965027658, "costo_mclp": 0.0096, "ipi_rank": 1 }, "geometry": { "type": "LineString", "coordinates": [ [ -70.6452723, -33.4769713 ], [ -70.6452723, -33.4768687 ] ] } },
{ "type": "Feature", "properties": { "highway": "service", "name": null, "length_m": 11.408615591074721, "jerarquia": 1, "IPI": 0.13055322369116151, "prioridad": "Muy baja", "intervencion": "Mantención preventiva", "costo_estimado_clp": 9583.2370965027658, "costo_mclp": 0.0096, "ipi_rank": 1 }, "geometry": { "type": "LineString", "coordinates": [ [ -70.6452723, -33.4768687 ], [ -70.6452723, -33.4769713 ] ] } },
{ "type": "Feature", "properties": { "highway": "footway", "name": null, "length_m": 70.587018223966467, "jerarquia": 1, "IPI": 0.16173370355433891, "prioridad": "Baja", "intervencion": "Bacheo puntual", "costo_estimado_clp": 177879.28592439549, "costo_mclp": 0.1779, "ipi_rank": 2 }, "geometry": { "type": "LineString", "coordinates": [ [ -70.6462917, -33.4770286 ], [ -70.6470527, -33.4770208 ] ] } },
{ "type": "Feature", "properties": { "highway": "service", "name": null, "length_m": 13.677526761313716, "jerarquia": 1, "IPI": 0.14418684052808112, "prioridad": "Baja", "intervencion": "Bacheo puntual", "costo_estimado_clp": 34467.367438510562, "costo_mclp": 0.0345, "ipi_rank": 2 }, "geometry": { "type": "LineString", "coordinates": [ [ -70.6466469, -33.4768449 ], [ -70.6466456, -33.4769679 ] ] } },
{ "type": "Feature", "properties": { "highway": "service", "name": null, "length_m": 13.677526761313716, "jerarquia": 1, "IPI": 0.14418684052808112, "prioridad": "Baja", "intervencion": "Bacheo puntual", "costo_estimado_clp": 34467.367438510562, "costo_mclp": 0.0345, "ipi_rank": 2 }, "geometry": { "type": "LineString", "coordinates": [ [ -70.6466456, -33.4769679 ], [ -70.6466469, -33.4768449 ] ] } },
{ "type": "Feature", "properties": { "highway": "service", "name": null, "length_m": 14.978908166065782, "jerarquia": 1, "IPI": 0.14647190992908243, "prioridad": "Baja", "intervencion": "Bacheo puntual", "costo_estimado_clp": 37746.848578485769, "costo_mclp": 0.0377, "ipi_rank": 2 }, "geometry": { "type": "LineString", "coordinates": [ [ -70.646781, -33.4769735 ], [ -70.6467828, -33.4768388 ] ] } },
{ "type": "Feature", "properties": { "highway": "service", "name": null, "length_m": 14.978908166065782, "jerarquia": 1, "IPI": 0.14647190992908243, "prioridad": "Baja", "intervencion": "Bacheo puntual", "costo_estimado_clp": 37746.848578485769, "costo_mclp": 0.0377, "ipi_rank": 2 }, "geometry": { "type": "LineString", "coordinates": [ [ -70.6467828, -33.4768388 ], [ -70.646781, -33.4769735 ] ] } },
{ "type": "Feature", "properties": { "highway": "service", "name": null, "length_m": 13.009907448205341, "jerarquia": 1, "IPI": 0.1423599670880184, "prioridad": "Baja", "intervencion": "Bacheo puntual", "costo_estimado_clp": 32784.966769477462, "costo_mclp": 0.0328, "ipi_rank": 2 }, "geometry": { "type": "LineString", "coordinates": [ [ -70.6465616, -33.4768476 ], [ -70.6465611, -33.4769646 ] ] } },
{ "type": "Feature", "properties": { "highway": "service", "name": null, "length_m": 13.009907448205341, "jerarquia": 1, "IPI": 0.1423599670880184, "prioridad": "Baja", "intervencion": "Bacheo puntual", "costo_estimado_clp": 32784.966769477462, "costo_mclp": 0.0328, "ipi_rank": 2 }, "geometry": { "type": "LineString", "coordinates": [ [ -70.6465611, -33.4769646 ], [ -70.6465616, -33.4768476 ] ] } },
{ "type": "Feature", "properties": { "highway": "service", "name": null, "length_m": 12.939142887418155, "jerarquia": 1, "IPI": 0.14265782607987426, "prioridad": "Baja", "intervencion": "Bacheo puntual", "costo_estimado_clp": 32606.640076293748, "costo_mclp": 0.0326, "ipi_rank": 2 }, "geometry": { "type": "LineString", "coordinates": [ [ -70.6459938, -33.4768629 ], [ -70.6461333, -33.4768617 ] ] } },
{ "type": "Feature", "properties": { "highway": "service", "name": null, "length_m": 12.939142887418155, "jerarquia": 1, "IPI": 0.14265782607987426, "prioridad": "Baja", "intervencion": "Bacheo puntual", "costo_estimado_clp": 32606.640076293748, "costo_mclp": 0.0326, "ipi_rank": 2 }, "geometry": { "type": "LineString", "coordinates": [ [ -70.6461333, -33.4768617 ], [ -70.6459938, -33.4768629 ] ] } },
{ "type": "Feature", "properties": { "highway": "service", "name": null, "length_m": 39.837044552167583, "jerarquia": 1, "IPI": 0.15643038046892321, "prioridad": "Baja", "intervencion": "Bacheo puntual", "costo_estimado_clp": 100389.35227146231, "costo_mclp": 0.1004, "ipi_rank": 2 }, "geometry": { "type": "LineString", "coordinates": [ [ -70.6465616, -33.4768476 ], [ -70.6464857, -33.4768589 ], [ -70.6461333, -33.4768617 ] ] } },
{ "type": "Feature", "properties": { "highway": "footway", "name": null, "length_m": 55.255979184745399, "jerarquia": 1, "IPI": 0.14402576331358535, "prioridad": "Baja", "intervencion": "Bacheo puntual", "costo_estimado_clp": 139245.06754555841, "costo_mclp": 0.1392, "ipi_rank": 2 }, "geometry": { "type": "LineString", "coordinates": [ [ -70.6444125, -33.477351 ], [ -70.644409, -33.477171 ], [ -70.6447889, -33.4771668 ] ] } },
{ "type": "Feature", "properties": { "highway": "footway", "name": null, "length_m": 55.255979184745399, "jerarquia": 1, "IPI": 0.14402576331358535, "prioridad": "Baja", "intervencion": "Bacheo puntual", "costo_estimado_clp": 139245.06754555841, "costo_mclp": 0.1392, "ipi_rank": 2 }, "geometry": { "type": "LineString", "coordinates": [ [ -70.6447889, -33.4771668 ], [ -70.644409, -33.477171 ], [ -70.6444125, -33.477351 ] ] } },
{ "type": "Feature", "properties": { "highway": "footway", "name": null, "length_m": 19.960002380738796, "jerarquia": 1, "IPI": 0.13364177736076355, "prioridad": "Muy baja", "intervencion": "Mantención preventiva", "costo_estimado_clp": 16766.401999820591, "costo_mclp": 0.0168, "ipi_rank": 1 }, "geometry": { "type": "LineString", "coordinates": [ [ -70.6447889, -33.4771668 ], [ -70.6447904, -33.4773463 ] ] } },
{ "type": "Feature", "properties": { "highway": "footway", "name": null, "length_m": 19.960002380738796, "jerarquia": 1, "IPI": 0.13364177736076355, "prioridad": "Muy baja", "intervencion": "Mantención preventiva", "costo_estimado_clp": 16766.401999820591, "costo_mclp": 0.0168, "ipi_rank": 1 }, "geometry": { "type": "LineString", "coordinates": [ [ -70.6447904, -33.4773463 ], [ -70.6447889, -33.4771668 ] ] } },
{ "type": "Feature", "properties": { "highway": "footway", "name": null, "length_m": 13.666256615591138, "jerarquia": 1, "IPI": 0.14526335494633158, "prioridad": "Baja", "intervencion": "Bacheo puntual", "costo_estimado_clp": 34438.966671289665, "costo_mclp": 0.0344, "ipi_rank": 2 }, "geometry": { "type": "LineString", "coordinates": [ [ -70.6447889, -33.4771668 ], [ -70.6447878, -33.4770439 ] ] } },
{ "type": "Feature", "properties": { "highway": "footway", "name": null, "length_m": 13.666256615591138, "jerarquia": 1, "IPI": 0.14526335494633158, "prioridad": "Baja", "intervencion": "Bacheo puntual", "costo_estimado_clp": 34438.966671289665, "costo_mclp": 0.0344, "ipi_rank": 2 }, "geometry": { "type": "LineString", "coordinates": [ [ -70.6447878, -33.4770439 ], [ -70.6447889, -33.4771668 ] ] } },
{ "type": "Feature", "properties": { "highway": "footway", "name": null, "length_m": 28.979815625788937, "jerarquia": 1, "IPI": 0.15231083498154674, "prioridad": "Baja", "intervencion": "Bacheo puntual", "costo_estimado_clp": 73029.135376988124, "costo_mclp": 0.073, "ipi_rank": 2 }, "geometry": { "type": "LineString", "coordinates": [ [ -70.6447889, -33.4771668 ], [ -70.644954, -33.4771651 ], [ -70.6449541, -33.4770422 ] ] } },
{ "type": "Feature", "properties": { "highway": "footway", "name": null, "length_m": 28.979815625788937, "jerarquia": 1, "IPI": 0.15231083498154674, "prioridad": "Baja", "intervencion": "Bacheo puntual", "costo_estimado_clp": 73029.135376988124, "costo_mclp": 0.073, "ipi_rank": 2 }, "geometry": { "type": "LineString", "coordinates": [ [ -70.6449541, -33.4770422 ], [ -70.644954, -33.4771651 ], [ -70.6447889, -33.4771668 ] ] } },
{ "type": "Feature", "properties": { "highway": "footway", "name": null, "length_m": 99.285343223057922, "jerarquia": 1, "IPI": 0.19320124674252137, "prioridad": "Media", "intervencion": "Señalización + bacheo puntual", "costo_estimado_clp": 833996.88307368651, "costo_mclp": 0.834, "ipi_rank": 3 }, "geometry": { "type": "LineString", "coordinates": [ [ -70.6437174, -33.4770547 ], [ -70.6447878, -33.4770439 ] ] } },
{ "type": "Feature", "properties": { "highway": "footway", "name": null, "length_m": 99.285343223057922, "jerarquia": 1, "IPI": 0.19320124674252137, "prioridad": "Media", "intervencion": "Señalización + bacheo puntual", "costo_estimado_clp": 833996.88307368651, "costo_mclp": 0.834, "ipi_rank": 3 }, "geometry": { "type": "LineString", "coordinates": [ [ -70.6447878, -33.4770439 ], [ -70.6437174, -33.4770547 ] ] } },
{ "type": "Feature", "properties": { "highway": "footway", "name": null, "length_m": 11.013436867244277, "jerarquia": 1, "IPI": 0.12738240576941862, "prioridad": "Muy baja", "intervencion": "Mantención preventiva", "costo_estimado_clp": 9251.2869684851921, "costo_mclp": 0.0093, "ipi_rank": 1 }, "geometry": { "type": "LineString", "coordinates": [ [ -70.643505, -33.4772873 ], [ -70.6433864, -33.4772922 ] ] } },
{ "type": "Feature", "properties": { "highway": "footway", "name": null, "length_m": 8.1253452488271805, "jerarquia": 1, "IPI": 0.13062619463175174, "prioridad": "Muy baja", "intervencion": "Mantención preventiva", "costo_estimado_clp": 6825.2900090148314, "costo_mclp": 0.0068, "ipi_rank": 1 }, "geometry": { "type": "LineString", "coordinates": [ [ -70.643505, -33.4772873 ], [ -70.6435925, -33.4772837 ] ] } },
{ "type": "Feature", "properties": { "highway": "footway", "name": null, "length_m": 8.1253452488271805, "jerarquia": 1, "IPI": 0.13062619463175174, "prioridad": "Muy baja", "intervencion": "Mantención preventiva", "costo_estimado_clp": 6825.2900090148314, "costo_mclp": 0.0068, "ipi_rank": 1 }, "geometry": { "type": "LineString", "coordinates": [ [ -70.6435925, -33.4772837 ], [ -70.643505, -33.4772873 ] ] } },
{ "type": "Feature", "properties": { "highway": "footway", "name": null, "length_m": 56.176358909162893, "jerarquia": 1, "IPI": 0.13641422366169803, "prioridad": "Muy baja", "intervencion": "Mantención preventiva", "costo_estimado_clp": 47188.141483696832, "costo_mclp": 0.0472, "ipi_rank": 1 }, "geometry": { "type": "LineString", "coordinates": [ [ -70.6433048, -33.4771782 ], [ -70.6429257, -33.4771938 ], [ -70.6427763, -33.4772798 ], [ -70.6427767, -33.477317 ] ] } },
{ "type": "Feature", "properties": { "highway": "footway", "name": null, "length_m": 56.176358909162886, "jerarquia": 1, "IPI": 0.13641422366170464, "prioridad": "Muy baja", "intervencion": "Mantención preventiva", "costo_estimado_clp": 47188.141483696825, "costo_mclp": 0.0472, "ipi_rank": 1 }, "geometry": { "type": "LineString", "coordinates": [ [ -70.6427767, -33.477317 ], [ -70.6427763, -33.4772798 ], [ -70.6429257, -33.4771938 ], [ -70.6433048, -33.4771782 ] ] } },
{ "type": "Feature", "properties": { "highway": "footway", "name": null, "length_m": 15.483682085315486, "jerarquia": 1, "IPI": 0.12509945984204845, "prioridad": "Muy baja", "intervencion": "Mantención preventiva", "costo_estimado_clp": 13006.292951665011, "costo_mclp": 0.013, "ipi_rank": 1 }, "geometry": { "type": "LineString", "coordinates": [ [ -70.6433864, -33.4772922 ], [ -70.6433817, -33.4772477 ], [ -70.6433048, -33.4771782 ] ] } },
{ "type": "Feature", "properties": { "highway": "footway", "name": null, "length_m": 15.483682085315486, "jerarquia": 1, "IPI": 0.12509945984204845, "prioridad": "Muy baja", "intervencion": "Mantención preventiva", "costo_estimado_clp": 13006.292951665011, "costo_mclp": 0.013, "ipi_rank": 1 }, "geometry": { "type": "LineString", "coordinates": [ [ -70.6433048, -33.4771782 ], [ -70.6433817, -33.4772477 ], [ -70.6433864, -33.4772922 ] ] } },
{ "type": "Feature", "properties": { "highway": "footway", "name": null, "length_m": 36.57227279976491, "jerarquia": 1, "IPI": 0.13472715569216837, "prioridad": "Muy baja", "intervencion": "Mantención preventiva", "costo_estimado_clp": 30720.709151802526, "costo_mclp": 0.0307, "ipi_rank": 1 }, "geometry": { "type": "LineString", "coordinates": [ [ -70.6433048, -33.4771782 ], [ -70.6435188, -33.4771693 ], [ -70.643562, -33.4771899 ], [ -70.6435481, -33.4772066 ], [ -70.643505, -33.4772873 ] ] } },
{ "type": "Feature", "properties": { "highway": "footway", "name": null, "length_m": 36.572272799764903, "jerarquia": 1, "IPI": 0.13472715569216837, "prioridad": "Muy baja", "intervencion": "Mantención preventiva", "costo_estimado_clp": 30720.709151802523, "costo_mclp": 0.0307, "ipi_rank": 1 }, "geometry": { "type": "LineString", "coordinates": [ [ -70.643505, -33.4772873 ], [ -70.6435481, -33.4772066 ], [ -70.643562, -33.4771899 ], [ -70.6435188, -33.4771693 ], [ -70.6433048, -33.4771782 ] ] } },
{ "type": "Feature", "properties": { "highway": "footway", "name": null, "length_m": 105.18094309911127, "jerarquia": 1, "IPI": 0.15534146562146331, "prioridad": "Baja", "intervencion": "Bacheo puntual", "costo_estimado_clp": 265055.97660976043, "costo_mclp": 0.2651, "ipi_rank": 2 }, "geometry": { "type": "LineString", "coordinates": [ [ -70.6426765, -33.4773211 ], [ -70.642659, -33.4773219 ], [ -70.6426809, -33.4772209 ], [ -70.6429261, -33.4770514 ], [ -70.6436011, -33.4770533 ] ] } },
{ "type": "Feature", "properties": { "highway": "footway", "name": null, "length_m": 105.18094309911127, "jerarquia": 1, "IPI": 0.15534146562146034, "prioridad": "Baja", "intervencion": "Bacheo puntual", "costo_estimado_clp": 265055.97660976043, "costo_mclp": 0.2651, "ipi_rank": 2 }, "geometry": { "type": "LineString", "coordinates": [ [ -70.6436011, -33.4770533 ], [ -70.6429261, -33.4770514 ], [ -70.6426809, -33.4772209 ], [ -70.642659, -33.4773219 ], [ -70.6426765, -33.4773211 ] ] } },
{ "type": "Feature", "properties": { "highway": "footway", "name": null, "length_m": 25.631761197583344, "jerarquia": 1, "IPI": 0.13415982884446459, "prioridad": "Muy baja", "intervencion": "Mantención preventiva", "costo_estimado_clp": 21530.679405970011, "costo_mclp": 0.0215, "ipi_rank": 1 }, "geometry": { "type": "LineString", "coordinates": [ [ -70.6435925, -33.4772837 ], [ -70.6435959, -33.4771924 ], [ -70.6436011, -33.4770533 ] ] } },
{ "type": "Feature", "properties": { "highway": "footway", "name": null, "length_m": 25.631761197583344, "jerarquia": 1, "IPI": 0.13415982884446459, "prioridad": "Muy baja", "intervencion": "Mantención preventiva", "costo_estimado_clp": 21530.679405970011, "costo_mclp": 0.0215, "ipi_rank": 1 }, "geometry": { "type": "LineString", "coordinates": [ [ -70.6436011, -33.4770533 ], [ -70.6435959, -33.4771924 ], [ -70.6435925, -33.4772837 ] ] } },
{ "type": "Feature", "properties": { "highway": "tertiary", "name": "San Francisco", "length_m": 66.443312846064202, "jerarquia": 2, "IPI": 0.30107858205513505, "prioridad": "Muy alta", "intervencion": "Repavimentación + señalización + iluminación", "costo_estimado_clp": 4185928.7093020445, "costo_mclp": 4.1859, "ipi_rank": 5 }, "geometry": { "type": "LineString", "coordinates": [ [ -70.6436503, -33.4768254 ], [ -70.6436357, -33.4771875 ], [ -70.6436262, -33.4774226 ] ] } },
{ "type": "Feature", "properties": { "highway": "footway", "name": null, "length_m": 13.762739269096929, "jerarquia": 1, "IPI": 0.14519941602691788, "prioridad": "Baja", "intervencion": "Bacheo puntual", "costo_estimado_clp": 34682.102958124262, "costo_mclp": 0.0347, "ipi_rank": 2 }, "geometry": { "type": "LineString", "coordinates": [ [ -70.6437174, -33.4770547 ], [ -70.6437096, -33.4771783 ] ] } },
{ "type": "Feature", "properties": { "highway": "footway", "name": null, "length_m": 13.762739269096929, "jerarquia": 1, "IPI": 0.14519941602691788, "prioridad": "Baja", "intervencion": "Bacheo puntual", "costo_estimado_clp": 34682.102958124262, "costo_mclp": 0.0347, "ipi_rank": 2 }, "geometry": { "type": "LineString", "coordinates": [ [ -70.6437096, -33.4771783 ], [ -70.6437174, -33.4770547 ] ] } },
{ "type": "Feature", "properties": { "highway": "secondary", "name": "Avenida Santa Rosa", "length_m": 71.959390078848401, "jerarquia": 3, "IPI": 0.40036432335446648, "prioridad": "Muy alta", "intervencion": "Repavimentación + señalización + iluminación", "costo_estimado_clp": 4533441.5749674495, "costo_mclp": 4.5334, "ipi_rank": 5 }, "geometry": { "type": "LineString", "coordinates": [ [ -70.6430769, -33.47687 ], [ -70.6426817, -33.4770926 ], [ -70.6425958, -33.4771496 ], [ -70.6425255, -33.4772055 ], [ -70.6424643, -33.4772629 ] ] } },
{ "type": "Feature", "properties": { "highway": "busway", "name": "Corredor Transantiago Santa Rosa", "length_m": 75.863281835451119, "jerarquia": 1, "IPI": 0.14446847995018558, "prioridad": "Baja", "intervencion": "Bacheo puntual", "costo_estimado_clp": 191175.47022533685, "costo_mclp": 0.1912, "ipi_rank": 2 }, "geometry": { "type": "LineString", "coordinates": [ [ -70.6430769, -33.47687 ], [ -70.6429213, -33.476903 ], [ -70.6428026, -33.4769372 ], [ -70.6427202, -33.4769696 ], [ -70.6426236, -33.4770155 ], [ -70.6425297, -33.4770664 ], [ -70.6424593, -33.4771117 ], [ -70.6423594, -33.4771793 ] ] } },
{ "type": "Feature", "properties": { "highway": "footway", "name": null, "length_m": 25.386665159019959, "jerarquia": 1, "IPI": 0.16275558467511198, "prioridad": "Baja", "intervencion": "Bacheo puntual", "costo_estimado_clp": 63974.396200730291, "costo_mclp": 0.064, "ipi_rank": 2 }, "geometry": { "type": "LineString", "coordinates": [ [ -70.6437316, -33.4768267 ], [ -70.6437174, -33.4770547 ] ] } },
{ "type": "Feature", "properties": { "highway": "footway", "name": null, "length_m": 25.386665159019959, "jerarquia": 1, "IPI": 0.16275558467511198, "prioridad": "Baja", "intervencion": "Bacheo puntual", "costo_estimado_clp": 63974.396200730291, "costo_mclp": 0.064, "ipi_rank": 2 }, "geometry": { "type": "LineString", "coordinates": [ [ -70.6437174, -33.4770547 ], [ -70.6437316, -33.4768267 ] ] } },
{ "type": "Feature", "properties": { "highway": "footway", "name": null, "length_m": 8.8313582713298064, "jerarquia": 1, "IPI": 0.1161679039138916, "prioridad": "Muy baja", "intervencion": "Mantención preventiva", "costo_estimado_clp": 7418.3409479170386, "costo_mclp": 0.0074, "ipi_rank": 1 }, "geometry": { "type": "LineString", "coordinates": [ [ -70.6420065, -33.4775499 ], [ -70.6420105, -33.4775204 ], [ -70.6420174, -33.477471 ] ] } },
{ "type": "Feature", "properties": { "highway": "secondary", "name": "Avenida Santa Rosa", "length_m": 17.477761480423176, "jerarquia": 3, "IPI": 0.3903224446999497, "prioridad": "Muy alta", "intervencion": "Repavimentación + señalización + iluminación", "costo_estimado_clp": 1101098.9732666602, "costo_mclp": 1.1011, "ipi_rank": 5 }, "geometry": { "type": "LineString", "coordinates": [ [ -70.6423342, -33.4774244 ], [ -70.6422642, -33.477524 ], [ -70.6422603, -33.4775296 ], [ -70.6422383, -33.4775597 ] ] } },
{ "type": "Feature", "properties": { "highway": "primary_link", "name": null, "length_m": 15.499807259938926, "jerarquia": 3, "IPI": 0.39072785319920378, "prioridad": "Muy alta", "intervencion": "Repavimentación + señalización + iluminación", "costo_estimado_clp": 976487.85737615218, "costo_mclp": 0.9765, "ipi_rank": 5 }, "geometry": { "type": "LineString", "coordinates": [ [ -70.6423342, -33.4774244 ], [ -70.6423425, -33.4774716 ], [ -70.6423581, -33.4775155 ], [ -70.6423826, -33.4775566 ] ] } },
{ "type": "Feature", "properties": { "highway": "footway", "name": null, "length_m": 35.708100160278548, "jerarquia": 1, "IPI": 0.15045084680750731, "prioridad": "Baja", "intervencion": "Bacheo puntual", "costo_estimado_clp": 89984.412403901937, "costo_mclp": 0.09, "ipi_rank": 2 }, "geometry": { "type": "LineString", "coordinates": [ [ -70.6425679, -33.4775484 ], [ -70.6425449, -33.4773103 ], [ -70.6424643, -33.4772629 ] ] } },
{ "type": "Feature", "properties": { "highway": "footway", "name": null, "length_m": 35.708100160278548, "jerarquia": 1, "IPI": 0.15045084680750731, "prioridad": "Baja", "intervencion": "Bacheo puntual", "costo_estimado_clp": 89984.412403901937, "costo_mclp": 0.09, "ipi_rank": 2 }, "geometry": { "type": "LineString", "coordinates": [ [ -70.6424643, -33.4772629 ], [ -70.6425449, -33.4773103 ], [ -70.6425679, -33.4775484 ] ] } },
{ "type": "Feature", "properties": { "highway": "busway", "name": "Corredor Transantiago Santa Rosa", "length_m": 49.608602433739087, "jerarquia": 1, "IPI": 0.13418045167932227, "prioridad": "Muy baja", "intervencion": "Mantención preventiva", "costo_estimado_clp": 41671.226044340838, "costo_mclp": 0.0417, "ipi_rank": 1 }, "geometry": { "type": "LineString", "coordinates": [ [ -70.6423594, -33.4771793 ], [ -70.6422796, -33.4772504 ], [ -70.6422139, -33.477322 ], [ -70.6421502, -33.4773936 ], [ -70.6420631, -33.4775074 ], [ -70.6420409, -33.4775364 ] ] } },
{ "type": "Feature", "properties": { "highway": "secondary", "name": "Avenida Santa Rosa", "length_m": 21.659792566512671, "jerarquia": 3, "IPI": 0.37904301709221966, "prioridad": "Muy alta", "intervencion": "Repavimentación + señalización + iluminación", "costo_estimado_clp": 1364566.9316902983, "costo_mclp": 1.3646, "ipi_rank": 5 }, "geometry": { "type": "LineString", "coordinates": [ [ -70.6424643, -33.4772629 ], [ -70.6424127, -33.4773195 ], [ -70.6423694, -33.4773749 ], [ -70.6423342, -33.4774244 ] ] } },
{ "type": "Feature", "properties": { "highway": "busway", "name": "Corredor de Buses Santa Rosa", "length_m": 73.895678878025791, "jerarquia": 1, "IPI": 0.14135613126013924, "prioridad": "Muy baja", "intervencion": "Mantención preventiva", "costo_estimado_clp": 62072.370257541668, "costo_mclp": 0.0621, "ipi_rank": 1 }, "geometry": { "type": "LineString", "coordinates": [ [ -70.6419256, -33.4774959 ], [ -70.6419336, -33.4768952 ] ] } },
{ "type": "Feature", "properties": { "highway": "secondary", "name": "Avenida Santa Rosa", "length_m": 18.181925209295645, "jerarquia": 3, "IPI": 0.37413951378786142, "prioridad": "Muy alta", "intervencion": "Repavimentación + señalización + iluminación", "costo_estimado_clp": 1145461.2881856258, "costo_mclp": 1.1455, "ipi_rank": 5 }, "geometry": { "type": "LineString", "coordinates": [ [ -70.6419336, -33.4768952 ], [ -70.6419584, -33.476733 ] ] } },
{ "type": "Feature", "properties": { "highway": "secondary", "name": "Avenida Santa Rosa", "length_m": 30.492005817036574, "jerarquia": 3, "IPI": 0.37774029827181788, "prioridad": "Muy alta", "intervencion": "Repavimentación + señalización + iluminación", "costo_estimado_clp": 1920996.3664733039, "costo_mclp": 1.921, "ipi_rank": 5 }, "geometry": { "type": "LineString", "coordinates": [ [ -70.6419584, -33.476733 ], [ -70.6419759, -33.4766038 ], [ -70.6419823, -33.4764597 ] ] } },
{ "type": "Feature", "properties": { "highway": "footway", "name": null, "length_m": 15.425248293341141, "jerarquia": 1, "IPI": 0.16389154314844914, "prioridad": "Baja", "intervencion": "Bacheo puntual", "costo_estimado_clp": 38871.625699219672, "costo_mclp": 0.0389, "ipi_rank": 2 }, "geometry": { "type": "LineString", "coordinates": [ [ -70.6449541, -33.4770422 ], [ -70.6447878, -33.4770439 ] ] } },
{ "type": "Feature", "properties": { "highway": "footway", "name": null, "length_m": 15.425248293341141, "jerarquia": 1, "IPI": 0.16389154314844914, "prioridad": "Baja", "intervencion": "Bacheo puntual", "costo_estimado_clp": 38871.625699219672, "costo_mclp": 0.0389, "ipi_rank": 2 }, "geometry": { "type": "LineString", "coordinates": [ [ -70.6447878, -33.4770439 ], [ -70.6449541, -33.4770422 ] ] } },
{ "type": "Feature", "properties": { "highway": "footway", "name": null, "length_m": 15.100653435854984, "jerarquia": 1, "IPI": 0.16612207562451131, "prioridad": "Media", "intervencion": "Señalización + bacheo puntual", "costo_estimado_clp": 126845.48886118186, "costo_mclp": 0.1268, "ipi_rank": 3 }, "geometry": { "type": "LineString", "coordinates": [ [ -70.6449541, -33.4770422 ], [ -70.6451169, -33.4770405 ] ] } },
{ "type": "Feature", "properties": { "highway": "footway", "name": null, "length_m": 15.100653435854984, "jerarquia": 1, "IPI": 0.16612207562451131, "prioridad": "Media", "intervencion": "Señalización + bacheo puntual", "costo_estimado_clp": 126845.48886118186, "costo_mclp": 0.1268, "ipi_rank": 3 }, "geometry": { "type": "LineString", "coordinates": [ [ -70.6451169, -33.4770405 ], [ -70.6449541, -33.4770422 ] ] } },
{ "type": "Feature", "properties": { "highway": "service", "name": null, "length_m": 66.658954829701798, "jerarquia": 1, "IPI": 0.14912940895539739, "prioridad": "Baja", "intervencion": "Bacheo puntual", "costo_estimado_clp": 167980.56617084853, "costo_mclp": 0.168, "ipi_rank": 2 }, "geometry": { "type": "LineString", "coordinates": [ [ -70.6442954, -33.4768667 ], [ -70.6450141, -33.4768646 ] ] } },
{ "type": "Feature", "properties": { "highway": "service", "name": null, "length_m": 66.658954829701798, "jerarquia": 1, "IPI": 0.14912940895539739, "prioridad": "Baja", "intervencion": "Bacheo puntual", "costo_estimado_clp": 167980.56617084853, "costo_mclp": 0.168, "ipi_rank": 2 }, "geometry": { "type": "LineString", "coordinates": [ [ -70.6450141, -33.4768646 ], [ -70.6442954, -33.4768667 ] ] } },
{ "type": "Feature", "properties": { "highway": "service", "name": null, "length_m": 47.171322129372314, "jerarquia": 1, "IPI": 0.14753917550231732, "prioridad": "Baja", "intervencion": "Bacheo puntual", "costo_estimado_clp": 118871.73176601823, "costo_mclp": 0.1189, "ipi_rank": 2 }, "geometry": { "type": "LineString", "coordinates": [ [ -70.6438371, -33.4768291 ], [ -70.6438348, -33.4768663 ], [ -70.643836, -33.4768692 ], [ -70.6438384, -33.476871 ], [ -70.6442954, -33.4768667 ] ] } },
{ "type": "Feature", "properties": { "highway": "service", "name": null, "length_m": 47.171322129372321, "jerarquia": 1, "IPI": 0.14753917550232187, "prioridad": "Baja", "intervencion": "Bacheo puntual", "costo_estimado_clp": 118871.73176601825, "costo_mclp": 0.1189, "ipi_rank": 2 }, "geometry": { "type": "LineString", "coordinates": [ [ -70.6442954, -33.4768667 ], [ -70.6438384, -33.476871 ], [ -70.643836, -33.4768692 ], [ -70.6438348, -33.4768663 ], [ -70.6438371, -33.4768291 ] ] } },
{ "type": "Feature", "properties": { "highway": "service", "name": null, "length_m": 14.961305536182499, "jerarquia": 1, "IPI": 0.13183923134038864, "prioridad": "Muy baja", "intervencion": "Mantención preventiva", "costo_estimado_clp": 12567.496650393301, "costo_mclp": 0.0126, "ipi_rank": 1 }, "geometry": { "type": "LineString", "coordinates": [ [ -70.6442998, -33.4767322 ], [ -70.6442954, -33.4768667 ] ] } },
{ "type": "Feature", "properties": { "highway": "service", "name": null, "length_m": 14.961305536182499, "jerarquia": 1, "IPI": 0.13183923134038864, "prioridad": "Muy baja", "intervencion": "Mantención preventiva", "costo_estimado_clp": 12567.496650393301, "costo_mclp": 0.0126, "ipi_rank": 1 }, "geometry": { "type": "LineString", "coordinates": [ [ -70.6442954, -33.4768667 ], [ -70.6442998, -33.4767322 ] ] } },
{ "type": "Feature", "properties": { "highway": "busway", "name": null, "length_m": 115.84306516682383, "jerarquia": 1, "IPI": 0.15995909334268879, "prioridad": "Baja", "intervencion": "Bacheo puntual", "costo_estimado_clp": 291924.52422039601, "costo_mclp": 0.2919, "ipi_rank": 2 }, "geometry": { "type": "LineString", "coordinates": [ [ -70.6433653, -33.4766885 ], [ -70.6431949, -33.4766797 ], [ -70.643158, -33.4766806 ], [ -70.6431214, -33.4766894 ], [ -70.6424547, -33.4769974 ], [ -70.6424407, -33.4770073 ], [ -70.6424301, -33.4770193 ], [ -70.6424204, -33.4770337 ], [ -70.6424068, -33.4770579 ], [ -70.6423594, -33.4771793 ] ] } },
{ "type": "Feature", "properties": { "highway": "service", "name": null, "length_m": 9.7892523269409892, "jerarquia": 1, "IPI": 0.14745682318791667, "prioridad": "Baja", "intervencion": "Bacheo puntual", "costo_estimado_clp": 24668.915863891296, "costo_mclp": 0.0247, "ipi_rank": 2 }, "geometry": { "type": "LineString", "coordinates": [ [ -70.6437316, -33.4768267 ], [ -70.6437749, -33.4768272 ], [ -70.6438371, -33.4768291 ] ] } },
{ "type": "Feature", "properties": { "highway": "service", "name": null, "length_m": 9.7892523269409892, "jerarquia": 1, "IPI": 0.14745682318791667, "prioridad": "Baja", "intervencion": "Bacheo puntual", "costo_estimado_clp": 24668.915863891296, "costo_mclp": 0.0247, "ipi_rank": 2 }, "geometry": { "type": "LineString", "coordinates": [ [ -70.6438371, -33.4768291 ], [ -70.6437749, -33.4768272 ], [ -70.6437316, -33.4768267 ] ] } },
{ "type": "Feature", "properties": { "highway": "service", "name": null, "length_m": 7.541864437967555, "jerarquia": 1, "IPI": 0.13778859137684618, "prioridad": "Muy baja", "intervencion": "Mantención preventiva", "costo_estimado_clp": 6335.1661278927468, "costo_mclp": 0.0063, "ipi_rank": 1 }, "geometry": { "type": "LineString", "coordinates": [ [ -70.6436503, -33.4768254 ], [ -70.6437316, -33.4768267 ] ] } },
{ "type": "Feature", "properties": { "highway": "service", "name": null, "length_m": 7.541864437967555, "jerarquia": 1, "IPI": 0.13778859137684618, "prioridad": "Muy baja", "intervencion": "Mantención preventiva", "costo_estimado_clp": 6335.1661278927468, "costo_mclp": 0.0063, "ipi_rank": 1 }, "geometry": { "type": "LineString", "coordinates": [ [ -70.6437316, -33.4768267 ], [ -70.6436503, -33.4768254 ] ] } },
{ "type": "Feature", "properties": { "highway": "footway", "name": null, "length_m": 56.360382970038515, "jerarquia": 1, "IPI": 0.14292660424494416, "prioridad": "Baja", "intervencion": "Bacheo puntual", "costo_estimado_clp": 142028.16508449704, "costo_mclp": 0.142, "ipi_rank": 2 }, "geometry": { "type": "LineString", "coordinates": [ [ -70.6436011, -33.4770533 ], [ -70.643619, -33.4765693 ], [ -70.6436204, -33.4765467 ] ] } },
{ "type": "Feature", "properties": { "highway": "footway", "name": null, "length_m": 56.360382970038515, "jerarquia": 1, "IPI": 0.14292660424494416, "prioridad": "Baja", "intervencion": "Bacheo puntual", "costo_estimado_clp": 142028.16508449704, "costo_mclp": 0.142, "ipi_rank": 2 }, "geometry": { "type": "LineString", "coordinates": [ [ -70.6436204, -33.4765467 ], [ -70.643619, -33.4765693 ], [ -70.6436011, -33.4770533 ] ] } },
{ "type": "Feature", "properties": { "highway": "service", "name": null, "length_m": 10.596992951048263, "jerarquia": 1, "IPI": 0.13658390706711818, "prioridad": "Muy baja", "intervencion": "Mantención preventiva", "costo_estimado_clp": 8901.4740788805411, "costo_mclp": 0.0089, "ipi_rank": 1 }, "geometry": { "type": "LineString", "coordinates": [ [ -70.6438371, -33.4768291 ], [ -70.6438376, -33.4767338 ] ] } },
{ "type": "Feature", "properties": { "highway": "service", "name": null, "length_m": 10.596992951048263, "jerarquia": 1, "IPI": 0.13658390706711818, "prioridad": "Muy baja", "intervencion": "Mantención preventiva", "costo_estimado_clp": 8901.4740788805411, "costo_mclp": 0.0089, "ipi_rank": 1 }, "geometry": { "type": "LineString", "coordinates": [ [ -70.6438376, -33.4767338 ], [ -70.6438371, -33.4768291 ] ] } },
{ "type": "Feature", "properties": { "highway": "secondary", "name": "Avenida Santa Rosa", "length_m": 33.538947660358488, "jerarquia": 3, "IPI": 0.38760791227775199, "prioridad": "Muy alta", "intervencion": "Repavimentación + señalización + iluminación", "costo_estimado_clp": 2112953.7026025848, "costo_mclp": 2.113, "ipi_rank": 5 }, "geometry": { "type": "LineString", "coordinates": [ [ -70.6433653, -33.4766885 ], [ -70.6432807, -33.4767492 ], [ -70.6430769, -33.47687 ] ] } },
{ "type": "Feature", "properties": { "highway": "footway", "name": null, "length_m": 31.703999013593371, "jerarquia": 1, "IPI": 0.15167879499081127, "prioridad": "Baja", "intervencion": "Bacheo puntual", "costo_estimado_clp": 79894.077514255288, "costo_mclp": 0.0799, "ipi_rank": 2 }, "geometry": { "type": "LineString", "coordinates": [ [ -70.6437357, -33.4765416 ], [ -70.6437316, -33.4768267 ] ] } },
{ "type": "Feature", "properties": { "highway": "footway", "name": null, "length_m": 31.703999013593371, "jerarquia": 1, "IPI": 0.15167879499081127, "prioridad": "Baja", "intervencion": "Bacheo puntual", "costo_estimado_clp": 79894.077514255288, "costo_mclp": 0.0799, "ipi_rank": 2 }, "geometry": { "type": "LineString", "coordinates": [ [ -70.6437316, -33.4768267 ], [ -70.6437357, -33.4765416 ] ] } },
{ "type": "Feature", "properties": { "highway": "tertiary", "name": "San Francisco", "length_m": 31.63887343683561, "jerarquia": 2, "IPI": 0.26160622598277078, "prioridad": "Alta", "intervencion": "Repavimentación + señalización", "costo_estimado_clp": 1882512.9694917188, "costo_mclp": 1.8825, "ipi_rank": 4 }, "geometry": { "type": "LineString", "coordinates": [ [ -70.6436608, -33.476541 ], [ -70.6436503, -33.4768254 ] ] } },
{ "type": "Feature", "properties": { "highway": "secondary", "name": "Avenida Santa Rosa", "length_m": 24.358169566166062, "jerarquia": 3, "IPI": 0.38567837416097267, "prioridad": "Muy alta", "intervencion": "Repavimentación + señalización + iluminación", "costo_estimado_clp": 1534564.6826684619, "costo_mclp": 1.5346, "ipi_rank": 5 }, "geometry": { "type": "LineString", "coordinates": [ [ -70.6435312, -33.4765194 ], [ -70.6435023, -33.4765549 ], [ -70.6434363, -33.4766277 ], [ -70.6433653, -33.4766885 ] ] } },
{ "type": "Feature", "properties": { "highway": "footway", "name": null, "length_m": 3.800290774890756, "jerarquia": 1, "IPI": 0.12701467892895052, "prioridad": "Muy baja", "intervencion": "Mantención preventiva", "costo_estimado_clp": 3192.2442509082357, "costo_mclp": 0.0032, "ipi_rank": 1 }, "geometry": { "type": "LineString", "coordinates": [ [ -70.6436608, -33.476541 ], [ -70.6436204, -33.4765467 ] ] } },
{ "type": "Feature", "properties": { "highway": "footway", "name": null, "length_m": 3.800290774890756, "jerarquia": 1, "IPI": 0.12701467892895052, "prioridad": "Muy baja", "intervencion": "Mantención preventiva", "costo_estimado_clp": 3192.2442509082357, "costo_mclp": 0.0032, "ipi_rank": 1 }, "geometry": { "type": "LineString", "coordinates": [ [ -70.6436204, -33.4765467 ], [ -70.6436608, -33.476541 ] ] } },
{ "type": "Feature", "properties": { "highway": "footway", "name": null, "length_m": 6.9472297440747175, "jerarquia": 1, "IPI": 0.12984661411093004, "prioridad": "Muy baja", "intervencion": "Mantención preventiva", "costo_estimado_clp": 5835.672985022763, "costo_mclp": 0.0058, "ipi_rank": 1 }, "geometry": { "type": "LineString", "coordinates": [ [ -70.6437357, -33.4765416 ], [ -70.6436608, -33.476541 ] ] } },
{ "type": "Feature", "properties": { "highway": "footway", "name": null, "length_m": 6.9472297440747175, "jerarquia": 1, "IPI": 0.12984661411093004, "prioridad": "Muy baja", "intervencion": "Mantención preventiva", "costo_estimado_clp": 5835.672985022763, "costo_mclp": 0.0058, "ipi_rank": 1 }, "geometry": { "type": "LineString", "coordinates": [ [ -70.6436608, -33.476541 ], [ -70.6437357, -33.4765416 ] ] } },
{ "type": "Feature", "properties": { "highway": "footway", "name": null, "length_m": 9.2610805035561512, "jerarquia": 1, "IPI": 0.12728260163316368, "prioridad": "Muy baja", "intervencion": "Mantención preventiva", "costo_estimado_clp": 7779.3076229871676, "costo_mclp": 0.0078, "ipi_rank": 1 }, "geometry": { "type": "LineString", "coordinates": [ [ -70.6436204, -33.4765467 ], [ -70.6435929, -33.4765251 ], [ -70.6435312, -33.4765194 ] ] } },
{ "type": "Feature", "properties": { "highway": "footway", "name": null, "length_m": 9.2610805035561512, "jerarquia": 1, "IPI": 0.12728260163316368, "prioridad": "Muy baja", "intervencion": "Mantención preventiva", "costo_estimado_clp": 7779.3076229871676, "costo_mclp": 0.0078, "ipi_rank": 1 }, "geometry": { "type": "LineString", "coordinates": [ [ -70.6435312, -33.4765194 ], [ -70.6435929, -33.4765251 ], [ -70.6436204, -33.4765467 ] ] } },
{ "type": "Feature", "properties": { "highway": "service", "name": null, "length_m": 42.86960838357281, "jerarquia": 1, "IPI": 0.14491292911015244, "prioridad": "Baja", "intervencion": "Bacheo puntual", "costo_estimado_clp": 108031.41312660348, "costo_mclp": 0.108, "ipi_rank": 2 }, "geometry": { "type": "LineString", "coordinates": [ [ -70.6442998, -33.4767322 ], [ -70.6440343, -33.4767342 ], [ -70.6438376, -33.4767338 ] ] } },
{ "type": "Feature", "properties": { "highway": "service", "name": null, "length_m": 42.86960838357281, "jerarquia": 1, "IPI": 0.14491292911015244, "prioridad": "Baja", "intervencion": "Bacheo puntual", "costo_estimado_clp": 108031.41312660348, "costo_mclp": 0.108, "ipi_rank": 2 }, "geometry": { "type": "LineString", "coordinates": [ [ -70.6438376, -33.4767338 ], [ -70.6440343, -33.4767342 ], [ -70.6442998, -33.4767322 ] ] } },
{ "type": "Feature", "properties": { "highway": "service", "name": null, "length_m": 66.380416799512787, "jerarquia": 1, "IPI": 0.15153363676715281, "prioridad": "Baja", "intervencion": "Bacheo puntual", "costo_estimado_clp": 167278.65033477222, "costo_mclp": 0.1673, "ipi_rank": 2 }, "geometry": { "type": "LineString", "coordinates": [ [ -70.6442998, -33.4767322 ], [ -70.6450155, -33.4767318 ] ] } },
{ "type": "Feature", "properties": { "highway": "service", "name": null, "length_m": 66.380416799512787, "jerarquia": 1, "IPI": 0.15153363676715281, "prioridad": "Baja", "intervencion": "Bacheo puntual", "costo_estimado_clp": 167278.65033477222, "costo_mclp": 0.1673, "ipi_rank": 2 }, "geometry": { "type": "LineString", "coordinates": [ [ -70.6450155, -33.4767318 ], [ -70.6442998, -33.4767322 ] ] } },
{ "type": "Feature", "properties": { "highway": "service", "name": null, "length_m": 15.147326231568133, "jerarquia": 1, "IPI": 0.13199123431210608, "prioridad": "Muy baja", "intervencion": "Mantención preventiva", "costo_estimado_clp": 12723.754034517233, "costo_mclp": 0.0127, "ipi_rank": 1 }, "geometry": { "type": "LineString", "coordinates": [ [ -70.6443028, -33.476596 ], [ -70.6442998, -33.4767322 ] ] } },
{ "type": "Feature", "properties": { "highway": "service", "name": null, "length_m": 15.147326231568133, "jerarquia": 1, "IPI": 0.13199123431210608, "prioridad": "Muy baja", "intervencion": "Mantención preventiva", "costo_estimado_clp": 12723.754034517233, "costo_mclp": 0.0127, "ipi_rank": 1 }, "geometry": { "type": "LineString", "coordinates": [ [ -70.6442998, -33.4767322 ], [ -70.6443028, -33.476596 ] ] } },
{ "type": "Feature", "properties": { "highway": "service", "name": null, "length_m": 58.590049114553537, "jerarquia": 1, "IPI": 0.14816782217520486, "prioridad": "Baja", "intervencion": "Bacheo puntual", "costo_estimado_clp": 147646.9237686749, "costo_mclp": 0.1476, "ipi_rank": 2 }, "geometry": { "type": "LineString", "coordinates": [ [ -70.6443028, -33.476596 ], [ -70.643934, -33.4765869 ], [ -70.6438637, -33.4765883 ], [ -70.6438516, -33.4765894 ], [ -70.6438426, -33.4765919 ], [ -70.6438394, -33.4765989 ], [ -70.6438384, -33.4766067 ], [ -70.6438376, -33.4767338 ] ] } },
{ "type": "Feature", "properties": { "highway": "service", "name": null, "length_m": 58.590049114553537, "jerarquia": 1, "IPI": 0.14816782217520486, "prioridad": "Baja", "intervencion": "Bacheo puntual", "costo_estimado_clp": 147646.9237686749, "costo_mclp": 0.1476, "ipi_rank": 2 }, "geometry": { "type": "LineString", "coordinates": [ [ -70.6438376, -33.4767338 ], [ -70.6438384, -33.4766067 ], [ -70.6438394, -33.4765989 ], [ -70.6438426, -33.4765919 ], [ -70.6438516, -33.4765894 ], [ -70.6438637, -33.4765883 ], [ -70.643934, -33.4765869 ], [ -70.6443028, -33.476596 ] ] } },
{ "type": "Feature", "properties": { "highway": "service", "name": null, "length_m": 65.18211011764042, "jerarquia": 1, "IPI": 0.14871300849573738, "prioridad": "Baja", "intervencion": "Bacheo puntual", "costo_estimado_clp": 164258.91749645385, "costo_mclp": 0.1643, "ipi_rank": 2 }, "geometry": { "type": "LineString", "coordinates": [ [ -70.6450055, -33.4766048 ], [ -70.6443028, -33.476596 ] ] } },
{ "type": "Feature", "properties": { "highway": "service", "name": null, "length_m": 65.18211011764042, "jerarquia": 1, "IPI": 0.14871300849573738, "prioridad": "Baja", "intervencion": "Bacheo puntual", "costo_estimado_clp": 164258.91749645385, "costo_mclp": 0.1643, "ipi_rank": 2 }, "geometry": { "type": "LineString", "coordinates": [ [ -70.6443028, -33.476596 ], [ -70.6450055, -33.4766048 ] ] } },
{ "type": "Feature", "properties": { "highway": "service", "name": null, "length_m": 14.613179857928055, "jerarquia": 1, "IPI": 0.16380215115953198, "prioridad": "Baja", "intervencion": "Bacheo puntual", "costo_estimado_clp": 36825.213241978694, "costo_mclp": 0.0368, "ipi_rank": 2 }, "geometry": { "type": "LineString", "coordinates": [ [ -70.6476554, -33.4768393 ], [ -70.6476527, -33.4769707 ] ] } },
{ "type": "Feature", "properties": { "highway": "service", "name": null, "length_m": 14.822795060117699, "jerarquia": 1, "IPI": 0.14884577380103586, "prioridad": "Baja", "intervencion": "Bacheo puntual", "costo_estimado_clp": 37353.443551496603, "costo_mclp": 0.0374, "ipi_rank": 2 }, "geometry": { "type": "LineString", "coordinates": [ [ -70.6469259, -33.476838 ], [ -70.6469272, -33.4769713 ] ] } },
{ "type": "Feature", "properties": { "highway": "service", "name": null, "length_m": 14.822795060117699, "jerarquia": 1, "IPI": 0.14884577380103586, "prioridad": "Baja", "intervencion": "Bacheo puntual", "costo_estimado_clp": 37353.443551496603, "costo_mclp": 0.0374, "ipi_rank": 2 }, "geometry": { "type": "LineString", "coordinates": [ [ -70.6469272, -33.4769713 ], [ -70.6469259, -33.476838 ] ] } },
{ "type": "Feature", "properties": { "highway": "service", "name": null, "length_m": 14.644968180664444, "jerarquia": 1, "IPI": 0.15840125514872566, "prioridad": "Baja", "intervencion": "Bacheo puntual", "costo_estimado_clp": 36905.319815274393, "costo_mclp": 0.0369, "ipi_rank": 2 }, "geometry": { "type": "LineString", "coordinates": [ [ -70.6472102, -33.4768385 ], [ -70.6472088, -33.4769702 ] ] } },
{ "type": "Feature", "properties": { "highway": "service", "name": null, "length_m": 14.644968180664444, "jerarquia": 1, "IPI": 0.15840125514872566, "prioridad": "Baja", "intervencion": "Bacheo puntual", "costo_estimado_clp": 36905.319815274393, "costo_mclp": 0.0369, "ipi_rank": 2 }, "geometry": { "type": "LineString", "coordinates": [ [ -70.6472088, -33.4769702 ], [ -70.6472102, -33.4768385 ] ] } },
{ "type": "Feature", "properties": { "highway": "service", "name": null, "length_m": 14.360321076812198, "jerarquia": 1, "IPI": 0.16009640461746216, "prioridad": "Baja", "intervencion": "Bacheo puntual", "costo_estimado_clp": 36188.009113566739, "costo_mclp": 0.0362, "ipi_rank": 2 }, "geometry": { "type": "LineString", "coordinates": [ [ -70.6473564, -33.4768388 ], [ -70.6473523, -33.4769679 ] ] } },
{ "type": "Feature", "properties": { "highway": "service", "name": null, "length_m": 14.360321076812198, "jerarquia": 1, "IPI": 0.16009640461746216, "prioridad": "Baja", "intervencion": "Bacheo puntual", "costo_estimado_clp": 36188.009113566739, "costo_mclp": 0.0362, "ipi_rank": 2 }, "geometry": { "type": "LineString", "coordinates": [ [ -70.6473523, -33.4769679 ], [ -70.6473564, -33.4768388 ] ] } },
{ "type": "Feature", "properties": { "highway": "service", "name": null, "length_m": 14.15564767033205, "jerarquia": 1, "IPI": 0.16652785946014964, "prioridad": "Media", "intervencion": "Señalización + bacheo puntual", "costo_estimado_clp": 118907.44043078923, "costo_mclp": 0.1189, "ipi_rank": 3 }, "geometry": { "type": "LineString", "coordinates": [ [ -70.6477882, -33.4768395 ], [ -70.6477869, -33.4769668 ] ] } },
{ "type": "Feature", "properties": { "highway": "service", "name": null, "length_m": 14.15564767033205, "jerarquia": 1, "IPI": 0.16652785946014964, "prioridad": "Media", "intervencion": "Señalización + bacheo puntual", "costo_estimado_clp": 118907.44043078923, "costo_mclp": 0.1189, "ipi_rank": 3 }, "geometry": { "type": "LineString", "coordinates": [ [ -70.6477869, -33.4769668 ], [ -70.6477882, -33.4768395 ] ] } },
{ "type": "Feature", "properties": { "highway": "service", "name": null, "length_m": 7.2808151434846664, "jerarquia": 1, "IPI": 0.18739330894296508, "prioridad": "Media", "intervencion": "Señalización + bacheo puntual", "costo_estimado_clp": 61158.847205271195, "costo_mclp": 0.0612, "ipi_rank": 3 }, "geometry": { "type": "LineString", "coordinates": [ [ -70.6477097, -33.4768393 ], [ -70.6477882, -33.4768395 ] ] } },
{ "type": "Feature", "properties": { "highway": "service", "name": null, "length_m": 7.2808151434846664, "jerarquia": 1, "IPI": 0.18739330894296508, "prioridad": "Media", "intervencion": "Señalización + bacheo puntual", "costo_estimado_clp": 61158.847205271195, "costo_mclp": 0.0612, "ipi_rank": 3 }, "geometry": { "type": "LineString", "coordinates": [ [ -70.6477882, -33.4768395 ], [ -70.6477097, -33.4768393 ] ] } },
{ "type": "Feature", "properties": { "highway": "service", "name": null, "length_m": 5.0362601069515573, "jerarquia": 1, "IPI": 0.18393090275713608, "prioridad": "Media", "intervencion": "Señalización + bacheo puntual", "costo_estimado_clp": 42304.584898393077, "costo_mclp": 0.0423, "ipi_rank": 3 }, "geometry": { "type": "LineString", "coordinates": [ [ -70.6476554, -33.4768393 ], [ -70.6477097, -33.4768393 ] ] } },
{ "type": "Feature", "properties": { "highway": "service", "name": null, "length_m": 5.0362601069515573, "jerarquia": 1, "IPI": 0.18393090275713608, "prioridad": "Media", "intervencion": "Señalización + bacheo puntual", "costo_estimado_clp": 42304.584898393077, "costo_mclp": 0.0423, "ipi_rank": 3 }, "geometry": { "type": "LineString", "coordinates": [ [ -70.6477097, -33.4768393 ], [ -70.6476554, -33.4768393 ] ] } },
{ "type": "Feature", "properties": { "highway": "service", "name": null, "length_m": 13.930910464932943, "jerarquia": 1, "IPI": 0.18447982137370006, "prioridad": "Media", "intervencion": "Señalización + bacheo puntual", "costo_estimado_clp": 117019.64790543672, "costo_mclp": 0.117, "ipi_rank": 3 }, "geometry": { "type": "LineString", "coordinates": [ [ -70.6475052, -33.476839 ], [ -70.6476554, -33.4768393 ] ] } },
{ "type": "Feature", "properties": { "highway": "service", "name": null, "length_m": 13.930910464932943, "jerarquia": 1, "IPI": 0.18447982137370006, "prioridad": "Media", "intervencion": "Señalización + bacheo puntual", "costo_estimado_clp": 117019.64790543672, "costo_mclp": 0.117, "ipi_rank": 3 }, "geometry": { "type": "LineString", "coordinates": [ [ -70.6476554, -33.4768393 ], [ -70.6475052, -33.476839 ] ] } },
{ "type": "Feature", "properties": { "highway": "service", "name": null, "length_m": 13.801040155177397, "jerarquia": 1, "IPI": 0.1814382427192302, "prioridad": "Media", "intervencion": "Señalización + bacheo puntual", "costo_estimado_clp": 115928.73730349014, "costo_mclp": 0.1159, "ipi_rank": 3 }, "geometry": { "type": "LineString", "coordinates": [ [ -70.6475052, -33.476839 ], [ -70.6473564, -33.4768388 ] ] } },
{ "type": "Feature", "properties": { "highway": "service", "name": null, "length_m": 13.801040155177397, "jerarquia": 1, "IPI": 0.1814382427192302, "prioridad": "Media", "intervencion": "Señalización + bacheo puntual", "costo_estimado_clp": 115928.73730349014, "costo_mclp": 0.1159, "ipi_rank": 3 }, "geometry": { "type": "LineString", "coordinates": [ [ -70.6473564, -33.4768388 ], [ -70.6475052, -33.476839 ] ] } },
{ "type": "Feature", "properties": { "highway": "service", "name": null, "length_m": 13.559916415265834, "jerarquia": 1, "IPI": 0.17835191045452023, "prioridad": "Media", "intervencion": "Señalización + bacheo puntual", "costo_estimado_clp": 113903.29788823301, "costo_mclp": 0.1139, "ipi_rank": 3 }, "geometry": { "type": "LineString", "coordinates": [ [ -70.6472102, -33.4768385 ], [ -70.6473564, -33.4768388 ] ] } },
{ "type": "Feature", "properties": { "highway": "service", "name": null, "length_m": 13.559916415265834, "jerarquia": 1, "IPI": 0.17835191045452023, "prioridad": "Media", "intervencion": "Señalización + bacheo puntual", "costo_estimado_clp": 113903.29788823301, "costo_mclp": 0.1139, "ipi_rank": 3 }, "geometry": { "type": "LineString", "coordinates": [ [ -70.6473564, -33.4768388 ], [ -70.6472102, -33.4768385 ] ] } },
{ "type": "Feature", "properties": { "highway": "service", "name": null, "length_m": 6.9005201140205932, "jerarquia": 1, "IPI": 0.17300305211617983, "prioridad": "Media", "intervencion": "Señalización + bacheo puntual", "costo_estimado_clp": 57964.368957772982, "costo_mclp": 0.058, "ipi_rank": 3 }, "geometry": { "type": "LineString", "coordinates": [ [ -70.6472102, -33.4768385 ], [ -70.6471358, -33.4768384 ] ] } },
{ "type": "Feature", "properties": { "highway": "service", "name": null, "length_m": 39.837044552167583, "jerarquia": 1, "IPI": 0.15643038046892321, "prioridad": "Baja", "intervencion": "Bacheo puntual", "costo_estimado_clp": 100389.35227146231, "costo_mclp": 0.1004, "ipi_rank": 2 }, "geometry": { "type": "LineString", "coordinates": [ [ -70.6461333, -33.4768617 ], [ -70.6464857, -33.4768589 ], [ -70.6465616, -33.4768476 ] ] } },
{ "type": "Feature", "properties": { "highway": "service", "name": null, "length_m": 7.9171669196308354, "jerarquia": 1, "IPI": 0.14805067318908532, "prioridad": "Baja", "intervencion": "Bacheo puntual", "costo_estimado_clp": 19951.260637469706, "costo_mclp": 0.02, "ipi_rank": 2 }, "geometry": { "type": "LineString", "coordinates": [ [ -70.6466469, -33.4768449 ], [ -70.6465616, -33.4768476 ] ] } },
{ "type": "Feature", "properties": { "highway": "service", "name": null, "length_m": 7.9171669196308354, "jerarquia": 1, "IPI": 0.14805067318908532, "prioridad": "Baja", "intervencion": "Bacheo puntual", "costo_estimado_clp": 19951.260637469706, "costo_mclp": 0.02, "ipi_rank": 2 }, "geometry": { "type": "LineString", "coordinates": [ [ -70.6465616, -33.4768476 ], [ -70.6466469, -33.4768449 ] ] } },
{ "type": "Feature", "properties": { "highway": "service", "name": null, "length_m": 12.62279945541497, "jerarquia": 1, "IPI": 0.15271729516202159, "prioridad": "Baja", "intervencion": "Bacheo puntual", "costo_estimado_clp": 31809.454627645726, "costo_mclp": 0.0318, "ipi_rank": 2 }, "geometry": { "type": "LineString", "coordinates": [ [ -70.6466469, -33.4768449 ], [ -70.6467828, -33.4768388 ] ] } },
{ "type": "Feature", "properties": { "highway": "service", "name": null, "length_m": 12.62279945541497, "jerarquia": 1, "IPI": 0.15271729516202159, "prioridad": "Baja", "intervencion": "Bacheo puntual", "costo_estimado_clp": 31809.454627645726, "costo_mclp": 0.0318, "ipi_rank": 2 }, "geometry": { "type": "LineString", "coordinates": [ [ -70.6467828, -33.4768388 ], [ -70.6466469, -33.4768449 ] ] } },
{ "type": "Feature", "properties": { "highway": "service", "name": null, "length_m": 5.6863824954294033, "jerarquia": 1, "IPI": 0.15236416145166845, "prioridad": "Baja", "intervencion": "Bacheo puntual", "costo_estimado_clp": 14329.683888482094, "costo_mclp": 0.0143, "ipi_rank": 2 }, "geometry": { "type": "LineString", "coordinates": [ [ -70.6468441, -33.4768379 ], [ -70.6467828, -33.4768388 ] ] } },
{ "type": "Feature", "properties": { "highway": "service", "name": null, "length_m": 5.6863824954294033, "jerarquia": 1, "IPI": 0.15236416145166845, "prioridad": "Baja", "intervencion": "Bacheo puntual", "costo_estimado_clp": 14329.683888482094, "costo_mclp": 0.0143, "ipi_rank": 2 }, "geometry": { "type": "LineString", "coordinates": [ [ -70.6467828, -33.4768388 ], [ -70.6468441, -33.4768379 ] ] } },
{ "type": "Feature", "properties": { "highway": "service", "name": null, "length_m": 7.5868605111515768, "jerarquia": 1, "IPI": 0.15519236680869164, "prioridad": "Baja", "intervencion": "Bacheo puntual", "costo_estimado_clp": 19118.888488101973, "costo_mclp": 0.0191, "ipi_rank": 2 }, "geometry": { "type": "LineString", "coordinates": [ [ -70.6469259, -33.476838 ], [ -70.6468441, -33.4768379 ] ] } },
{ "type": "Feature", "properties": { "highway": "service", "name": null, "length_m": 11.453728280190234, "jerarquia": 1, "IPI": 0.13693371006363114, "prioridad": "Muy baja", "intervencion": "Mantención preventiva", "costo_estimado_clp": 9621.1317553597964, "costo_mclp": 0.0096, "ipi_rank": 1 }, "geometry": { "type": "LineString", "coordinates": [ [ -70.6459938, -33.4768629 ], [ -70.6459925, -33.4767599 ] ] } },
{ "type": "Feature", "properties": { "highway": "service", "name": null, "length_m": 11.453728280190234, "jerarquia": 1, "IPI": 0.13693371006363114, "prioridad": "Muy baja", "intervencion": "Mantención preventiva", "costo_estimado_clp": 9621.1317553597964, "costo_mclp": 0.0096, "ipi_rank": 1 }, "geometry": { "type": "LineString", "coordinates": [ [ -70.6459925, -33.4767599 ], [ -70.6459938, -33.4768629 ] ] } },
{ "type": "Feature", "properties": { "highway": "service", "name": null, "length_m": 11.681376585827703, "jerarquia": 1, "IPI": 0.13256072872128874, "prioridad": "Muy baja", "intervencion": "Mantención preventiva", "costo_estimado_clp": 9812.3563320952708, "costo_mclp": 0.0098, "ipi_rank": 1 }, "geometry": { "type": "LineString", "coordinates": [ [ -70.6454265, -33.4768674 ], [ -70.6454225, -33.4769724 ] ] } },
{ "type": "Feature", "properties": { "highway": "service", "name": null, "length_m": 11.681376585827703, "jerarquia": 1, "IPI": 0.13256072872128874, "prioridad": "Muy baja", "intervencion": "Mantención preventiva", "costo_estimado_clp": 9812.3563320952708, "costo_mclp": 0.0098, "ipi_rank": 1 }, "geometry": { "type": "LineString", "coordinates": [ [ -70.6454225, -33.4769724 ], [ -70.6454265, -33.4768674 ] ] } },
{ "type": "Feature", "properties": { "highway": "service", "name": null, "length_m": 14.302591480894273, "jerarquia": 1, "IPI": 0.13387174252120451, "prioridad": "Muy baja", "intervencion": "Mantención preventiva", "costo_estimado_clp": 12014.176843951189, "costo_mclp": 0.012, "ipi_rank": 1 }, "geometry": { "type": "LineString", "coordinates": [ [ -70.6452723, -33.4768687 ], [ -70.6454265, -33.4768674 ] ] } },
{ "type": "Feature", "properties": { "highway": "service", "name": null, "length_m": 14.302591480894273, "jerarquia": 1, "IPI": 0.13387174252120451, "prioridad": "Muy baja", "intervencion": "Mantención preventiva", "costo_estimado_clp": 12014.176843951189, "costo_mclp": 0.012, "ipi_rank": 1 }, "geometry": { "type": "LineString", "coordinates": [ [ -70.6454265, -33.4768674 ], [ -70.6452723, -33.4768687 ] ] } },
{ "type": "Feature", "properties": { "highway": "service", "name": null, "length_m": 13.810937270835064, "jerarquia": 1, "IPI": 0.13620835739427534, "prioridad": "Muy baja", "intervencion": "Mantención preventiva", "costo_estimado_clp": 11601.187307501454, "costo_mclp": 0.0116, "ipi_rank": 1 }, "geometry": { "type": "LineString", "coordinates": [ [ -70.6455754, -33.4768662 ], [ -70.6454265, -33.4768674 ] ] } },
{ "type": "Feature", "properties": { "highway": "service", "name": null, "length_m": 13.810937270835064, "jerarquia": 1, "IPI": 0.13620835739427534, "prioridad": "Muy baja", "intervencion": "Mantención preventiva", "costo_estimado_clp": 11601.187307501454, "costo_mclp": 0.0116, "ipi_rank": 1 }, "geometry": { "type": "LineString", "coordinates": [ [ -70.6454265, -33.4768674 ], [ -70.6455754, -33.4768662 ] ] } },
{ "type": "Feature", "properties": { "highway": "service", "name": null, "length_m": 38.807823514573897, "jerarquia": 1, "IPI": 0.14866669030625745, "prioridad": "Baja", "intervencion": "Bacheo puntual", "costo_estimado_clp": 97795.715256726224, "costo_mclp": 0.0978, "ipi_rank": 2 }, "geometry": { "type": "LineString", "coordinates": [ [ -70.6455754, -33.4768662 ], [ -70.6459938, -33.4768629 ] ] } },
{ "type": "Feature", "properties": { "highway": "service", "name": null, "length_m": 38.807823514573897, "jerarquia": 1, "IPI": 0.14866669030625745, "prioridad": "Baja", "intervencion": "Bacheo puntual", "costo_estimado_clp": 97795.715256726224, "costo_mclp": 0.0978, "ipi_rank": 2 }, "geometry": { "type": "LineString", "coordinates": [ [ -70.6459938, -33.4768629 ], [ -70.6455754, -33.4768662 ] ] } },
{ "type": "Feature", "properties": { "highway": "service", "name": null, "length_m": 30.668411930747421, "jerarquia": 1, "IPI": 0.14234445878688834, "prioridad": "Baja", "intervencion": "Bacheo puntual", "costo_estimado_clp": 77284.398065483489, "costo_mclp": 0.0773, "ipi_rank": 2 }, "geometry": { "type": "LineString", "coordinates": [ [ -70.6455754, -33.4768662 ], [ -70.6455778, -33.4765904 ] ] } },
{ "type": "Feature", "properties": { "highway": "service", "name": null, "length_m": 30.668411930747421, "jerarquia": 1, "IPI": 0.14234445878688834, "prioridad": "Baja", "intervencion": "Bacheo puntual", "costo_estimado_clp": 77284.398065483489, "costo_mclp": 0.0773, "ipi_rank": 2 }, "geometry": { "type": "LineString", "coordinates": [ [ -70.6455778, -33.4765904 ], [ -70.6455754, -33.4768662 ] ] } },
{ "type": "Feature", "properties": { "highway": "service", "name": null, "length_m": 6.9005201140205932, "jerarquia": 1, "IPI": 0.17300305211617983, "prioridad": "Media", "intervencion": "Señalización + bacheo puntual", "costo_estimado_clp": 57964.368957772982, "costo_mclp": 0.058, "ipi_rank": 3 }, "geometry": { "type": "LineString", "coordinates": [ [ -70.6471358, -33.4768384 ], [ -70.6472102, -33.4768385 ] ] } },
{ "type": "Feature", "properties": { "highway": "service", "name": null, "length_m": 6.2883788738304451, "jerarquia": 1, "IPI": 0.16583941591033358, "prioridad": "Media", "intervencion": "Señalización + bacheo puntual", "costo_estimado_clp": 52822.382540175735, "costo_mclp": 0.0528, "ipi_rank": 3 }, "geometry": { "type": "LineString", "coordinates": [ [ -70.6471358, -33.4768384 ], [ -70.647068, -33.4768383 ] ] } },
{ "type": "Feature", "properties": { "highway": "service", "name": null, "length_m": 6.2883788738304451, "jerarquia": 1, "IPI": 0.16583941591033358, "prioridad": "Media", "intervencion": "Señalización + bacheo puntual", "costo_estimado_clp": 52822.382540175735, "costo_mclp": 0.0528, "ipi_rank": 3 }, "geometry": { "type": "LineString", "coordinates": [ [ -70.647068, -33.4768383 ], [ -70.6471358, -33.4768384 ] ] } },
{ "type": "Feature", "properties": { "highway": "service", "name": null, "length_m": 7.6425339811140178, "jerarquia": 1, "IPI": 0.15940894491630714, "prioridad": "Baja", "intervencion": "Bacheo puntual", "costo_estimado_clp": 19259.185632407323, "costo_mclp": 0.0193, "ipi_rank": 2 }, "geometry": { "type": "LineString", "coordinates": [ [ -70.647068, -33.4768383 ], [ -70.6469856, -33.4768381 ] ] } },
{ "type": "Feature", "properties": { "highway": "service", "name": null, "length_m": 7.6425339811140178, "jerarquia": 1, "IPI": 0.15940894491630714, "prioridad": "Baja", "intervencion": "Bacheo puntual", "costo_estimado_clp": 19259.185632407323, "costo_mclp": 0.0193, "ipi_rank": 2 }, "geometry": { "type": "LineString", "coordinates": [ [ -70.6469856, -33.4768381 ], [ -70.647068, -33.4768383 ] ] } },
{ "type": "Feature", "properties": { "highway": "service", "name": null, "length_m": 5.5371148983109526, "jerarquia": 1, "IPI": 0.15653310651224411, "prioridad": "Baja", "intervencion": "Bacheo puntual", "costo_estimado_clp": 13953.5295437436, "costo_mclp": 0.014, "ipi_rank": 2 }, "geometry": { "type": "LineString", "coordinates": [ [ -70.6469856, -33.4768381 ], [ -70.6469259, -33.476838 ] ] } },
{ "type": "Feature", "properties": { "highway": "service", "name": null, "length_m": 5.5371148983109526, "jerarquia": 1, "IPI": 0.15653310651224411, "prioridad": "Baja", "intervencion": "Bacheo puntual", "costo_estimado_clp": 13953.5295437436, "costo_mclp": 0.014, "ipi_rank": 2 }, "geometry": { "type": "LineString", "coordinates": [ [ -70.6469259, -33.476838 ], [ -70.6469856, -33.4768381 ] ] } },
{ "type": "Feature", "properties": { "highway": "service", "name": null, "length_m": 7.5868605111515768, "jerarquia": 1, "IPI": 0.15519236680869164, "prioridad": "Baja", "intervencion": "Bacheo puntual", "costo_estimado_clp": 19118.888488101973, "costo_mclp": 0.0191, "ipi_rank": 2 }, "geometry": { "type": "LineString", "coordinates": [ [ -70.6468441, -33.4768379 ], [ -70.6469259, -33.476838 ] ] } },
{ "type": "Feature", "properties": { "highway": "service", "name": null, "length_m": 39.912839039982281, "jerarquia": 1, "IPI": 0.17488072439572405, "prioridad": "Media", "intervencion": "Señalización + bacheo puntual", "costo_estimado_clp": 335267.8479358512, "costo_mclp": 0.3353, "ipi_rank": 3 }, "geometry": { "type": "LineString", "coordinates": [ [ -70.6475206, -33.4766329 ], [ -70.6477073, -33.4766403 ], [ -70.6477107, -33.4766408 ], [ -70.647714, -33.4766425 ], [ -70.6477149, -33.4766462 ], [ -70.6477147, -33.4766498 ], [ -70.6477097, -33.4768393 ] ] } },
{ "type": "Feature", "properties": { "highway": "service", "name": null, "length_m": 39.912839039982281, "jerarquia": 1, "IPI": 0.17488072439572405, "prioridad": "Media", "intervencion": "Señalización + bacheo puntual", "costo_estimado_clp": 335267.8479358512, "costo_mclp": 0.3353, "ipi_rank": 3 }, "geometry": { "type": "LineString", "coordinates": [ [ -70.6477097, -33.4768393 ], [ -70.6477147, -33.4766498 ], [ -70.6477149, -33.4766462 ], [ -70.647714, -33.4766425 ], [ -70.6477107, -33.4766408 ], [ -70.6477073, -33.4766403 ], [ -70.6475206, -33.4766329 ] ] } },
{ "type": "Feature", "properties": { "highway": "service", "name": null, "length_m": 23.207155339282686, "jerarquia": 1, "IPI": 0.16458621767535686, "prioridad": "Baja", "intervencion": "Bacheo puntual", "costo_estimado_clp": 58482.031454992371, "costo_mclp": 0.0585, "ipi_rank": 2 }, "geometry": { "type": "LineString", "coordinates": [ [ -70.6471358, -33.4768384 ], [ -70.6471378, -33.4766297 ] ] } },
{ "type": "Feature", "properties": { "highway": "service", "name": null, "length_m": 23.207155339282686, "jerarquia": 1, "IPI": 0.16458621767535686, "prioridad": "Baja", "intervencion": "Bacheo puntual", "costo_estimado_clp": 58482.031454992371, "costo_mclp": 0.0585, "ipi_rank": 2 }, "geometry": { "type": "LineString", "coordinates": [ [ -70.6471378, -33.4766297 ], [ -70.6471358, -33.4768384 ] ] } },
{ "type": "Feature", "properties": { "highway": "service", "name": null, "length_m": 23.210335531916428, "jerarquia": 1, "IPI": 0.15612391418184407, "prioridad": "Baja", "intervencion": "Bacheo puntual", "costo_estimado_clp": 58490.045540429397, "costo_mclp": 0.0585, "ipi_rank": 2 }, "geometry": { "type": "LineString", "coordinates": [ [ -70.6469856, -33.4768381 ], [ -70.6469902, -33.4766294 ] ] } },
{ "type": "Feature", "properties": { "highway": "service", "name": null, "length_m": 23.210335531916428, "jerarquia": 1, "IPI": 0.15612391418184407, "prioridad": "Baja", "intervencion": "Bacheo puntual", "costo_estimado_clp": 58490.045540429397, "costo_mclp": 0.0585, "ipi_rank": 2 }, "geometry": { "type": "LineString", "coordinates": [ [ -70.6469902, -33.4766294 ], [ -70.6469856, -33.4768381 ] ] } },
{ "type": "Feature", "properties": { "highway": "service", "name": null, "length_m": 26.504520654261931, "jerarquia": 1, "IPI": 0.14883235001023182, "prioridad": "Baja", "intervencion": "Bacheo puntual", "costo_estimado_clp": 66791.392048740061, "costo_mclp": 0.0668, "ipi_rank": 2 }, "geometry": { "type": "LineString", "coordinates": [ [ -70.6472839, -33.476747 ], [ -70.6472873, -33.4766357 ], [ -70.6472859, -33.4766338 ], [ -70.6472842, -33.4766322 ], [ -70.6472819, -33.4766309 ], [ -70.6472793, -33.4766301 ], [ -70.6471378, -33.4766297 ] ] } },
{ "type": "Feature", "properties": { "highway": "service", "name": null, "length_m": 26.504520654261931, "jerarquia": 1, "IPI": 0.14883235001023182, "prioridad": "Baja", "intervencion": "Bacheo puntual", "costo_estimado_clp": 66791.392048740061, "costo_mclp": 0.0668, "ipi_rank": 2 }, "geometry": { "type": "LineString", "coordinates": [ [ -70.6471378, -33.4766297 ], [ -70.6472793, -33.4766301 ], [ -70.6472819, -33.4766309 ], [ -70.6472842, -33.4766322 ], [ -70.6472859, -33.4766338 ], [ -70.6472873, -33.4766357 ], [ -70.6472839, -33.476747 ] ] } },
{ "type": "Feature", "properties": { "highway": "service", "name": null, "length_m": 13.689797391194288, "jerarquia": 1, "IPI": 0.14630051685500345, "prioridad": "Baja", "intervencion": "Bacheo puntual", "costo_estimado_clp": 34498.289425809606, "costo_mclp": 0.0345, "ipi_rank": 2 }, "geometry": { "type": "LineString", "coordinates": [ [ -70.6469902, -33.4766294 ], [ -70.6471378, -33.4766297 ] ] } },
{ "type": "Feature", "properties": { "highway": "service", "name": null, "length_m": 13.689797391194288, "jerarquia": 1, "IPI": 0.14630051685500345, "prioridad": "Baja", "intervencion": "Bacheo puntual", "costo_estimado_clp": 34498.289425809606, "costo_mclp": 0.0345, "ipi_rank": 2 }, "geometry": { "type": "LineString", "coordinates": [ [ -70.6471378, -33.4766297 ], [ -70.6469902, -33.4766294 ] ] } },
{ "type": "Feature", "properties": { "highway": "service", "name": null, "length_m": 13.114788242592882, "jerarquia": 1, "IPI": 0.14362889483583371, "prioridad": "Baja", "intervencion": "Bacheo puntual", "costo_estimado_clp": 33049.266371334059, "costo_mclp": 0.033, "ipi_rank": 2 }, "geometry": { "type": "LineString", "coordinates": [ [ -70.6469902, -33.4766294 ], [ -70.6468488, -33.476629 ] ] } },
{ "type": "Feature", "properties": { "highway": "service", "name": null, "length_m": 13.114788242592882, "jerarquia": 1, "IPI": 0.14362889483583371, "prioridad": "Baja", "intervencion": "Bacheo puntual", "costo_estimado_clp": 33049.266371334059, "costo_mclp": 0.033, "ipi_rank": 2 }, "geometry": { "type": "LineString", "coordinates": [ [ -70.6468488, -33.476629 ], [ -70.6469902, -33.4766294 ] ] } },
{ "type": "Feature", "properties": { "highway": "service", "name": null, "length_m": 14.433625491166715, "jerarquia": 1, "IPI": 0.1399057269641609, "prioridad": "Muy baja", "intervencion": "Mantención preventiva", "costo_estimado_clp": 12124.245412580043, "costo_mclp": 0.0121, "ipi_rank": 1 }, "geometry": { "type": "LineString", "coordinates": [ [ -70.6461346, -33.4767319 ], [ -70.6461333, -33.4768617 ] ] } },
{ "type": "Feature", "properties": { "highway": "service", "name": null, "length_m": 14.433625491166715, "jerarquia": 1, "IPI": 0.1399057269641609, "prioridad": "Muy baja", "intervencion": "Mantención preventiva", "costo_estimado_clp": 12124.245412580043, "costo_mclp": 0.0121, "ipi_rank": 1 }, "geometry": { "type": "LineString", "coordinates": [ [ -70.6461333, -33.4768617 ], [ -70.6461346, -33.4767319 ] ] } },
{ "type": "Feature", "properties": { "highway": "service", "name": null, "length_m": 25.087478018820942, "jerarquia": 1, "IPI": 0.14891538322111597, "prioridad": "Baja", "intervencion": "Bacheo puntual", "costo_estimado_clp": 63220.44460742877, "costo_mclp": 0.0632, "ipi_rank": 2 }, "geometry": { "type": "LineString", "coordinates": [ [ -70.6465616, -33.4768476 ], [ -70.6465649, -33.476622 ] ] } },
{ "type": "Feature", "properties": { "highway": "service", "name": null, "length_m": 25.087478018820942, "jerarquia": 1, "IPI": 0.14891538322111597, "prioridad": "Baja", "intervencion": "Bacheo puntual", "costo_estimado_clp": 63220.44460742877, "costo_mclp": 0.0632, "ipi_rank": 2 }, "geometry": { "type": "LineString", "coordinates": [ [ -70.6465649, -33.476622 ], [ -70.6465616, -33.4768476 ] ] } },
{ "type": "Feature", "properties": { "highway": "service", "name": null, "length_m": 23.232742970026848, "jerarquia": 1, "IPI": 0.15309191675349379, "prioridad": "Baja", "intervencion": "Bacheo puntual", "costo_estimado_clp": 58546.512284467659, "costo_mclp": 0.0585, "ipi_rank": 2 }, "geometry": { "type": "LineString", "coordinates": [ [ -70.6468441, -33.4768379 ], [ -70.6468488, -33.476629 ] ] } },
{ "type": "Feature", "properties": { "highway": "service", "name": null, "length_m": 23.232742970026848, "jerarquia": 1, "IPI": 0.15309191675349379, "prioridad": "Baja", "intervencion": "Bacheo puntual", "costo_estimado_clp": 58546.512284467659, "costo_mclp": 0.0585, "ipi_rank": 2 }, "geometry": { "type": "LineString", "coordinates": [ [ -70.6468488, -33.476629 ], [ -70.6468441, -33.4768379 ] ] } },
{ "type": "Feature", "properties": { "highway": "service", "name": null, "length_m": 26.342952545707568, "jerarquia": 1, "IPI": 0.14641936394213609, "prioridad": "Baja", "intervencion": "Bacheo puntual", "costo_estimado_clp": 66384.240415183071, "costo_mclp": 0.0664, "ipi_rank": 2 }, "geometry": { "type": "LineString", "coordinates": [ [ -70.6468488, -33.476629 ], [ -70.6465649, -33.476622 ] ] } },
{ "type": "Feature", "properties": { "highway": "service", "name": null, "length_m": 26.342952545707568, "jerarquia": 1, "IPI": 0.14641936394213609, "prioridad": "Baja", "intervencion": "Bacheo puntual", "costo_estimado_clp": 66384.240415183071, "costo_mclp": 0.0664, "ipi_rank": 2 }, "geometry": { "type": "LineString", "coordinates": [ [ -70.6465649, -33.476622 ], [ -70.6468488, -33.476629 ] ] } },
{ "type": "Feature", "properties": { "highway": "service", "name": null, "length_m": 91.694516884947035, "jerarquia": 1, "IPI": 0.1668563047562131, "prioridad": "Media", "intervencion": "Señalización + bacheo puntual", "costo_estimado_clp": 770233.94183355512, "costo_mclp": 0.7702, "ipi_rank": 3 }, "geometry": { "type": "LineString", "coordinates": [ [ -70.6465649, -33.476622 ], [ -70.6465061, -33.4766122 ], [ -70.6455778, -33.4765904 ] ] } },
{ "type": "Feature", "properties": { "highway": "service", "name": null, "length_m": 91.694516884947035, "jerarquia": 1, "IPI": 0.1668563047562131, "prioridad": "Media", "intervencion": "Señalización + bacheo puntual", "costo_estimado_clp": 770233.94183355512, "costo_mclp": 0.7702, "ipi_rank": 3 }, "geometry": { "type": "LineString", "coordinates": [ [ -70.6455778, -33.4765904 ], [ -70.6465061, -33.4766122 ], [ -70.6465649, -33.476622 ] ] } },
{ "type": "Feature", "properties": { "highway": "service", "name": null, "length_m": 31.192212220500473, "jerarquia": 1, "IPI": 0.14065020208989892, "prioridad": "Muy baja", "intervencion": "Mantención preventiva", "costo_estimado_clp": 26201.458265220397, "costo_mclp": 0.0262, "ipi_rank": 1 }, "geometry": { "type": "LineString", "coordinates": [ [ -70.6454265, -33.4768674 ], [ -70.6454303, -33.4765869 ] ] } },
{ "type": "Feature", "properties": { "highway": "service", "name": null, "length_m": 31.192212220500473, "jerarquia": 1, "IPI": 0.14065020208989892, "prioridad": "Muy baja", "intervencion": "Mantención preventiva", "costo_estimado_clp": 26201.458265220397, "costo_mclp": 0.0262, "ipi_rank": 1 }, "geometry": { "type": "LineString", "coordinates": [ [ -70.6454303, -33.4765869 ], [ -70.6454265, -33.4768674 ] ] } },
{ "type": "Feature", "properties": { "highway": "service", "name": null, "length_m": 31.73263341535371, "jerarquia": 1, "IPI": 0.13832686455897397, "prioridad": "Muy baja", "intervencion": "Mantención preventiva", "costo_estimado_clp": 26655.412068897116, "costo_mclp": 0.0267, "ipi_rank": 1 }, "geometry": { "type": "LineString", "coordinates": [ [ -70.6452803, -33.4765834 ], [ -70.6452723, -33.4768687 ] ] } },
{ "type": "Feature", "properties": { "highway": "service", "name": null, "length_m": 31.73263341535371, "jerarquia": 1, "IPI": 0.13832686455897397, "prioridad": "Muy baja", "intervencion": "Mantención preventiva", "costo_estimado_clp": 26655.412068897116, "costo_mclp": 0.0267, "ipi_rank": 1 }, "geometry": { "type": "LineString", "coordinates": [ [ -70.6452723, -33.4768687 ], [ -70.6452803, -33.4765834 ] ] } },
{ "type": "Feature", "properties": { "highway": "service", "name": null, "length_m": 53.063523589130853, "jerarquia": 1, "IPI": 0.14588395810527857, "prioridad": "Baja", "intervencion": "Bacheo puntual", "costo_estimado_clp": 133720.07944460973, "costo_mclp": 0.1337, "ipi_rank": 2 }, "geometry": { "type": "LineString", "coordinates": [ [ -70.6452803, -33.4765834 ], [ -70.645174, -33.4765809 ], [ -70.6451668, -33.4765833 ], [ -70.64516, -33.4765867 ], [ -70.6451543, -33.4765911 ], [ -70.6451502, -33.4765965 ], [ -70.6451549, -33.476845 ], [ -70.6451551, -33.4768529 ], [ -70.6451568, -33.4768605 ], [ -70.6451622, -33.4768644 ], [ -70.6451674, -33.4768667 ], [ -70.6451739, -33.4768671 ], [ -70.6452723, -33.4768687 ] ] } },
{ "type": "Feature", "properties": { "highway": "service", "name": null, "length_m": 53.063523589130867, "jerarquia": 1, "IPI": 0.14588395810528551, "prioridad": "Baja", "intervencion": "Bacheo puntual", "costo_estimado_clp": 133720.07944460979, "costo_mclp": 0.1337, "ipi_rank": 2 }, "geometry": { "type": "LineString", "coordinates": [ [ -70.6452723, -33.4768687 ], [ -70.6451739, -33.4768671 ], [ -70.6451674, -33.4768667 ], [ -70.6451622, -33.4768644 ], [ -70.6451568, -33.4768605 ], [ -70.6451551, -33.4768529 ], [ -70.6451549, -33.476845 ], [ -70.6451502, -33.4765965 ], [ -70.6451543, -33.4765911 ], [ -70.64516, -33.4765867 ], [ -70.6451668, -33.4765833 ], [ -70.645174, -33.4765809 ], [ -70.6452803, -33.4765834 ] ] } },
{ "type": "Feature", "properties": { "highway": "service", "name": null, "length_m": 13.686022924710581, "jerarquia": 1, "IPI": 0.1338863087391646, "prioridad": "Muy baja", "intervencion": "Mantención preventiva", "costo_estimado_clp": 11496.259256756888, "costo_mclp": 0.0115, "ipi_rank": 1 }, "geometry": { "type": "LineString", "coordinates": [ [ -70.6454303, -33.4765869 ], [ -70.6455778, -33.4765904 ] ] } },
{ "type": "Feature", "properties": { "highway": "service", "name": null, "length_m": 13.686022924710581, "jerarquia": 1, "IPI": 0.1338863087391646, "prioridad": "Muy baja", "intervencion": "Mantención preventiva", "costo_estimado_clp": 11496.259256756888, "costo_mclp": 0.0115, "ipi_rank": 1 }, "geometry": { "type": "LineString", "coordinates": [ [ -70.6455778, -33.4765904 ], [ -70.6454303, -33.4765869 ] ] } },
{ "type": "Feature", "properties": { "highway": "service", "name": null, "length_m": 13.917803962093538, "jerarquia": 1, "IPI": 0.13207791017028248, "prioridad": "Muy baja", "intervencion": "Mantención preventiva", "costo_estimado_clp": 11690.955328158572, "costo_mclp": 0.0117, "ipi_rank": 1 }, "geometry": { "type": "LineString", "coordinates": [ [ -70.6454303, -33.4765869 ], [ -70.6452803, -33.4765834 ] ] } },
{ "type": "Feature", "properties": { "highway": "service", "name": null, "length_m": 13.917803962093538, "jerarquia": 1, "IPI": 0.13207791017028248, "prioridad": "Muy baja", "intervencion": "Mantención preventiva", "costo_estimado_clp": 11690.955328158572, "costo_mclp": 0.0117, "ipi_rank": 1 }, "geometry": { "type": "LineString", "coordinates": [ [ -70.6452803, -33.4765834 ], [ -70.6454303, -33.4765869 ] ] } }
]
}
