{
"type": "FeatureCollection",
"name": "Puntos_criticos_2024",
"crs": { "type": "name", "properties": { "name": "urn:ogc:def:crs:OGC:1.3:CRS84" } },
"features": [
{ "type": "Feature", "properties": { "FID": 37518, "REGION": "Metropolitana de Santiago", "PROVINCIA": "Santiago", "COMUNA2": "San Miguel", "Direccion": "ACTOR BAGUENA & BRIGADIER DE LA CRUZ, San Miguel", "Año": 2024, "Cantidad_d": 2, "Fallecidos": 0, "Lesionados": 0, "Lesionad_1": 0, "Lesionad_2": 1, "Total_lesi": 1, "Latitud": -33.492847, "Longitud": -70.645343 }, "geometry": { "type": "Point", "coordinates": [ -70.645343, -33.492846999131302 ] } },
{ "type": "Feature", "properties": { "FID": 37519, "REGION": "Metropolitana de Santiago", "PROVINCIA": "Santiago", "COMUNA2": "San Miguel", "Direccion": "ACTOR BAGUENA & CURINANCA, San Miguel", "Año": 2024, "Cantidad_d": 2, "Fallecidos": 0, "Lesionados": 0, "Lesionad_1": 0, "Lesionad_2": 1, "Total_lesi": 1, "Latitud": -33.490094, "Longitud": -70.644594 }, "geometry": { "type": "Point", "coordinates": [ -70.6445945, -33.490093499131298 ] } },
{ "type": "Feature", "properties": { "FID": 37520, "REGION": "Metropolitana de Santiago", "PROVINCIA": "Santiago", "COMUNA2": "San Miguel", "Direccion": "ACTOR BAGUENA & MARIA AUXILIADORA, San Miguel", "Año": 2024, "Cantidad_d": 1, "Fallecidos": 0, "Lesionados": 0, "Lesionad_1": 0, "Lesionad_2": 0, "Total_lesi": 0, "Latitud": -33.488918, "Longitud": -70.644274 }, "geometry": { "type": "Point", "coordinates": [ -70.644274, -33.488917999131303 ] } },
{ "type": "Feature", "properties": { "FID": 37521, "REGION": "Metropolitana de Santiago", "PROVINCIA": "Santiago", "COMUNA2": "San Miguel", "Direccion": "ALC CARLOS VALDOVINOS & ARTURO PRAT, San Miguel", "Año": 2024, "Cantidad_d": 1, "Fallecidos": 0, "Lesionados": 0, "Lesionad_1": 0, "Lesionad_2": 0, "Total_lesi": 0, "Latitud": -33.479986, "Longitud": -70.646501 }, "geometry": { "type": "Point", "coordinates": [ -70.646501, -33.4799859991315 ] } },
{ "type": "Feature", "properties": { "FID": 37522, "REGION": "Metropolitana de Santiago", "PROVINCIA": "Santiago", "COMUNA2": "San Miguel", "Direccion": "ALC CARLOS VALDOVINOS & BARCELONA, San Miguel", "Año": 2024, "Cantidad_d": 2, "Fallecidos": 0, "Lesionados": 0, "Lesionad_1": 0, "Lesionad_2": 0, "Total_lesi": 0, "Latitud": -33.478941, "Longitud": -70.66251 }, "geometry": { "type": "Point", "coordinates": [ -70.662509999799994, -33.4789412000315 ] } },
{ "type": "Feature", "properties": { "FID": 37523, "REGION": "Metropolitana de Santiago", "PROVINCIA": "Santiago", "COMUNA2": "San Miguel", "Direccion": "ALC CARLOS VALDOVINOS & GRAN AVDA JOSE MIGUEL CARRERA, San Miguel", "Año": 2024, "Cantidad_d": 9, "Fallecidos": 0, "Lesionados": 0, "Lesionad_1": 0, "Lesionad_2": 2, "Total_lesi": 2, "Latitud": -33.479624, "Longitud": -70.648328 }, "geometry": { "type": "Point", "coordinates": [ -70.648328, -33.479623999131398 ] } },
{ "type": "Feature", "properties": { "FID": 37524, "REGION": "Metropolitana de Santiago", "PROVINCIA": "Santiago", "COMUNA2": "San Miguel", "Direccion": "ALC CARLOS VALDOVINOS & LLANO SUBERCASEAUX, San Miguel", "Año": 2024, "Cantidad_d": 1, "Fallecidos": 0, "Lesionados": 0, "Lesionad_1": 0, "Lesionad_2": 0, "Total_lesi": 0, "Latitud": -33.489391, "Longitud": -70.651856 }, "geometry": { "type": "Point", "coordinates": [ -70.6518557, -33.489390700431301 ] } },
{ "type": "Feature", "properties": { "FID": 37525, "REGION": "Metropolitana de Santiago", "PROVINCIA": "Santiago", "COMUNA2": "San Miguel", "Direccion": "ALC CARLOS VALDOVINOS & PDTE JORGE ALESSANDRI RODRIGUEZ, San Miguel", "Año": 2024, "Cantidad_d": 2, "Fallecidos": 0, "Lesionados": 0, "Lesionad_1": 0, "Lesionad_2": 0, "Total_lesi": 0, "Latitud": -33.520714, "Longitud": -70.663488 }, "geometry": { "type": "Point", "coordinates": [ -70.663488067100005, -33.520714199630902 ] } },
{ "type": "Feature", "properties": { "FID": 37526, "REGION": "Metropolitana de Santiago", "PROVINCIA": "Santiago", "COMUNA2": "San Miguel", "Direccion": "ALC CARLOS VALDOVINOS & SIN NOMBRE, San Miguel", "Año": 2024, "Cantidad_d": 1, "Fallecidos": 0, "Lesionados": 0, "Lesionad_1": 0, "Lesionad_2": 0, "Total_lesi": 0, "Latitud": -33.479521, "Longitud": -70.649169 }, "geometry": { "type": "Point", "coordinates": [ -70.649169, -33.479520999131402 ] } },
{ "type": "Feature", "properties": { "FID": 37527, "REGION": "Metropolitana de Santiago", "PROVINCIA": "Santiago", "COMUNA2": "San Miguel", "Direccion": "ALC CARLOS VALDOVINOS & STA ROSA, San Miguel", "Año": 2024, "Cantidad_d": 2, "Fallecidos": 0, "Lesionados": 0, "Lesionad_1": 0, "Lesionad_2": 0, "Total_lesi": 0, "Latitud": -33.480584, "Longitud": -70.643515 }, "geometry": { "type": "Point", "coordinates": [ -70.643514549800003, -33.480584149631497 ] } },
{ "type": "Feature", "properties": { "FID": 37528, "REGION": "Metropolitana de Santiago", "PROVINCIA": "Santiago", "COMUNA2": "San Miguel", "Direccion": "ALC PEDRO ALARCON & DON BOSCO, San Miguel", "Año": 2024, "Cantidad_d": 1, "Fallecidos": 0, "Lesionados": 0, "Lesionad_1": 0, "Lesionad_2": 0, "Total_lesi": 0, "Latitud": -33.488386, "Longitud": -70.649368 }, "geometry": { "type": "Point", "coordinates": [ -70.649367799900006, -33.488385949431297 ] } },
{ "type": "Feature", "properties": { "FID": 37529, "REGION": "Metropolitana de Santiago", "PROVINCIA": "Santiago", "COMUNA2": "San Miguel", "Direccion": "ALC PEDRO ALARCON & GRAN AVDA JOSE MIGUEL CARRERA, San Miguel", "Año": 2024, "Cantidad_d": 5, "Fallecidos": 0, "Lesionados": 0, "Lesionad_1": 0, "Lesionad_2": 1, "Total_lesi": 1, "Latitud": -33.494034, "Longitud": -70.652288 }, "geometry": { "type": "Point", "coordinates": [ -70.652287633200004, -33.494033966631299 ] } },
{ "type": "Feature", "properties": { "FID": 37530, "REGION": "Metropolitana de Santiago", "PROVINCIA": "Santiago", "COMUNA2": "San Miguel", "Direccion": "ALC PEDRO ALARCON & LLANO SUBERCASEAUX, San Miguel", "Año": 2024, "Cantidad_d": 1, "Fallecidos": 0, "Lesionados": 0, "Lesionad_1": 0, "Lesionad_2": 0, "Total_lesi": 0, "Latitud": -33.486108, "Longitud": -70.650684 }, "geometry": { "type": "Point", "coordinates": [ -70.650683999600005, -33.486107999331402 ] } },
{ "type": "Feature", "properties": { "FID": 37531, "REGION": "Metropolitana de Santiago", "PROVINCIA": "Santiago", "COMUNA2": "San Miguel", "Direccion": "ALC PEDRO ALARCON & STA ROSA, San Miguel", "Año": 2024, "Cantidad_d": 3, "Fallecidos": 0, "Lesionados": 0, "Lesionad_1": 0, "Lesionad_2": 0, "Total_lesi": 0, "Latitud": -33.497793, "Longitud": -70.639702 }, "geometry": { "type": "Point", "coordinates": [ -70.6397023, -33.497792799131197 ] } },
{ "type": "Feature", "properties": { "FID": 37532, "REGION": "Metropolitana de Santiago", "PROVINCIA": "Santiago", "COMUNA2": "San Miguel", "Direccion": "ALC PEDRO ALARCON 950, San Miguel", "Año": 2024, "Cantidad_d": 1, "Fallecidos": 0, "Lesionados": 0, "Lesionad_1": 0, "Lesionad_2": 0, "Total_lesi": 0, "Latitud": -33.486673, "Longitud": -70.647682 }, "geometry": { "type": "Point", "coordinates": [ -70.647681903700004, -33.486672999631402 ] } },
{ "type": "Feature", "properties": { "FID": 37533, "REGION": "Metropolitana de Santiago", "PROVINCIA": "Santiago", "COMUNA2": "San Miguel", "Direccion": "ALVAREZ DE TOLEDO & CARLOS WALKER MARTINEZ, San Miguel", "Año": 2024, "Cantidad_d": 1, "Fallecidos": 0, "Lesionados": 0, "Lesionad_1": 0, "Lesionad_2": 0, "Total_lesi": 0, "Latitud": -33.491221, "Longitud": -70.644854 }, "geometry": { "type": "Point", "coordinates": [ -70.644854, -33.491220999131301 ] } },
{ "type": "Feature", "properties": { "FID": 37534, "REGION": "Metropolitana de Santiago", "PROVINCIA": "Santiago", "COMUNA2": "San Miguel", "Direccion": "ALVAREZ DE TOLEDO & GRAN AVDA JOSE MIGUEL CARRERA, San Miguel", "Año": 2024, "Cantidad_d": 6, "Fallecidos": 0, "Lesionados": 1, "Lesionad_1": 0, "Lesionad_2": 0, "Total_lesi": 1, "Latitud": -33.489906, "Longitud": -70.65127 }, "geometry": { "type": "Point", "coordinates": [ -70.65127, -33.489905999131302 ] } },
{ "type": "Feature", "properties": { "FID": 37535, "REGION": "Metropolitana de Santiago", "PROVINCIA": "Santiago", "COMUNA2": "San Miguel", "Direccion": "ALVAREZ DE TOLEDO & STA ROSA, San Miguel", "Año": 2024, "Cantidad_d": 2, "Fallecidos": 0, "Lesionados": 1, "Lesionad_1": 0, "Lesionad_2": 0, "Total_lesi": 1, "Latitud": -33.4921, "Longitud": -70.640428 }, "geometry": { "type": "Point", "coordinates": [ -70.640428, -33.492099999131298 ] } },
{ "type": "Feature", "properties": { "FID": 37536, "REGION": "Metropolitana de Santiago", "PROVINCIA": "Santiago", "COMUNA2": "San Miguel", "Direccion": "ALVAREZ DE TOLEDO 664, San Miguel", "Año": 2024, "Cantidad_d": 1, "Fallecidos": 0, "Lesionados": 0, "Lesionad_1": 0, "Lesionad_2": 0, "Total_lesi": 0, "Latitud": -33.492159, "Longitud": -70.640558 }, "geometry": { "type": "Point", "coordinates": [ -70.640558393199996, -33.492159453731297 ] } },
{ "type": "Feature", "properties": { "FID": 37537, "REGION": "Metropolitana de Santiago", "PROVINCIA": "Santiago", "COMUNA2": "San Miguel", "Direccion": "AMERICA & MACAROFF, San Miguel", "Año": 2024, "Cantidad_d": 1, "Fallecidos": 0, "Lesionados": 0, "Lesionad_1": 0, "Lesionad_2": 0, "Total_lesi": 0, "Latitud": -33.492321, "Longitud": -70.651769 }, "geometry": { "type": "Point", "coordinates": [ -70.651769, -33.492320999131302 ] } },
{ "type": "Feature", "properties": { "FID": 37538, "REGION": "Metropolitana de Santiago", "PROVINCIA": "Santiago", "COMUNA2": "San Miguel", "Direccion": "ANA LUISA 1171, San Miguel", "Año": 2024, "Cantidad_d": 1, "Fallecidos": 0, "Lesionados": 0, "Lesionad_1": 0, "Lesionad_2": 0, "Total_lesi": 0, "Latitud": -33.489433, "Longitud": -70.652674 }, "geometry": { "type": "Point", "coordinates": [ -70.652674091, -33.4894325367313 ] } },
{ "type": "Feature", "properties": { "FID": 37539, "REGION": "Metropolitana de Santiago", "PROVINCIA": "Santiago", "COMUNA2": "San Miguel", "Direccion": "ANGAMOS & VARGAS BUSTON, San Miguel", "Año": 2024, "Cantidad_d": 1, "Fallecidos": 0, "Lesionados": 0, "Lesionad_1": 0, "Lesionad_2": 0, "Total_lesi": 0, "Latitud": -33.50923, "Longitud": -70.647232 }, "geometry": { "type": "Point", "coordinates": [ -70.647232, -33.509229999131101 ] } },
{ "type": "Feature", "properties": { "FID": 37540, "REGION": "Metropolitana de Santiago", "PROVINCIA": "Santiago", "COMUNA2": "San Miguel", "Direccion": "ANGEL GUARELLO & RAMON BARROS LUCO, San Miguel", "Año": 2024, "Cantidad_d": 1, "Fallecidos": 0, "Lesionados": 0, "Lesionad_1": 0, "Lesionad_2": 0, "Total_lesi": 0, "Latitud": -33.492929, "Longitud": -70.660102 }, "geometry": { "type": "Point", "coordinates": [ -70.6601025, -33.492928799131299 ] } },
{ "type": "Feature", "properties": { "FID": 37541, "REGION": "Metropolitana de Santiago", "PROVINCIA": "Santiago", "COMUNA2": "San Miguel", "Direccion": "ANGEL GUARELLO & SAN IGNACIO DE LOYOLA, San Miguel", "Año": 2024, "Cantidad_d": 1, "Fallecidos": 0, "Lesionados": 0, "Lesionad_1": 0, "Lesionad_2": 0, "Total_lesi": 0, "Latitud": -33.493446, "Longitud": -70.658033 }, "geometry": { "type": "Point", "coordinates": [ -70.658033, -33.493445999131303 ] } },
{ "type": "Feature", "properties": { "FID": 37542, "REGION": "Metropolitana de Santiago", "PROVINCIA": "Santiago", "COMUNA2": "San Miguel", "Direccion": "ARCADIA & JOSE JOAQUIN VALLEJOS, San Miguel", "Año": 2024, "Cantidad_d": 1, "Fallecidos": 0, "Lesionados": 0, "Lesionad_1": 0, "Lesionad_2": 0, "Total_lesi": 0, "Latitud": -33.481909, "Longitud": -70.65301 }, "geometry": { "type": "Point", "coordinates": [ -70.65301, -33.481908999131399 ] } },
{ "type": "Feature", "properties": { "FID": 37543, "REGION": "Metropolitana de Santiago", "PROVINCIA": "Santiago", "COMUNA2": "San Miguel", "Direccion": "ARCADIA & SAN IGNACIO DE LOYOLA, San Miguel", "Año": 2024, "Cantidad_d": 1, "Fallecidos": 0, "Lesionados": 0, "Lesionad_1": 0, "Lesionad_2": 0, "Total_lesi": 0, "Latitud": -33.48708, "Longitud": -70.655944 }, "geometry": { "type": "Point", "coordinates": [ -70.6559436, -33.487080299131399 ] } },
{ "type": "Feature", "properties": { "FID": 37544, "REGION": "Metropolitana de Santiago", "PROVINCIA": "Santiago", "COMUNA2": "San Miguel", "Direccion": "ARCANGEL & GASPAR BANDA, San Miguel", "Año": 2024, "Cantidad_d": 2, "Fallecidos": 0, "Lesionados": 0, "Lesionad_1": 0, "Lesionad_2": 0, "Total_lesi": 0, "Latitud": -33.488579, "Longitud": -70.655218 }, "geometry": { "type": "Point", "coordinates": [ -70.655217999900003, -33.488578998931303 ] } },
{ "type": "Feature", "properties": { "FID": 37545, "REGION": "Metropolitana de Santiago", "PROVINCIA": "Santiago", "COMUNA2": "San Miguel", "Direccion": "ARCANGEL & JOSE JOAQUIN PRIETO VIAL, San Miguel", "Año": 2024, "Cantidad_d": 1, "Fallecidos": 0, "Lesionados": 0, "Lesionad_1": 0, "Lesionad_2": 0, "Total_lesi": 0, "Latitud": -33.486714, "Longitud": -70.659501 }, "geometry": { "type": "Point", "coordinates": [ -70.659501, -33.486713999131297 ] } },
{ "type": "Feature", "properties": { "FID": 37546, "REGION": "Metropolitana de Santiago", "PROVINCIA": "Santiago", "COMUNA2": "San Miguel", "Direccion": "ARCANGEL & LA SERENA, San Miguel", "Año": 2024, "Cantidad_d": 1, "Fallecidos": 0, "Lesionados": 0, "Lesionad_1": 0, "Lesionad_2": 0, "Total_lesi": 0, "Latitud": -33.492321, "Longitud": -70.651769 }, "geometry": { "type": "Point", "coordinates": [ -70.651769, -33.492320999131302 ] } },
{ "type": "Feature", "properties": { "FID": 37547, "REGION": "Metropolitana de Santiago", "PROVINCIA": "Santiago", "COMUNA2": "San Miguel", "Direccion": "ARCANGEL & LLANO SUBERCASEAUX, San Miguel", "Año": 2024, "Cantidad_d": 1, "Fallecidos": 0, "Lesionados": 0, "Lesionad_1": 0, "Lesionad_2": 0, "Total_lesi": 0, "Latitud": -33.488705, "Longitud": -70.651283 }, "geometry": { "type": "Point", "coordinates": [ -70.651282800600001, -33.4887045997313 ] } },
{ "type": "Feature", "properties": { "FID": 37548, "REGION": "Metropolitana de Santiago", "PROVINCIA": "Santiago", "COMUNA2": "San Miguel", "Direccion": "ARCANGEL & REY ALBERTO, San Miguel", "Año": 2024, "Cantidad_d": 1, "Fallecidos": 0, "Lesionados": 0, "Lesionad_1": 0, "Lesionad_2": 0, "Total_lesi": 0, "Latitud": -33.488169, "Longitud": -70.653889 }, "geometry": { "type": "Point", "coordinates": [ -70.653889099899999, -33.488169300131297 ] } },
{ "type": "Feature", "properties": { "FID": 37549, "REGION": "Metropolitana de Santiago", "PROVINCIA": "Santiago", "COMUNA2": "San Miguel", "Direccion": "ARCANGEL & SAN IGNACIO DE LOYOLA, San Miguel", "Año": 2024, "Cantidad_d": 3, "Fallecidos": 0, "Lesionados": 0, "Lesionad_1": 0, "Lesionad_2": 0, "Total_lesi": 0, "Latitud": -33.487666, "Longitud": -70.656139 }, "geometry": { "type": "Point", "coordinates": [ -70.656138933299999, -33.487665866331298 ] } },
{ "type": "Feature", "properties": { "FID": 37550, "REGION": "Metropolitana de Santiago", "PROVINCIA": "Santiago", "COMUNA2": "San Miguel", "Direccion": "ARTURO PRAT & RIVAS, San Miguel", "Año": 2024, "Cantidad_d": 2, "Fallecidos": 0, "Lesionados": 0, "Lesionad_1": 0, "Lesionad_2": 0, "Total_lesi": 0, "Latitud": -33.478754, "Longitud": -70.646419 }, "geometry": { "type": "Point", "coordinates": [ -70.646419399899997, -33.478753699731499 ] } },
{ "type": "Feature", "properties": { "FID": 37551, "REGION": "Metropolitana de Santiago", "PROVINCIA": "Santiago", "COMUNA2": "San Miguel", "Direccion": "BARCELONA & EUCLIDES, San Miguel", "Año": 2024, "Cantidad_d": 1, "Fallecidos": 0, "Lesionados": 0, "Lesionad_1": 0, "Lesionad_2": 0, "Total_lesi": 0, "Latitud": -33.478315, "Longitud": -70.651453 }, "geometry": { "type": "Point", "coordinates": [ -70.651453399100006, -33.478314600231499 ] } },
{ "type": "Feature", "properties": { "FID": 37552, "REGION": "Metropolitana de Santiago", "PROVINCIA": "Santiago", "COMUNA2": "San Miguel", "Direccion": "BARCELONA & ISABEL RIQUELME, San Miguel", "Año": 2024, "Cantidad_d": 1, "Fallecidos": 0, "Lesionados": 0, "Lesionad_1": 0, "Lesionad_2": 0, "Total_lesi": 0, "Latitud": -33.476984, "Longitud": -70.651226 }, "geometry": { "type": "Point", "coordinates": [ -70.651226, -33.476983900231502 ] } },
{ "type": "Feature", "properties": { "FID": 37553, "REGION": "Metropolitana de Santiago", "PROVINCIA": "Santiago", "COMUNA2": "San Miguel", "Direccion": "BARCELONA & MAGDALENA VICUNA, San Miguel", "Año": 2024, "Cantidad_d": 1, "Fallecidos": 0, "Lesionados": 0, "Lesionad_1": 0, "Lesionad_2": 0, "Total_lesi": 0, "Latitud": -33.492321, "Longitud": -70.651769 }, "geometry": { "type": "Point", "coordinates": [ -70.651769, -33.492320999131302 ] } },
{ "type": "Feature", "properties": { "FID": 37554, "REGION": "Metropolitana de Santiago", "PROVINCIA": "Santiago", "COMUNA2": "San Miguel", "Direccion": "BARTOLO SOTO & FLORENCIA, San Miguel", "Año": 2024, "Cantidad_d": 2, "Fallecidos": 0, "Lesionados": 0, "Lesionad_1": 0, "Lesionad_2": 3, "Total_lesi": 3, "Latitud": -33.490069, "Longitud": -70.653614 }, "geometry": { "type": "Point", "coordinates": [ -70.653614, -33.490068799131301 ] } },
{ "type": "Feature", "properties": { "FID": 37555, "REGION": "Metropolitana de Santiago", "PROVINCIA": "Santiago", "COMUNA2": "San Miguel", "Direccion": "BARTOLO SOTO & SALESIANOS, San Miguel", "Año": 2024, "Cantidad_d": 1, "Fallecidos": 0, "Lesionados": 0, "Lesionad_1": 0, "Lesionad_2": 0, "Total_lesi": 0, "Latitud": -33.491728, "Longitud": -70.654063 }, "geometry": { "type": "Point", "coordinates": [ -70.654062599699998, -33.491728200331302 ] } },
{ "type": "Feature", "properties": { "FID": 37556, "REGION": "Metropolitana de Santiago", "PROVINCIA": "Santiago", "COMUNA2": "San Miguel", "Direccion": "BERLIN & CHILOE, San Miguel", "Año": 2024, "Cantidad_d": 1, "Fallecidos": 0, "Lesionados": 0, "Lesionad_1": 0, "Lesionad_2": 0, "Total_lesi": 0, "Latitud": -33.492321, "Longitud": -70.651769 }, "geometry": { "type": "Point", "coordinates": [ -70.651769, -33.492320999131302 ] } },
{ "type": "Feature", "properties": { "FID": 37557, "REGION": "Metropolitana de Santiago", "PROVINCIA": "Santiago", "COMUNA2": "San Miguel", "Direccion": "BERLIN & GRAN AVDA JOSE MIGUEL CARRERA, San Miguel", "Año": 2024, "Cantidad_d": 1, "Fallecidos": 0, "Lesionados": 0, "Lesionad_1": 0, "Lesionad_2": 0, "Total_lesi": 0, "Latitud": -33.492321, "Longitud": -70.651769 }, "geometry": { "type": "Point", "coordinates": [ -70.651769, -33.492320999131302 ] } },
{ "type": "Feature", "properties": { "FID": 37558, "REGION": "Metropolitana de Santiago", "PROVINCIA": "Santiago", "COMUNA2": "San Miguel", "Direccion": "BERMANN & LEON TOLSTOI, San Miguel", "Año": 2024, "Cantidad_d": 1, "Fallecidos": 0, "Lesionados": 0, "Lesionad_1": 0, "Lesionad_2": 0, "Total_lesi": 0, "Latitud": -33.51453, "Longitud": -70.644694 }, "geometry": { "type": "Point", "coordinates": [ -70.644694, -33.514529999131 ] } },
{ "type": "Feature", "properties": { "FID": 37559, "REGION": "Metropolitana de Santiago", "PROVINCIA": "Santiago", "COMUNA2": "San Miguel", "Direccion": "BRIGADIER DE LA CRUZ & GRAN AVDA JOSE MIGUEL CARRERA, San Miguel", "Año": 2024, "Cantidad_d": 3, "Fallecidos": 0, "Lesionados": 0, "Lesionad_1": 0, "Lesionad_2": 0, "Total_lesi": 0, "Latitud": -33.491196, "Longitud": -70.651463 }, "geometry": { "type": "Point", "coordinates": [ -70.651463, -33.4911959991313 ] } },
{ "type": "Feature", "properties": { "FID": 37560, "REGION": "Metropolitana de Santiago", "PROVINCIA": "Santiago", "COMUNA2": "San Miguel", "Direccion": "BRIGADIER DE LA CRUZ 1060, San Miguel", "Año": 2024, "Cantidad_d": 1, "Fallecidos": 0, "Lesionados": 0, "Lesionad_1": 0, "Lesionad_2": 0, "Total_lesi": 0, "Latitud": -33.491365, "Longitud": -70.650835 }, "geometry": { "type": "Point", "coordinates": [ -70.6508350079, -33.491364744531303 ] } },
{ "type": "Feature", "properties": { "FID": 37561, "REGION": "Metropolitana de Santiago", "PROVINCIA": "Santiago", "COMUNA2": "San Miguel", "Direccion": "CARLOS EDWARDS & JOSE JOAQUIN PRIETO VIAL, San Miguel", "Año": 2024, "Cantidad_d": 2, "Fallecidos": 0, "Lesionados": 0, "Lesionad_1": 0, "Lesionad_2": 0, "Total_lesi": 0, "Latitud": -33.498609, "Longitud": -70.66505 }, "geometry": { "type": "Point", "coordinates": [ -70.66505, -33.4986089991312 ] } },
{ "type": "Feature", "properties": { "FID": 37562, "REGION": "Metropolitana de Santiago", "PROVINCIA": "Santiago", "COMUNA2": "San Miguel", "Direccion": "CARLOS EDWARDS & MONJA ALFEREZ, San Miguel", "Año": 2024, "Cantidad_d": 1, "Fallecidos": 0, "Lesionados": 0, "Lesionad_1": 0, "Lesionad_2": 1, "Total_lesi": 1, "Latitud": -33.499312, "Longitud": -70.662763 }, "geometry": { "type": "Point", "coordinates": [ -70.662763, -33.499311999131201 ] } },
{ "type": "Feature", "properties": { "FID": 37563, "REGION": "Metropolitana de Santiago", "PROVINCIA": "Santiago", "COMUNA2": "San Miguel", "Direccion": "CARLOS EDWARDS & PDTE JORGE ALESSANDRI RODRIGUEZ, San Miguel", "Año": 2024, "Cantidad_d": 1, "Fallecidos": 0, "Lesionados": 0, "Lesionad_1": 0, "Lesionad_2": 0, "Total_lesi": 0, "Latitud": -33.5001, "Longitud": -70.659865 }, "geometry": { "type": "Point", "coordinates": [ -70.659865, -33.500099999131201 ] } },
{ "type": "Feature", "properties": { "FID": 37564, "REGION": "Metropolitana de Santiago", "PROVINCIA": "Santiago", "COMUNA2": "San Miguel", "Direccion": "CARLOS SILVA VILDOSOLA & GRAN AVDA JOSE MIGUEL CARRERA, San Miguel", "Año": 2024, "Cantidad_d": 1, "Fallecidos": 0, "Lesionados": 0, "Lesionad_1": 0, "Lesionad_2": 1, "Total_lesi": 1, "Latitud": -33.477618, "Longitud": -70.648279 }, "geometry": { "type": "Point", "coordinates": [ -70.648279, -33.477617999131503 ] } },
{ "type": "Feature", "properties": { "FID": 37565, "REGION": "Metropolitana de Santiago", "PROVINCIA": "Santiago", "COMUNA2": "San Miguel", "Direccion": "CARLOS SILVA VILDOSOLA & SAN FRANCISCO, San Miguel", "Año": 2024, "Cantidad_d": 2, "Fallecidos": 0, "Lesionados": 0, "Lesionad_1": 0, "Lesionad_2": 0, "Total_lesi": 0, "Latitud": -33.477639, "Longitud": -70.643596 }, "geometry": { "type": "Point", "coordinates": [ -70.6435959991, -33.477639000131497 ] } },
{ "type": "Feature", "properties": { "FID": 37566, "REGION": "Metropolitana de Santiago", "PROVINCIA": "Santiago", "COMUNA2": "San Miguel", "Direccion": "CARLOS SILVA VILDOSOLA & STA ROSA, San Miguel", "Año": 2024, "Cantidad_d": 1, "Fallecidos": 0, "Lesionados": 0, "Lesionad_1": 0, "Lesionad_2": 0, "Total_lesi": 0, "Latitud": -33.477654, "Longitud": -70.642208 }, "geometry": { "type": "Point", "coordinates": [ -70.642208, -33.477653999131498 ] } },
{ "type": "Feature", "properties": { "FID": 37567, "REGION": "Metropolitana de Santiago", "PROVINCIA": "Santiago", "COMUNA2": "San Miguel", "Direccion": "CARLOS SILVA VILDOSOLA 870, San Miguel", "Año": 2024, "Cantidad_d": 1, "Fallecidos": 0, "Lesionados": 0, "Lesionad_1": 0, "Lesionad_2": 0, "Total_lesi": 0, "Latitud": -33.477662, "Longitud": -70.644309 }, "geometry": { "type": "Point", "coordinates": [ -70.644308826300005, -33.477662190131497 ] } },
{ "type": "Feature", "properties": { "FID": 37568, "REGION": "Metropolitana de Santiago", "PROVINCIA": "Santiago", "COMUNA2": "San Miguel", "Direccion": "CARLOS WALKER MARTINEZ & CARMEN MENA, San Miguel", "Año": 2024, "Cantidad_d": 1, "Fallecidos": 0, "Lesionados": 0, "Lesionad_1": 0, "Lesionad_2": 0, "Total_lesi": 0, "Latitud": -33.506644, "Longitud": -70.653485 }, "geometry": { "type": "Point", "coordinates": [ -70.653485, -33.5066439991311 ] } },
{ "type": "Feature", "properties": { "FID": 37569, "REGION": "Metropolitana de Santiago", "PROVINCIA": "Santiago", "COMUNA2": "San Miguel", "Direccion": "CARLOS WALKER MARTINEZ & CENTENARIO DE SAN MIGUEL, San Miguel", "Año": 2024, "Cantidad_d": 1, "Fallecidos": 0, "Lesionados": 0, "Lesionad_1": 0, "Lesionad_2": 0, "Total_lesi": 0, "Latitud": -33.51334, "Longitud": -70.655389 }, "geometry": { "type": "Point", "coordinates": [ -70.655389, -33.513339999130999 ] } },
{ "type": "Feature", "properties": { "FID": 37570, "REGION": "Metropolitana de Santiago", "PROVINCIA": "Santiago", "COMUNA2": "San Miguel", "Direccion": "CARLOS WALKER MARTINEZ & MIGUEL LEON PRADO, San Miguel", "Año": 2024, "Cantidad_d": 2, "Fallecidos": 0, "Lesionados": 0, "Lesionad_1": 0, "Lesionad_2": 0, "Total_lesi": 0, "Latitud": -33.505418, "Longitud": -70.653169 }, "geometry": { "type": "Point", "coordinates": [ -70.653169, -33.505417999131097 ] } },
{ "type": "Feature", "properties": { "FID": 37571, "REGION": "Metropolitana de Santiago", "PROVINCIA": "Santiago", "COMUNA2": "San Miguel", "Direccion": "CARLOS WALKER MARTINEZ & TANNENBAUM, San Miguel", "Año": 2024, "Cantidad_d": 1, "Fallecidos": 0, "Lesionados": 0, "Lesionad_1": 0, "Lesionad_2": 0, "Total_lesi": 0, "Latitud": -33.51148, "Longitud": -70.654883 }, "geometry": { "type": "Point", "coordinates": [ -70.654883, -33.511479999130998 ] } },
{ "type": "Feature", "properties": { "FID": 37572, "REGION": "Metropolitana de Santiago", "PROVINCIA": "Santiago", "COMUNA2": "San Miguel", "Direccion": "CARMEN MENA & GRAN AVDA JOSE MIGUEL CARRERA, San Miguel", "Año": 2024, "Cantidad_d": 1, "Fallecidos": 0, "Lesionados": 0, "Lesionad_1": 0, "Lesionad_2": 0, "Total_lesi": 0, "Latitud": -33.506203, "Longitud": -70.65561 }, "geometry": { "type": "Point", "coordinates": [ -70.65561, -33.506202999131098 ] } },
{ "type": "Feature", "properties": { "FID": 37573, "REGION": "Metropolitana de Santiago", "PROVINCIA": "Santiago", "COMUNA2": "San Miguel", "Direccion": "CARNOT & CHILOE, San Miguel", "Año": 2024, "Cantidad_d": 1, "Fallecidos": 0, "Lesionados": 0, "Lesionad_1": 0, "Lesionad_2": 0, "Total_lesi": 0, "Latitud": -33.481314, "Longitud": -70.644841 }, "geometry": { "type": "Point", "coordinates": [ -70.644841, -33.481313999131402 ] } },
{ "type": "Feature", "properties": { "FID": 37574, "REGION": "Metropolitana de Santiago", "PROVINCIA": "Santiago", "COMUNA2": "San Miguel", "Direccion": "CARNOT & STA ROSA, San Miguel", "Año": 2024, "Cantidad_d": 1, "Fallecidos": 0, "Lesionados": 0, "Lesionad_1": 0, "Lesionad_2": 0, "Total_lesi": 0, "Latitud": -33.481451, "Longitud": -70.641854 }, "geometry": { "type": "Point", "coordinates": [ -70.641854, -33.481450999131397 ] } },
{ "type": "Feature", "properties": { "FID": 37575, "REGION": "Metropolitana de Santiago", "PROVINCIA": "Santiago", "COMUNA2": "San Miguel", "Direccion": "CASMA & MONTREAL, San Miguel", "Año": 2024, "Cantidad_d": 1, "Fallecidos": 0, "Lesionados": 0, "Lesionad_1": 0, "Lesionad_2": 0, "Total_lesi": 0, "Latitud": -33.49544, "Longitud": -70.64127 }, "geometry": { "type": "Point", "coordinates": [ -70.64127, -33.4954399991312 ] } },
{ "type": "Feature", "properties": { "FID": 37576, "REGION": "Metropolitana de Santiago", "PROVINCIA": "Santiago", "COMUNA2": "San Miguel", "Direccion": "CENTENARIO DE SAN MIGUEL & GRAN AVDA JOSE MIGUEL CARRERA, San Miguel", "Año": 2024, "Cantidad_d": 2, "Fallecidos": 0, "Lesionados": 0, "Lesionad_1": 0, "Lesionad_2": 0, "Total_lesi": 0, "Latitud": -33.495052, "Longitud": -70.652587 }, "geometry": { "type": "Point", "coordinates": [ -70.6525872, -33.495051599131202 ] } },
{ "type": "Feature", "properties": { "FID": 37577, "REGION": "Metropolitana de Santiago", "PROVINCIA": "Santiago", "COMUNA2": "San Miguel", "Direccion": "CENTENARIO DE SAN MIGUEL & STA ROSA, San Miguel", "Año": 2024, "Cantidad_d": 1, "Fallecidos": 1, "Lesionados": 0, "Lesionad_1": 0, "Lesionad_2": 1, "Total_lesi": 1, "Latitud": -33.476386, "Longitud": -70.64199 }, "geometry": { "type": "Point", "coordinates": [ -70.641989500400001, -33.476386100031498 ] } },
{ "type": "Feature", "properties": { "FID": 37578, "REGION": "Metropolitana de Santiago", "PROVINCIA": "Santiago", "COMUNA2": "San Miguel", "Direccion": "CENTENARIO DE SAN MIGUEL 859, San Miguel", "Año": 2024, "Cantidad_d": 1, "Fallecidos": 0, "Lesionados": 0, "Lesionad_1": 0, "Lesionad_2": 0, "Total_lesi": 0, "Latitud": -33.513609, "Longitud": -70.653601 }, "geometry": { "type": "Point", "coordinates": [ -70.653600796800006, -33.513609056031001 ] } },
{ "type": "Feature", "properties": { "FID": 37579, "REGION": "Metropolitana de Santiago", "PROVINCIA": "Santiago", "COMUNA2": "San Miguel", "Direccion": "CHILOE & DEPARTAMENTAL, San Miguel", "Año": 2024, "Cantidad_d": 3, "Fallecidos": 0, "Lesionados": 0, "Lesionad_1": 0, "Lesionad_2": 0, "Total_lesi": 0, "Latitud": -33.504167, "Longitud": -70.652 }, "geometry": { "type": "Point", "coordinates": [ -70.6519999, -33.504166799131099 ] } },
{ "type": "Feature", "properties": { "FID": 37580, "REGION": "Metropolitana de Santiago", "PROVINCIA": "Santiago", "COMUNA2": "San Miguel", "Direccion": "CHILOE & GAMBETTA, San Miguel", "Año": 2024, "Cantidad_d": 1, "Fallecidos": 0, "Lesionados": 0, "Lesionad_1": 0, "Lesionad_2": 0, "Total_lesi": 0, "Latitud": -33.482444, "Longitud": -70.644642 }, "geometry": { "type": "Point", "coordinates": [ -70.644642, -33.482443999131398 ] } },
{ "type": "Feature", "properties": { "FID": 37581, "REGION": "Metropolitana de Santiago", "PROVINCIA": "Santiago", "COMUNA2": "San Miguel", "Direccion": "CHILOE & GRAN AVDA JOSE MIGUEL CARRERA, San Miguel", "Año": 2024, "Cantidad_d": 1, "Fallecidos": 0, "Lesionados": 0, "Lesionad_1": 0, "Lesionad_2": 0, "Total_lesi": 0, "Latitud": -33.495052, "Longitud": -70.652587 }, "geometry": { "type": "Point", "coordinates": [ -70.652587, -33.495051999131199 ] } },
{ "type": "Feature", "properties": { "FID": 37582, "REGION": "Metropolitana de Santiago", "PROVINCIA": "Santiago", "COMUNA2": "San Miguel", "Direccion": "CHILOE & LLICO, San Miguel", "Año": 2024, "Cantidad_d": 2, "Fallecidos": 0, "Lesionados": 0, "Lesionad_1": 0, "Lesionad_2": 0, "Total_lesi": 0, "Latitud": -33.502706, "Longitud": -70.65157 }, "geometry": { "type": "Point", "coordinates": [ -70.65157, -33.502705999131102 ] } },
{ "type": "Feature", "properties": { "FID": 37583, "REGION": "Metropolitana de Santiago", "PROVINCIA": "Santiago", "COMUNA2": "San Miguel", "Direccion": "CHILOE & SAN NICOLAS, San Miguel", "Año": 2024, "Cantidad_d": 1, "Fallecidos": 0, "Lesionados": 0, "Lesionad_1": 0, "Lesionad_2": 0, "Total_lesi": 0, "Latitud": -33.500045, "Longitud": -70.650761 }, "geometry": { "type": "Point", "coordinates": [ -70.650761, -33.500044999131198 ] } },
{ "type": "Feature", "properties": { "FID": 37584, "REGION": "Metropolitana de Santiago", "PROVINCIA": "Santiago", "COMUNA2": "San Miguel", "Direccion": "CHILOE & VARAS MENA, San Miguel", "Año": 2024, "Cantidad_d": 1, "Fallecidos": 0, "Lesionados": 0, "Lesionad_1": 0, "Lesionad_2": 0, "Total_lesi": 0, "Latitud": -33.510897, "Longitud": -70.647167 }, "geometry": { "type": "Point", "coordinates": [ -70.647167, -33.510896999131099 ] } },
{ "type": "Feature", "properties": { "FID": 37585, "REGION": "Metropolitana de Santiago", "PROVINCIA": "Santiago", "COMUNA2": "San Miguel", "Direccion": "CHILOE 4911, San Miguel", "Año": 2024, "Cantidad_d": 1, "Fallecidos": 0, "Lesionados": 0, "Lesionad_1": 0, "Lesionad_2": 0, "Total_lesi": 0, "Latitud": -33.499474, "Longitud": -70.650545 }, "geometry": { "type": "Point", "coordinates": [ -70.650544762799996, -33.499473895531203 ] } },
{ "type": "Feature", "properties": { "FID": 37586, "REGION": "Metropolitana de Santiago", "PROVINCIA": "Santiago", "COMUNA2": "San Miguel", "Direccion": "CUARTA AVENIDA & GRAN AVDA JOSE MIGUEL CARRERA, San Miguel", "Año": 2024, "Cantidad_d": 1, "Fallecidos": 0, "Lesionados": 0, "Lesionad_1": 0, "Lesionad_2": 0, "Total_lesi": 0, "Latitud": -33.507545, "Longitud": -70.655982 }, "geometry": { "type": "Point", "coordinates": [ -70.655982, -33.507544999131099 ] } },
{ "type": "Feature", "properties": { "FID": 37587, "REGION": "Metropolitana de Santiago", "PROVINCIA": "Santiago", "COMUNA2": "San Miguel", "Direccion": "CUARTA AVENIDA & TERCERA TRANSVERSAL, San Miguel", "Año": 2024, "Cantidad_d": 1, "Fallecidos": 0, "Lesionados": 0, "Lesionad_1": 0, "Lesionad_2": 0, "Total_lesi": 0, "Latitud": -33.505775, "Longitud": -70.66201 }, "geometry": { "type": "Point", "coordinates": [ -70.66201, -33.505774999131098 ] } },
{ "type": "Feature", "properties": { "FID": 37588, "REGION": "Metropolitana de Santiago", "PROVINCIA": "Santiago", "COMUNA2": "San Miguel", "Direccion": "CUARTA AVENIDA 1350, San Miguel", "Año": 2024, "Cantidad_d": 1, "Fallecidos": 0, "Lesionados": 0, "Lesionad_1": 0, "Lesionad_2": 0, "Total_lesi": 0, "Latitud": -33.506141, "Longitud": -70.660884 }, "geometry": { "type": "Point", "coordinates": [ -70.660884071699996, -33.506141283031099 ] } },
{ "type": "Feature", "properties": { "FID": 37589, "REGION": "Metropolitana de Santiago", "PROVINCIA": "Santiago", "COMUNA2": "San Miguel", "Direccion": "CUARTA TRANSVERSAL & DECIMA AVENIDA, San Miguel", "Año": 2024, "Cantidad_d": 1, "Fallecidos": 0, "Lesionados": 0, "Lesionad_1": 0, "Lesionad_2": 0, "Total_lesi": 0, "Latitud": -33.510987, "Longitud": -70.666693 }, "geometry": { "type": "Point", "coordinates": [ -70.666693, -33.510986999130999 ] } },
{ "type": "Feature", "properties": { "FID": 37590, "REGION": "Metropolitana de Santiago", "PROVINCIA": "Santiago", "COMUNA2": "San Miguel", "Direccion": "CUARTA TRANSVERSAL & QUINTA AVENIDA, San Miguel", "Año": 2024, "Cantidad_d": 1, "Fallecidos": 0, "Lesionados": 0, "Lesionad_1": 0, "Lesionad_2": 0, "Total_lesi": 0, "Latitud": -33.5061, "Longitud": -70.664608 }, "geometry": { "type": "Point", "coordinates": [ -70.664608, -33.506099999131102 ] } },
{ "type": "Feature", "properties": { "FID": 37591, "REGION": "Metropolitana de Santiago", "PROVINCIA": "Santiago", "COMUNA2": "San Miguel", "Direccion": "CURINANCA & GRAN AVDA JOSE MIGUEL CARRERA, San Miguel", "Año": 2024, "Cantidad_d": 3, "Fallecidos": 0, "Lesionados": 0, "Lesionad_1": 0, "Lesionad_2": 0, "Total_lesi": 0, "Latitud": -33.488845, "Longitud": -70.650806 }, "geometry": { "type": "Point", "coordinates": [ -70.6508056, -33.4888453991313 ] } },
{ "type": "Feature", "properties": { "FID": 37592, "REGION": "Metropolitana de Santiago", "PROVINCIA": "Santiago", "COMUNA2": "San Miguel", "Direccion": "CURINANCA 715, San Miguel", "Año": 2024, "Cantidad_d": 1, "Fallecidos": 0, "Lesionados": 0, "Lesionad_1": 0, "Lesionad_2": 0, "Total_lesi": 0, "Latitud": -33.49016, "Longitud": -70.64185 }, "geometry": { "type": "Point", "coordinates": [ -70.64185, -33.490159999131301 ] } },
{ "type": "Feature", "properties": { "FID": 37593, "REGION": "Metropolitana de Santiago", "PROVINCIA": "Santiago", "COMUNA2": "San Miguel", "Direccion": "CURINANCA 921, San Miguel", "Año": 2024, "Cantidad_d": 1, "Fallecidos": 0, "Lesionados": 0, "Lesionad_1": 0, "Lesionad_2": 0, "Total_lesi": 0, "Latitud": -33.489391, "Longitud": -70.648104 }, "geometry": { "type": "Point", "coordinates": [ -70.648103913699998, -33.4893911467313 ] } },
{ "type": "Feature", "properties": { "FID": 37594, "REGION": "Metropolitana de Santiago", "PROVINCIA": "Santiago", "COMUNA2": "San Miguel", "Direccion": "DECIMA AVENIDA & GRAN AVDA JOSE MIGUEL CARRERA, San Miguel", "Año": 2024, "Cantidad_d": 1, "Fallecidos": 0, "Lesionados": 0, "Lesionad_1": 0, "Lesionad_2": 0, "Total_lesi": 0, "Latitud": -33.513651, "Longitud": -70.65789 }, "geometry": { "type": "Point", "coordinates": [ -70.65789, -33.513650999131002 ] } },
{ "type": "Feature", "properties": { "FID": 37595, "REGION": "Metropolitana de Santiago", "PROVINCIA": "Santiago", "COMUNA2": "San Miguel", "Direccion": "DECIMA AVENIDA & QUINTA TRANSVERSAL, San Miguel", "Año": 2024, "Cantidad_d": 1, "Fallecidos": 0, "Lesionados": 0, "Lesionad_1": 0, "Lesionad_2": 0, "Total_lesi": 0, "Latitud": -33.510304, "Longitud": -70.66888 }, "geometry": { "type": "Point", "coordinates": [ -70.66888, -33.510303999130997 ] } },
{ "type": "Feature", "properties": { "FID": 37596, "REGION": "Metropolitana de Santiago", "PROVINCIA": "Santiago", "COMUNA2": "San Miguel", "Direccion": "DECIMA AVENIDA & TERCERA TRANSVERSAL, San Miguel", "Año": 2024, "Cantidad_d": 1, "Fallecidos": 0, "Lesionados": 0, "Lesionad_1": 0, "Lesionad_2": 0, "Total_lesi": 0, "Latitud": -33.51164, "Longitud": -70.664542 }, "geometry": { "type": "Point", "coordinates": [ -70.664542, -33.511639999130999 ] } },
{ "type": "Feature", "properties": { "FID": 37597, "REGION": "Metropolitana de Santiago", "PROVINCIA": "Santiago", "COMUNA2": "San Miguel", "Direccion": "DEPARTAMENTAL & ESMERALDA, San Miguel", "Año": 2024, "Cantidad_d": 1, "Fallecidos": 0, "Lesionados": 0, "Lesionad_1": 0, "Lesionad_2": 0, "Total_lesi": 0, "Latitud": -33.506201, "Longitud": -70.643289 }, "geometry": { "type": "Point", "coordinates": [ -70.643289, -33.506200999131103 ] } },
{ "type": "Feature", "properties": { "FID": 37598, "REGION": "Metropolitana de Santiago", "PROVINCIA": "Santiago", "COMUNA2": "San Miguel", "Direccion": "DEPARTAMENTAL & FRANKFORT, San Miguel", "Año": 2024, "Cantidad_d": 2, "Fallecidos": 0, "Lesionados": 0, "Lesionad_1": 0, "Lesionad_2": 3, "Total_lesi": 3, "Latitud": -33.505248, "Longitud": -70.647085 }, "geometry": { "type": "Point", "coordinates": [ -70.647085, -33.5052479991311 ] } },
{ "type": "Feature", "properties": { "FID": 37599, "REGION": "Metropolitana de Santiago", "PROVINCIA": "Santiago", "COMUNA2": "San Miguel", "Direccion": "DEPARTAMENTAL & GAUSS, San Miguel", "Año": 2024, "Cantidad_d": 2, "Fallecidos": 0, "Lesionados": 0, "Lesionad_1": 0, "Lesionad_2": 0, "Total_lesi": 0, "Latitud": -33.501953, "Longitud": -70.66011 }, "geometry": { "type": "Point", "coordinates": [ -70.66011, -33.501952999131198 ] } },
{ "type": "Feature", "properties": { "FID": 37600, "REGION": "Metropolitana de Santiago", "PROVINCIA": "Santiago", "COMUNA2": "San Miguel", "Direccion": "DEPARTAMENTAL & GRAN AVDA JOSE MIGUEL CARRERA, San Miguel", "Año": 2024, "Cantidad_d": 13, "Fallecidos": 0, "Lesionados": 1, "Lesionad_1": 0, "Lesionad_2": 3, "Total_lesi": 4, "Latitud": -33.503339, "Longitud": -70.654937 }, "geometry": { "type": "Point", "coordinates": [ -70.654937, -33.503338999131103 ] } },
{ "type": "Feature", "properties": { "FID": 37601, "REGION": "Metropolitana de Santiago", "PROVINCIA": "Santiago", "COMUNA2": "San Miguel", "Direccion": "DEPARTAMENTAL & JOSE JOAQUIN PRIETO VIAL, San Miguel", "Año": 2024, "Cantidad_d": 17, "Fallecidos": 0, "Lesionados": 0, "Lesionad_1": 1, "Lesionad_2": 0, "Total_lesi": 1, "Latitud": -33.500353, "Longitud": -70.666487 }, "geometry": { "type": "Point", "coordinates": [ -70.666487, -33.500352999131202 ] } },
{ "type": "Feature", "properties": { "FID": 37602, "REGION": "Metropolitana de Santiago", "PROVINCIA": "Santiago", "COMUNA2": "San Miguel", "Direccion": "DEPARTAMENTAL & MIGUEL LEON PRADO, San Miguel", "Año": 2024, "Cantidad_d": 1, "Fallecidos": 0, "Lesionados": 0, "Lesionad_1": 0, "Lesionad_2": 0, "Total_lesi": 0, "Latitud": -33.488226, "Longitud": -70.650437 }, "geometry": { "type": "Point", "coordinates": [ -70.650437, -33.488225999131302 ] } },
{ "type": "Feature", "properties": { "FID": 37603, "REGION": "Metropolitana de Santiago", "PROVINCIA": "Santiago", "COMUNA2": "San Miguel", "Direccion": "DEPARTAMENTAL & PACOCHA, San Miguel", "Año": 2024, "Cantidad_d": 1, "Fallecidos": 0, "Lesionados": 0, "Lesionad_1": 0, "Lesionad_2": 0, "Total_lesi": 0, "Latitud": -33.511901, "Longitud": -70.648161 }, "geometry": { "type": "Point", "coordinates": [ -70.648161, -33.511900999131001 ] } },
{ "type": "Feature", "properties": { "FID": 37604, "REGION": "Metropolitana de Santiago", "PROVINCIA": "Santiago", "COMUNA2": "San Miguel", "Direccion": "DEPARTAMENTAL & PDTE JORGE ALESSANDRI RODRIGUEZ, San Miguel", "Año": 2024, "Cantidad_d": 2, "Fallecidos": 0, "Lesionados": 0, "Lesionad_1": 0, "Lesionad_2": 0, "Total_lesi": 0, "Latitud": -33.555488, "Longitud": -70.708189 }, "geometry": { "type": "Point", "coordinates": [ -70.7081885, -33.555487800330503 ] } },
{ "type": "Feature", "properties": { "FID": 37605, "REGION": "Metropolitana de Santiago", "PROVINCIA": "Santiago", "COMUNA2": "San Miguel", "Direccion": "DEPARTAMENTAL & QUINTA TRANSVERSAL, San Miguel", "Año": 2024, "Cantidad_d": 1, "Fallecidos": 0, "Lesionados": 0, "Lesionad_1": 0, "Lesionad_2": 0, "Total_lesi": 0, "Latitud": -33.500791, "Longitud": -70.664766 }, "geometry": { "type": "Point", "coordinates": [ -70.6647656, -33.500791300631199 ] } },
{ "type": "Feature", "properties": { "FID": 37606, "REGION": "Metropolitana de Santiago", "PROVINCIA": "Santiago", "COMUNA2": "San Miguel", "Direccion": "DEPARTAMENTAL & SAN FRANCISCO, San Miguel", "Año": 2024, "Cantidad_d": 1, "Fallecidos": 0, "Lesionados": 0, "Lesionad_1": 0, "Lesionad_2": 0, "Total_lesi": 0, "Latitud": -33.504776, "Longitud": -70.649235 }, "geometry": { "type": "Point", "coordinates": [ -70.649235, -33.504775999131098 ] } },
{ "type": "Feature", "properties": { "FID": 37607, "REGION": "Metropolitana de Santiago", "PROVINCIA": "Santiago", "COMUNA2": "San Miguel", "Direccion": "DEPARTAMENTAL & SEGUNDA TRANSVERSAL, San Miguel", "Año": 2024, "Cantidad_d": 1, "Fallecidos": 0, "Lesionados": 0, "Lesionad_1": 0, "Lesionad_2": 0, "Total_lesi": 0, "Latitud": -33.512235, "Longitud": -70.662522 }, "geometry": { "type": "Point", "coordinates": [ -70.662522, -33.512234999131003 ] } },
{ "type": "Feature", "properties": { "FID": 37608, "REGION": "Metropolitana de Santiago", "PROVINCIA": "Santiago", "COMUNA2": "San Miguel", "Direccion": "DEPARTAMENTAL & STA ROSA, San Miguel", "Año": 2024, "Cantidad_d": 5, "Fallecidos": 0, "Lesionados": 1, "Lesionad_1": 0, "Lesionad_2": 0, "Total_lesi": 1, "Latitud": -33.507264, "Longitud": -70.638695 }, "geometry": { "type": "Point", "coordinates": [ -70.638695, -33.507263999131098 ] } },
{ "type": "Feature", "properties": { "FID": 37609, "REGION": "Metropolitana de Santiago", "PROVINCIA": "Santiago", "COMUNA2": "San Miguel", "Direccion": "DEPARTAMENTAL 1390, San Miguel", "Año": 2024, "Cantidad_d": 1, "Fallecidos": 0, "Lesionados": 0, "Lesionad_1": 0, "Lesionad_2": 0, "Total_lesi": 0, "Latitud": -33.511822, "Longitud": -70.664579 }, "geometry": { "type": "Point", "coordinates": [ -70.664578809399998, -33.511821503431001 ] } },
{ "type": "Feature", "properties": { "FID": 37610, "REGION": "Metropolitana de Santiago", "PROVINCIA": "Santiago", "COMUNA2": "San Miguel", "Direccion": "DEPARTAMENTAL 1470, San Miguel", "Año": 2024, "Cantidad_d": 1, "Fallecidos": 0, "Lesionados": 0, "Lesionad_1": 0, "Lesionad_2": 0, "Total_lesi": 0, "Latitud": -33.51142, "Longitud": -70.665303 }, "geometry": { "type": "Point", "coordinates": [ -70.665302917600002, -33.511419948131 ] } },
{ "type": "Feature", "properties": { "FID": 37611, "REGION": "Metropolitana de Santiago", "PROVINCIA": "Santiago", "COMUNA2": "San Miguel", "Direccion": "DEPARTAMENTAL 1643, San Miguel", "Año": 2024, "Cantidad_d": 1, "Fallecidos": 0, "Lesionados": 0, "Lesionad_1": 0, "Lesionad_2": 0, "Total_lesi": 0, "Latitud": -33.510757, "Longitud": -70.667478 }, "geometry": { "type": "Point", "coordinates": [ -70.667477775899997, -33.510757292431002 ] } },
{ "type": "Feature", "properties": { "FID": 37612, "REGION": "Metropolitana de Santiago", "PROVINCIA": "Santiago", "COMUNA2": "San Miguel", "Direccion": "DEPARTAMENTAL 860, San Miguel", "Año": 2024, "Cantidad_d": 1, "Fallecidos": 1, "Lesionados": 0, "Lesionad_1": 0, "Lesionad_2": 0, "Total_lesi": 0, "Latitud": -33.513648, "Longitud": -70.657949 }, "geometry": { "type": "Point", "coordinates": [ -70.657949058, -33.513648292131002 ] } },
{ "type": "Feature", "properties": { "FID": 37613, "REGION": "Metropolitana de Santiago", "PROVINCIA": "Santiago", "COMUNA2": "San Miguel", "Direccion": "DEPARTAMENTAL 866, San Miguel", "Año": 2024, "Cantidad_d": 2, "Fallecidos": 0, "Lesionados": 0, "Lesionad_1": 0, "Lesionad_2": 1, "Total_lesi": 1, "Latitud": -33.505192, "Longitud": -70.647968 }, "geometry": { "type": "Point", "coordinates": [ -70.647967707800007, -33.505191543031103 ] } },
{ "type": "Feature", "properties": { "FID": 37614, "REGION": "Metropolitana de Santiago", "PROVINCIA": "Santiago", "COMUNA2": "San Miguel", "Direccion": "DEPARTAMENTAL 927, San Miguel", "Año": 2024, "Cantidad_d": 1, "Fallecidos": 0, "Lesionados": 0, "Lesionad_1": 0, "Lesionad_2": 0, "Total_lesi": 0, "Latitud": -33.503717, "Longitud": -70.649917 }, "geometry": { "type": "Point", "coordinates": [ -70.649916792100001, -33.503717160631098 ] } },
{ "type": "Feature", "properties": { "FID": 37615, "REGION": "Metropolitana de Santiago", "PROVINCIA": "Santiago", "COMUNA2": "San Miguel", "Direccion": "DEPARTAMENTAL 935, San Miguel", "Año": 2024, "Cantidad_d": 2, "Fallecidos": 0, "Lesionados": 0, "Lesionad_1": 0, "Lesionad_2": 0, "Total_lesi": 0, "Latitud": -33.504411, "Longitud": -70.650962 }, "geometry": { "type": "Point", "coordinates": [ -70.650962178200004, -33.504411249731099 ] } },
{ "type": "Feature", "properties": { "FID": 37616, "REGION": "Metropolitana de Santiago", "PROVINCIA": "Santiago", "COMUNA2": "San Miguel", "Direccion": "DON BOSCO & MARIA AUXILIADORA, San Miguel", "Año": 2024, "Cantidad_d": 1, "Fallecidos": 0, "Lesionados": 0, "Lesionad_1": 0, "Lesionad_2": 0, "Total_lesi": 0, "Latitud": -33.492321, "Longitud": -70.651769 }, "geometry": { "type": "Point", "coordinates": [ -70.651769, -33.492320999131302 ] } },
{ "type": "Feature", "properties": { "FID": 37617, "REGION": "Metropolitana de Santiago", "PROVINCIA": "Santiago", "COMUNA2": "San Miguel", "Direccion": "DR ROBERTO KOCH & STA ROSA, San Miguel", "Año": 2024, "Cantidad_d": 1, "Fallecidos": 0, "Lesionados": 0, "Lesionad_1": 0, "Lesionad_2": 0, "Total_lesi": 0, "Latitud": -33.484193, "Longitud": -70.641503 }, "geometry": { "type": "Point", "coordinates": [ -70.641503, -33.484192999131402 ] } },
{ "type": "Feature", "properties": { "FID": 37618, "REGION": "Metropolitana de Santiago", "PROVINCIA": "Santiago", "COMUNA2": "San Miguel", "Direccion": "DRESDEN & PEDRO MIRA, San Miguel", "Año": 2024, "Cantidad_d": 1, "Fallecidos": 0, "Lesionados": 0, "Lesionad_1": 0, "Lesionad_2": 0, "Total_lesi": 0, "Latitud": -33.497137, "Longitud": -70.648013 }, "geometry": { "type": "Point", "coordinates": [ -70.648013, -33.4971369991312 ] } },
{ "type": "Feature", "properties": { "FID": 37619, "REGION": "Metropolitana de Santiago", "PROVINCIA": "Santiago", "COMUNA2": "San Miguel", "Direccion": "ENRIQUE MATTE & GRAN AVDA JOSE MIGUEL CARRERA, San Miguel", "Año": 2024, "Cantidad_d": 1, "Fallecidos": 0, "Lesionados": 0, "Lesionad_1": 0, "Lesionad_2": 0, "Total_lesi": 0, "Latitud": -33.492321, "Longitud": -70.651769 }, "geometry": { "type": "Point", "coordinates": [ -70.651769, -33.492320999131302 ] } },
{ "type": "Feature", "properties": { "FID": 37620, "REGION": "Metropolitana de Santiago", "PROVINCIA": "Santiago", "COMUNA2": "San Miguel", "Direccion": "ENRIQUE MATTE & PDTE JORGE ALESSANDRI RODRIGUEZ, San Miguel", "Año": 2024, "Cantidad_d": 1, "Fallecidos": 0, "Lesionados": 0, "Lesionad_1": 0, "Lesionad_2": 0, "Total_lesi": 0, "Latitud": -33.492321, "Longitud": -70.651769 }, "geometry": { "type": "Point", "coordinates": [ -70.651769, -33.492320999131302 ] } },
{ "type": "Feature", "properties": { "FID": 37621, "REGION": "Metropolitana de Santiago", "PROVINCIA": "Santiago", "COMUNA2": "San Miguel", "Direccion": "ESMERALDA & VARAS MENA, San Miguel", "Año": 2024, "Cantidad_d": 3, "Fallecidos": 0, "Lesionados": 0, "Lesionad_1": 0, "Lesionad_2": 0, "Total_lesi": 0, "Latitud": -33.511328, "Longitud": -70.645094 }, "geometry": { "type": "Point", "coordinates": [ -70.645093666666696, -33.511327665797701 ] } },
{ "type": "Feature", "properties": { "FID": 37622, "REGION": "Metropolitana de Santiago", "PROVINCIA": "Santiago", "COMUNA2": "San Miguel", "Direccion": "EUCLIDES & HOMERO, San Miguel", "Año": 2024, "Cantidad_d": 1, "Fallecidos": 0, "Lesionados": 0, "Lesionad_1": 0, "Lesionad_2": 0, "Total_lesi": 0, "Latitud": -33.492321, "Longitud": -70.651769 }, "geometry": { "type": "Point", "coordinates": [ -70.6517693, -33.492320799131299 ] } },
{ "type": "Feature", "properties": { "FID": 37623, "REGION": "Metropolitana de Santiago", "PROVINCIA": "Santiago", "COMUNA2": "San Miguel", "Direccion": "EUCLIDES & MILAN, San Miguel", "Año": 2024, "Cantidad_d": 1, "Fallecidos": 0, "Lesionados": 0, "Lesionad_1": 0, "Lesionad_2": 0, "Total_lesi": 0, "Latitud": -33.477359, "Longitud": -70.653093 }, "geometry": { "type": "Point", "coordinates": [ -70.653093, -33.477358999131503 ] } },
{ "type": "Feature", "properties": { "FID": 37624, "REGION": "Metropolitana de Santiago", "PROVINCIA": "Santiago", "COMUNA2": "San Miguel", "Direccion": "EUCLIDES & ORAN, San Miguel", "Año": 2024, "Cantidad_d": 1, "Fallecidos": 0, "Lesionados": 0, "Lesionad_1": 0, "Lesionad_2": 0, "Total_lesi": 0, "Latitud": -33.478438, "Longitud": -70.650484 }, "geometry": { "type": "Point", "coordinates": [ -70.650484, -33.478437999131501 ] } },
{ "type": "Feature", "properties": { "FID": 37625, "REGION": "Metropolitana de Santiago", "PROVINCIA": "Santiago", "COMUNA2": "San Miguel", "Direccion": "EUCLIDES & SAN IGNACIO DE LOYOLA, San Miguel", "Año": 2024, "Cantidad_d": 1, "Fallecidos": 0, "Lesionados": 0, "Lesionad_1": 0, "Lesionad_2": 0, "Total_lesi": 0, "Latitud": -33.486493, "Longitud": -70.655744 }, "geometry": { "type": "Point", "coordinates": [ -70.6557440001, -33.4864929991314 ] } },
{ "type": "Feature", "properties": { "FID": 37626, "REGION": "Metropolitana de Santiago", "PROVINCIA": "Santiago", "COMUNA2": "San Miguel", "Direccion": "EUCLIDES 1280, San Miguel", "Año": 2024, "Cantidad_d": 1, "Fallecidos": 0, "Lesionados": 0, "Lesionad_1": 0, "Lesionad_2": 0, "Total_lesi": 0, "Latitud": -33.478649, "Longitud": -70.650077 }, "geometry": { "type": "Point", "coordinates": [ -70.65007665, -33.4786486503315 ] } },
{ "type": "Feature", "properties": { "FID": 37627, "REGION": "Metropolitana de Santiago", "PROVINCIA": "Santiago", "COMUNA2": "San Miguel", "Direccion": "FERNANDO LAZCANO & GRAN AVDA JOSE MIGUEL CARRERA, San Miguel", "Año": 2024, "Cantidad_d": 2, "Fallecidos": 0, "Lesionados": 0, "Lesionad_1": 0, "Lesionad_2": 0, "Total_lesi": 0, "Latitud": -33.484357, "Longitud": -70.649705 }, "geometry": { "type": "Point", "coordinates": [ -70.649705, -33.4843569991314 ] } },
{ "type": "Feature", "properties": { "FID": 37628, "REGION": "Metropolitana de Santiago", "PROVINCIA": "Santiago", "COMUNA2": "San Miguel", "Direccion": "FERNANDO LAZCANO & LLANO SUBERCASEAUX, San Miguel", "Año": 2024, "Cantidad_d": 5, "Fallecidos": 0, "Lesionados": 0, "Lesionad_1": 0, "Lesionad_2": 0, "Total_lesi": 0, "Latitud": -33.484258, "Longitud": -70.650204 }, "geometry": { "type": "Point", "coordinates": [ -70.650204, -33.484257999131401 ] } },
{ "type": "Feature", "properties": { "FID": 37629, "REGION": "Metropolitana de Santiago", "PROVINCIA": "Santiago", "COMUNA2": "San Miguel", "Direccion": "FERNANDO LAZCANO & PDTE JORGE ALESSANDRI RODRIGUEZ, San Miguel", "Año": 2024, "Cantidad_d": 1, "Fallecidos": 0, "Lesionados": 0, "Lesionad_1": 0, "Lesionad_2": 0, "Total_lesi": 0, "Latitud": -33.483434, "Longitud": -70.654132 }, "geometry": { "type": "Point", "coordinates": [ -70.654132, -33.4834339991314 ] } },
{ "type": "Feature", "properties": { "FID": 37630, "REGION": "Metropolitana de Santiago", "PROVINCIA": "Santiago", "COMUNA2": "San Miguel", "Direccion": "FERNANDO LAZCANO & SAN IGNACIO DE LOYOLA, San Miguel", "Año": 2024, "Cantidad_d": 1, "Fallecidos": 0, "Lesionados": 0, "Lesionad_1": 0, "Lesionad_2": 1, "Total_lesi": 1, "Latitud": -33.483327, "Longitud": -70.654761 }, "geometry": { "type": "Point", "coordinates": [ -70.654761, -33.4833269991314 ] } },
{ "type": "Feature", "properties": { "FID": 37631, "REGION": "Metropolitana de Santiago", "PROVINCIA": "Santiago", "COMUNA2": "San Miguel", "Direccion": "FLORENCIA & GASPAR BANDA, San Miguel", "Año": 2024, "Cantidad_d": 2, "Fallecidos": 0, "Lesionados": 0, "Lesionad_1": 0, "Lesionad_2": 0, "Total_lesi": 0, "Latitud": -33.489627, "Longitud": -70.655584 }, "geometry": { "type": "Point", "coordinates": [ -70.655584, -33.489626999131303 ] } },
{ "type": "Feature", "properties": { "FID": 37632, "REGION": "Metropolitana de Santiago", "PROVINCIA": "Santiago", "COMUNA2": "San Miguel", "Direccion": "FLORENCIA & LLANO SUBERCASEAUX, San Miguel", "Año": 2024, "Cantidad_d": 1, "Fallecidos": 0, "Lesionados": 0, "Lesionad_1": 0, "Lesionad_2": 0, "Total_lesi": 0, "Latitud": -33.490433, "Longitud": -70.651896 }, "geometry": { "type": "Point", "coordinates": [ -70.651896, -33.490432999131301 ] } },
{ "type": "Feature", "properties": { "FID": 37633, "REGION": "Metropolitana de Santiago", "PROVINCIA": "Santiago", "COMUNA2": "San Miguel", "Direccion": "FLORENCIA & REY ALBERTO, San Miguel", "Año": 2024, "Cantidad_d": 2, "Fallecidos": 0, "Lesionados": 0, "Lesionad_1": 0, "Lesionad_2": 0, "Total_lesi": 0, "Latitud": -33.489879, "Longitud": -70.654421 }, "geometry": { "type": "Point", "coordinates": [ -70.6544206, -33.489879399831302 ] } },
{ "type": "Feature", "properties": { "FID": 37634, "REGION": "Metropolitana de Santiago", "PROVINCIA": "Santiago", "COMUNA2": "San Miguel", "Direccion": "FLORENCIA & SAN IGNACIO DE LOYOLA, San Miguel", "Año": 2024, "Cantidad_d": 1, "Fallecidos": 0, "Lesionados": 0, "Lesionad_1": 0, "Lesionad_2": 0, "Total_lesi": 0, "Latitud": -33.48942, "Longitud": -70.656701 }, "geometry": { "type": "Point", "coordinates": [ -70.656701, -33.4894199991313 ] } },
{ "type": "Feature", "properties": { "FID": 37635, "REGION": "Metropolitana de Santiago", "PROVINCIA": "Santiago", "COMUNA2": "San Miguel", "Direccion": "FRANKFORT & PEDRO MIRA, San Miguel", "Año": 2024, "Cantidad_d": 1, "Fallecidos": 0, "Lesionados": 0, "Lesionad_1": 0, "Lesionad_2": 0, "Total_lesi": 0, "Latitud": -33.497962, "Longitud": -70.644887 }, "geometry": { "type": "Point", "coordinates": [ -70.644887, -33.497961999131199 ] } },
{ "type": "Feature", "properties": { "FID": 37636, "REGION": "Metropolitana de Santiago", "PROVINCIA": "Santiago", "COMUNA2": "San Miguel", "Direccion": "FRANKFORT & URETA COX, San Miguel", "Año": 2024, "Cantidad_d": 2, "Fallecidos": 0, "Lesionados": 0, "Lesionad_1": 1, "Lesionad_2": 0, "Total_lesi": 1, "Latitud": -33.499624, "Longitud": -70.644635 }, "geometry": { "type": "Point", "coordinates": [ -70.644635, -33.499623999131202 ] } },
{ "type": "Feature", "properties": { "FID": 37637, "REGION": "Metropolitana de Santiago", "PROVINCIA": "Santiago", "COMUNA2": "San Miguel", "Direccion": "FRANKFORT 605, San Miguel", "Año": 2024, "Cantidad_d": 1, "Fallecidos": 0, "Lesionados": 0, "Lesionad_1": 0, "Lesionad_2": 0, "Total_lesi": 0, "Latitud": -33.499487, "Longitud": -70.645452 }, "geometry": { "type": "Point", "coordinates": [ -70.645452063899995, -33.499487437731197 ] } },
{ "type": "Feature", "properties": { "FID": 37638, "REGION": "Metropolitana de Santiago", "PROVINCIA": "Santiago", "COMUNA2": "San Miguel", "Direccion": "GAMBETTA & GRAN AVDA JOSE MIGUEL CARRERA, San Miguel", "Año": 2024, "Cantidad_d": 2, "Fallecidos": 0, "Lesionados": 0, "Lesionad_1": 0, "Lesionad_2": 0, "Total_lesi": 0, "Latitud": -33.482192, "Longitud": -70.648967 }, "geometry": { "type": "Point", "coordinates": [ -70.648967, -33.482191999131402 ] } },
{ "type": "Feature", "properties": { "FID": 37639, "REGION": "Metropolitana de Santiago", "PROVINCIA": "Santiago", "COMUNA2": "San Miguel", "Direccion": "GAMBETTA & SAN FRANCISCO, San Miguel", "Año": 2024, "Cantidad_d": 1, "Fallecidos": 0, "Lesionados": 0, "Lesionad_1": 0, "Lesionad_2": 0, "Total_lesi": 0, "Latitud": -33.482502, "Longitud": -70.643111 }, "geometry": { "type": "Point", "coordinates": [ -70.643111, -33.482501999131401 ] } },
{ "type": "Feature", "properties": { "FID": 37640, "REGION": "Metropolitana de Santiago", "PROVINCIA": "Santiago", "COMUNA2": "San Miguel", "Direccion": "GAMBETTA NORTE & SAN FRANCISCO, San Miguel", "Año": 2024, "Cantidad_d": 1, "Fallecidos": 0, "Lesionados": 0, "Lesionad_1": 0, "Lesionad_2": 0, "Total_lesi": 0, "Latitud": -33.492321, "Longitud": -70.651769 }, "geometry": { "type": "Point", "coordinates": [ -70.651769, -33.492320999131302 ] } },
{ "type": "Feature", "properties": { "FID": 37641, "REGION": "Metropolitana de Santiago", "PROVINCIA": "Santiago", "COMUNA2": "San Miguel", "Direccion": "GAUSS & SAN NICOLAS, San Miguel", "Año": 2024, "Cantidad_d": 1, "Fallecidos": 0, "Lesionados": 0, "Lesionad_1": 0, "Lesionad_2": 0, "Total_lesi": 0, "Latitud": -33.497976, "Longitud": -70.65827 }, "geometry": { "type": "Point", "coordinates": [ -70.65827, -33.497975999131199 ] } },
{ "type": "Feature", "properties": { "FID": 37642, "REGION": "Metropolitana de Santiago", "PROVINCIA": "Santiago", "COMUNA2": "San Miguel", "Direccion": "GRAN AVDA JOSE MIGUEL CARRERA & INGENIERO BUDGE, San Miguel", "Año": 2024, "Cantidad_d": 1, "Fallecidos": 0, "Lesionados": 0, "Lesionad_1": 0, "Lesionad_2": 0, "Total_lesi": 0, "Latitud": -33.494655, "Longitud": -70.652314 }, "geometry": { "type": "Point", "coordinates": [ -70.652314, -33.4946549991312 ] } },
{ "type": "Feature", "properties": { "FID": 37643, "REGION": "Metropolitana de Santiago", "PROVINCIA": "Santiago", "COMUNA2": "San Miguel", "Direccion": "GRAN AVDA JOSE MIGUEL CARRERA & ISABEL RIQUELME, San Miguel", "Año": 2024, "Cantidad_d": 5, "Fallecidos": 0, "Lesionados": 0, "Lesionad_1": 0, "Lesionad_2": 2, "Total_lesi": 2, "Latitud": -33.477618, "Longitud": -70.648279 }, "geometry": { "type": "Point", "coordinates": [ -70.648279, -33.477617999131503 ] } },
{ "type": "Feature", "properties": { "FID": 37644, "REGION": "Metropolitana de Santiago", "PROVINCIA": "Santiago", "COMUNA2": "San Miguel", "Direccion": "GRAN AVDA JOSE MIGUEL CARRERA & LA MARINA, San Miguel", "Año": 2024, "Cantidad_d": 2, "Fallecidos": 0, "Lesionados": 0, "Lesionad_1": 0, "Lesionad_2": 0, "Total_lesi": 0, "Latitud": -33.498228, "Longitud": -70.653328 }, "geometry": { "type": "Point", "coordinates": [ -70.653328, -33.498227999131203 ] } },
{ "type": "Feature", "properties": { "FID": 37645, "REGION": "Metropolitana de Santiago", "PROVINCIA": "Santiago", "COMUNA2": "San Miguel", "Direccion": "GRAN AVDA JOSE MIGUEL CARRERA & LEONIDAS VIAL, San Miguel", "Año": 2024, "Cantidad_d": 3, "Fallecidos": 0, "Lesionados": 0, "Lesionad_1": 0, "Lesionad_2": 0, "Total_lesi": 0, "Latitud": -33.495052, "Longitud": -70.652587 }, "geometry": { "type": "Point", "coordinates": [ -70.6525872, -33.495051599131202 ] } },
{ "type": "Feature", "properties": { "FID": 37646, "REGION": "Metropolitana de Santiago", "PROVINCIA": "Santiago", "COMUNA2": "San Miguel", "Direccion": "GRAN AVDA JOSE MIGUEL CARRERA & LLICO, San Miguel", "Año": 2024, "Cantidad_d": 2, "Fallecidos": 0, "Lesionados": 0, "Lesionad_1": 0, "Lesionad_2": 0, "Total_lesi": 0, "Latitud": -33.502096, "Longitud": -70.654432 }, "geometry": { "type": "Point", "coordinates": [ -70.654432, -33.5020959991311 ] } },
{ "type": "Feature", "properties": { "FID": 37647, "REGION": "Metropolitana de Santiago", "PROVINCIA": "Santiago", "COMUNA2": "San Miguel", "Direccion": "GRAN AVDA JOSE MIGUEL CARRERA & LO OVALLE, San Miguel", "Año": 2024, "Cantidad_d": 3, "Fallecidos": 0, "Lesionados": 0, "Lesionad_1": 0, "Lesionad_2": 1, "Total_lesi": 1, "Latitud": -33.514674, "Longitud": -70.658196 }, "geometry": { "type": "Point", "coordinates": [ -70.658196, -33.514673999130999 ] } },
{ "type": "Feature", "properties": { "FID": 37648, "REGION": "Metropolitana de Santiago", "PROVINCIA": "Santiago", "COMUNA2": "San Miguel", "Direccion": "GRAN AVDA JOSE MIGUEL CARRERA & MAGDALENA VICUNA, San Miguel", "Año": 2024, "Cantidad_d": 2, "Fallecidos": 0, "Lesionados": 0, "Lesionad_1": 0, "Lesionad_2": 0, "Total_lesi": 0, "Latitud": -33.480908, "Longitud": -70.648724 }, "geometry": { "type": "Point", "coordinates": [ -70.648724, -33.480907999131396 ] } },
{ "type": "Feature", "properties": { "FID": 37649, "REGION": "Metropolitana de Santiago", "PROVINCIA": "Santiago", "COMUNA2": "San Miguel", "Direccion": "GRAN AVDA JOSE MIGUEL CARRERA & MARIA AUXILIADORA, San Miguel", "Año": 2024, "Cantidad_d": 1, "Fallecidos": 0, "Lesionados": 0, "Lesionad_1": 0, "Lesionad_2": 0, "Total_lesi": 0, "Latitud": -33.48772, "Longitud": -70.650475 }, "geometry": { "type": "Point", "coordinates": [ -70.650475, -33.4877199991314 ] } },
{ "type": "Feature", "properties": { "FID": 37650, "REGION": "Metropolitana de Santiago", "PROVINCIA": "Santiago", "COMUNA2": "San Miguel", "Direccion": "GRAN AVDA JOSE MIGUEL CARRERA & PEDRO MIRA, San Miguel", "Año": 2024, "Cantidad_d": 1, "Fallecidos": 0, "Lesionados": 0, "Lesionad_1": 0, "Lesionad_2": 0, "Total_lesi": 0, "Latitud": -33.495872, "Longitud": -70.652658 }, "geometry": { "type": "Point", "coordinates": [ -70.652658, -33.495871999131197 ] } },
{ "type": "Feature", "properties": { "FID": 37651, "REGION": "Metropolitana de Santiago", "PROVINCIA": "Santiago", "COMUNA2": "San Miguel", "Direccion": "GRAN AVDA JOSE MIGUEL CARRERA & PIRAMIDE, San Miguel", "Año": 2024, "Cantidad_d": 2, "Fallecidos": 0, "Lesionados": 0, "Lesionad_1": 0, "Lesionad_2": 0, "Total_lesi": 0, "Latitud": -33.500229, "Longitud": -70.653885 }, "geometry": { "type": "Point", "coordinates": [ -70.653885, -33.500228999131203 ] } },
{ "type": "Feature", "properties": { "FID": 37652, "REGION": "Metropolitana de Santiago", "PROVINCIA": "Santiago", "COMUNA2": "San Miguel", "Direccion": "GRAN AVDA JOSE MIGUEL CARRERA & REAL AUDIENCIA, San Miguel", "Año": 2024, "Cantidad_d": 1, "Fallecidos": 0, "Lesionados": 0, "Lesionad_1": 0, "Lesionad_2": 1, "Total_lesi": 1, "Latitud": -33.49572, "Longitud": -70.652771 }, "geometry": { "type": "Point", "coordinates": [ -70.652771, -33.495719999131197 ] } },
{ "type": "Feature", "properties": { "FID": 37653, "REGION": "Metropolitana de Santiago", "PROVINCIA": "Santiago", "COMUNA2": "San Miguel", "Direccion": "GRAN AVDA JOSE MIGUEL CARRERA & RIVAS, San Miguel", "Año": 2024, "Cantidad_d": 3, "Fallecidos": 0, "Lesionados": 0, "Lesionad_1": 0, "Lesionad_2": 0, "Total_lesi": 0, "Latitud": -33.492321, "Longitud": -70.651769 }, "geometry": { "type": "Point", "coordinates": [ -70.6517693, -33.492320799131299 ] } },
{ "type": "Feature", "properties": { "FID": 37654, "REGION": "Metropolitana de Santiago", "PROVINCIA": "Santiago", "COMUNA2": "San Miguel", "Direccion": "GRAN AVDA JOSE MIGUEL CARRERA & SALESIANOS, San Miguel", "Año": 2024, "Cantidad_d": 6, "Fallecidos": 0, "Lesionados": 0, "Lesionad_1": 0, "Lesionad_2": 0, "Total_lesi": 0, "Latitud": -33.492313, "Longitud": -70.651681 }, "geometry": { "type": "Point", "coordinates": [ -70.651681, -33.4923129991313 ] } },
{ "type": "Feature", "properties": { "FID": 37655, "REGION": "Metropolitana de Santiago", "PROVINCIA": "Santiago", "COMUNA2": "San Miguel", "Direccion": "GRAN AVDA JOSE MIGUEL CARRERA & SAN NICOLAS, San Miguel", "Año": 2024, "Cantidad_d": 9, "Fallecidos": 0, "Lesionados": 0, "Lesionad_1": 0, "Lesionad_2": 0, "Total_lesi": 0, "Latitud": -33.499378, "Longitud": -70.653809 }, "geometry": { "type": "Point", "coordinates": [ -70.653809, -33.499377999131198 ] } },
{ "type": "Feature", "properties": { "FID": 37656, "REGION": "Metropolitana de Santiago", "PROVINCIA": "Santiago", "COMUNA2": "San Miguel", "Direccion": "GRAN AVDA JOSE MIGUEL CARRERA & SEGUNDA TRANSVERSAL, San Miguel", "Año": 2024, "Cantidad_d": 1, "Fallecidos": 0, "Lesionados": 0, "Lesionad_1": 0, "Lesionad_2": 0, "Total_lesi": 0, "Latitud": -33.497955, "Longitud": -70.653258 }, "geometry": { "type": "Point", "coordinates": [ -70.653258, -33.497954999131203 ] } },
{ "type": "Feature", "properties": { "FID": 37657, "REGION": "Metropolitana de Santiago", "PROVINCIA": "Santiago", "COMUNA2": "San Miguel", "Direccion": "GRAN AVDA JOSE MIGUEL CARRERA & SEXTA AVENIDA, San Miguel", "Año": 2024, "Cantidad_d": 1, "Fallecidos": 0, "Lesionados": 0, "Lesionad_1": 0, "Lesionad_2": 0, "Total_lesi": 0, "Latitud": -33.509565, "Longitud": -70.6567 }, "geometry": { "type": "Point", "coordinates": [ -70.6567, -33.509564999131101 ] } },
{ "type": "Feature", "properties": { "FID": 37658, "REGION": "Metropolitana de Santiago", "PROVINCIA": "Santiago", "COMUNA2": "San Miguel", "Direccion": "GRAN AVDA JOSE MIGUEL CARRERA & STA ESTER, San Miguel", "Año": 2024, "Cantidad_d": 1, "Fallecidos": 0, "Lesionados": 0, "Lesionad_1": 0, "Lesionad_2": 0, "Total_lesi": 0, "Latitud": -33.495052, "Longitud": -70.652587 }, "geometry": { "type": "Point", "coordinates": [ -70.6525872, -33.495051599131202 ] } },
{ "type": "Feature", "properties": { "FID": 37659, "REGION": "Metropolitana de Santiago", "PROVINCIA": "Santiago", "COMUNA2": "San Miguel", "Direccion": "GRAN AVDA JOSE MIGUEL CARRERA & TERCERA AVENIDA, San Miguel", "Año": 2024, "Cantidad_d": 1, "Fallecidos": 0, "Lesionados": 0, "Lesionad_1": 0, "Lesionad_2": 0, "Total_lesi": 0, "Latitud": -33.50653, "Longitud": -70.655846 }, "geometry": { "type": "Point", "coordinates": [ -70.655846, -33.506529999131097 ] } },
{ "type": "Feature", "properties": { "FID": 37660, "REGION": "Metropolitana de Santiago", "PROVINCIA": "Santiago", "COMUNA2": "San Miguel", "Direccion": "GRAN AVDA JOSE MIGUEL CARRERA & TERESA VIAL, San Miguel", "Año": 2024, "Cantidad_d": 7, "Fallecidos": 0, "Lesionados": 1, "Lesionad_1": 0, "Lesionad_2": 1, "Total_lesi": 2, "Latitud": -33.493698, "Longitud": -70.652062 }, "geometry": { "type": "Point", "coordinates": [ -70.652062, -33.4936979991313 ] } },
{ "type": "Feature", "properties": { "FID": 37661, "REGION": "Metropolitana de Santiago", "PROVINCIA": "Santiago", "COMUNA2": "San Miguel", "Direccion": "GRAN AVDA JOSE MIGUEL CARRERA & TRISTAN MATTA, San Miguel", "Año": 2024, "Cantidad_d": 2, "Fallecidos": 0, "Lesionados": 0, "Lesionad_1": 0, "Lesionad_2": 0, "Total_lesi": 0, "Latitud": -33.502556, "Longitud": -70.65474 }, "geometry": { "type": "Point", "coordinates": [ -70.65474, -33.502555999131197 ] } },
{ "type": "Feature", "properties": { "FID": 37662, "REGION": "Metropolitana de Santiago", "PROVINCIA": "Santiago", "COMUNA2": "San Miguel", "Direccion": "GRAN AVDA JOSE MIGUEL CARRERA & URETA COX, San Miguel", "Año": 2024, "Cantidad_d": 3, "Fallecidos": 0, "Lesionados": 0, "Lesionad_1": 0, "Lesionad_2": 0, "Total_lesi": 0, "Latitud": -33.497315, "Longitud": -70.653222 }, "geometry": { "type": "Point", "coordinates": [ -70.653222, -33.497314999131198 ] } },
{ "type": "Feature", "properties": { "FID": 37663, "REGION": "Metropolitana de Santiago", "PROVINCIA": "Santiago", "COMUNA2": "San Miguel", "Direccion": "GRAN AVDA JOSE MIGUEL CARRERA & VARAS MENA, San Miguel", "Año": 2024, "Cantidad_d": 7, "Fallecidos": 0, "Lesionados": 0, "Lesionad_1": 0, "Lesionad_2": 0, "Total_lesi": 0, "Latitud": -33.508988, "Longitud": -70.656415 }, "geometry": { "type": "Point", "coordinates": [ -70.656415, -33.508987999131101 ] } },
{ "type": "Feature", "properties": { "FID": 37664, "REGION": "Metropolitana de Santiago", "PROVINCIA": "Santiago", "COMUNA2": "San Miguel", "Direccion": "GRAN AVDA JOSE MIGUEL CARRERA & VENTURA BLANCO VIEL, San Miguel", "Año": 2024, "Cantidad_d": 2, "Fallecidos": 0, "Lesionados": 0, "Lesionad_1": 0, "Lesionad_2": 0, "Total_lesi": 0, "Latitud": -33.496357, "Longitud": -70.652952 }, "geometry": { "type": "Point", "coordinates": [ -70.652952, -33.496356999131201 ] } },
{ "type": "Feature", "properties": { "FID": 37665, "REGION": "Metropolitana de Santiago", "PROVINCIA": "Santiago", "COMUNA2": "San Miguel", "Direccion": "GRAN AVDA JOSE MIGUEL CARRERA 3100, San Miguel", "Año": 2024, "Cantidad_d": 1, "Fallecidos": 0, "Lesionados": 0, "Lesionad_1": 0, "Lesionad_2": 1, "Total_lesi": 1, "Latitud": -33.48297, "Longitud": -70.649112 }, "geometry": { "type": "Point", "coordinates": [ -70.649111670600007, -33.482969813631399 ] } },
{ "type": "Feature", "properties": { "FID": 37666, "REGION": "Metropolitana de Santiago", "PROVINCIA": "Santiago", "COMUNA2": "San Miguel", "Direccion": "GRAN AVDA JOSE MIGUEL CARRERA 3204, San Miguel", "Año": 2024, "Cantidad_d": 9, "Fallecidos": 0, "Lesionados": 1, "Lesionad_1": 0, "Lesionad_2": 0, "Total_lesi": 1, "Latitud": -33.48386, "Longitud": -70.649372 }, "geometry": { "type": "Point", "coordinates": [ -70.649371589500007, -33.483859533431399 ] } },
{ "type": "Feature", "properties": { "FID": 37667, "REGION": "Metropolitana de Santiago", "PROVINCIA": "Santiago", "COMUNA2": "San Miguel", "Direccion": "GRAN AVDA JOSE MIGUEL CARRERA 3300, San Miguel", "Año": 2024, "Cantidad_d": 2, "Fallecidos": 0, "Lesionados": 0, "Lesionad_1": 0, "Lesionad_2": 0, "Total_lesi": 0, "Latitud": -33.484886, "Longitud": -70.648018 }, "geometry": { "type": "Point", "coordinates": [ -70.648018, -33.4848859991314 ] } },
{ "type": "Feature", "properties": { "FID": 37668, "REGION": "Metropolitana de Santiago", "PROVINCIA": "Santiago", "COMUNA2": "San Miguel", "Direccion": "GRAN AVDA JOSE MIGUEL CARRERA 3592, San Miguel", "Año": 2024, "Cantidad_d": 1, "Fallecidos": 0, "Lesionados": 0, "Lesionad_1": 0, "Lesionad_2": 0, "Total_lesi": 0, "Latitud": -33.487451, "Longitud": -70.649603 }, "geometry": { "type": "Point", "coordinates": [ -70.649603, -33.487450999131397 ] } },
{ "type": "Feature", "properties": { "FID": 37669, "REGION": "Metropolitana de Santiago", "PROVINCIA": "Santiago", "COMUNA2": "San Miguel", "Direccion": "GRAN AVDA JOSE MIGUEL CARRERA 4004, San Miguel", "Año": 2024, "Cantidad_d": 2, "Fallecidos": 0, "Lesionados": 0, "Lesionad_1": 0, "Lesionad_2": 0, "Total_lesi": 0, "Latitud": -33.491512, "Longitud": -70.650291 }, "geometry": { "type": "Point", "coordinates": [ -70.650290512599994, -33.4915115298313 ] } },
{ "type": "Feature", "properties": { "FID": 37670, "REGION": "Metropolitana de Santiago", "PROVINCIA": "Santiago", "COMUNA2": "San Miguel", "Direccion": "GRAN AVDA JOSE MIGUEL CARRERA 4310, San Miguel", "Año": 2024, "Cantidad_d": 1, "Fallecidos": 0, "Lesionados": 0, "Lesionad_1": 0, "Lesionad_2": 0, "Total_lesi": 0, "Latitud": -33.494249, "Longitud": -70.651116 }, "geometry": { "type": "Point", "coordinates": [ -70.651116461699999, -33.4942493972313 ] } },
{ "type": "Feature", "properties": { "FID": 37671, "REGION": "Metropolitana de Santiago", "PROVINCIA": "Santiago", "COMUNA2": "San Miguel", "Direccion": "GRAN AVDA JOSE MIGUEL CARRERA 4388, San Miguel", "Año": 2024, "Cantidad_d": 1, "Fallecidos": 0, "Lesionados": 0, "Lesionad_1": 0, "Lesionad_2": 0, "Total_lesi": 0, "Latitud": -33.494261, "Longitud": -70.652169 }, "geometry": { "type": "Point", "coordinates": [ -70.652168881700007, -33.494261047631298 ] } },
{ "type": "Feature", "properties": { "FID": 37672, "REGION": "Metropolitana de Santiago", "PROVINCIA": "Santiago", "COMUNA2": "San Miguel", "Direccion": "GRAN AVDA JOSE MIGUEL CARRERA 4390, San Miguel", "Año": 2024, "Cantidad_d": 1, "Fallecidos": 0, "Lesionados": 0, "Lesionad_1": 0, "Lesionad_2": 0, "Total_lesi": 0, "Latitud": -33.494256, "Longitud": -70.652167 }, "geometry": { "type": "Point", "coordinates": [ -70.652167478600006, -33.494255675231301 ] } },
{ "type": "Feature", "properties": { "FID": 37673, "REGION": "Metropolitana de Santiago", "PROVINCIA": "Santiago", "COMUNA2": "San Miguel", "Direccion": "GRAN AVDA JOSE MIGUEL CARRERA 4820, San Miguel", "Año": 2024, "Cantidad_d": 2, "Fallecidos": 1, "Lesionados": 1, "Lesionad_1": 1, "Lesionad_2": 0, "Total_lesi": 2, "Latitud": -33.498019, "Longitud": -70.65322 }, "geometry": { "type": "Point", "coordinates": [ -70.653220483799998, -33.498018978931199 ] } },
{ "type": "Feature", "properties": { "FID": 37674, "REGION": "Metropolitana de Santiago", "PROVINCIA": "Santiago", "COMUNA2": "San Miguel", "Direccion": "GRAN AVDA JOSE MIGUEL CARRERA 4903, San Miguel", "Año": 2024, "Cantidad_d": 1, "Fallecidos": 0, "Lesionados": 0, "Lesionad_1": 0, "Lesionad_2": 0, "Total_lesi": 0, "Latitud": -33.498775, "Longitud": -70.653596 }, "geometry": { "type": "Point", "coordinates": [ -70.653596139, -33.498775263331197 ] } },
{ "type": "Feature", "properties": { "FID": 37675, "REGION": "Metropolitana de Santiago", "PROVINCIA": "Santiago", "COMUNA2": "San Miguel", "Direccion": "GRAN AVDA JOSE MIGUEL CARRERA 4921, San Miguel", "Año": 2024, "Cantidad_d": 1, "Fallecidos": 0, "Lesionados": 0, "Lesionad_1": 0, "Lesionad_2": 0, "Total_lesi": 0, "Latitud": -33.498813, "Longitud": -70.653607 }, "geometry": { "type": "Point", "coordinates": [ -70.653607083300003, -33.498813443231199 ] } },
{ "type": "Feature", "properties": { "FID": 37676, "REGION": "Metropolitana de Santiago", "PROVINCIA": "Santiago", "COMUNA2": "San Miguel", "Direccion": "GRAN AVDA JOSE MIGUEL CARRERA 4923, San Miguel", "Año": 2024, "Cantidad_d": 1, "Fallecidos": 0, "Lesionados": 0, "Lesionad_1": 0, "Lesionad_2": 0, "Total_lesi": 0, "Latitud": -33.498853, "Longitud": -70.653618 }, "geometry": { "type": "Point", "coordinates": [ -70.653618472900007, -33.498853176431197 ] } },
{ "type": "Feature", "properties": { "FID": 37677, "REGION": "Metropolitana de Santiago", "PROVINCIA": "Santiago", "COMUNA2": "San Miguel", "Direccion": "GRAN AVDA JOSE MIGUEL CARRERA 5110, San Miguel", "Año": 2024, "Cantidad_d": 2, "Fallecidos": 0, "Lesionados": 0, "Lesionad_1": 0, "Lesionad_2": 0, "Total_lesi": 0, "Latitud": -33.501198, "Longitud": -70.654138 }, "geometry": { "type": "Point", "coordinates": [ -70.654138398699999, -33.501198481231199 ] } },
{ "type": "Feature", "properties": { "FID": 37678, "REGION": "Metropolitana de Santiago", "PROVINCIA": "Santiago", "COMUNA2": "San Miguel", "Direccion": "GRAN AVDA JOSE MIGUEL CARRERA 5234, San Miguel", "Año": 2024, "Cantidad_d": 1, "Fallecidos": 0, "Lesionados": 0, "Lesionad_1": 0, "Lesionad_2": 0, "Total_lesi": 0, "Latitud": -33.501551, "Longitud": -70.654242 }, "geometry": { "type": "Point", "coordinates": [ -70.654242014900007, -33.501551024331199 ] } },
{ "type": "Feature", "properties": { "FID": 37679, "REGION": "Metropolitana de Santiago", "PROVINCIA": "Santiago", "COMUNA2": "San Miguel", "Direccion": "GRAN AVDA JOSE MIGUEL CARRERA 5508, San Miguel", "Año": 2024, "Cantidad_d": 1, "Fallecidos": 0, "Lesionados": 0, "Lesionad_1": 0, "Lesionad_2": 0, "Total_lesi": 0, "Latitud": -33.503926, "Longitud": -70.653777 }, "geometry": { "type": "Point", "coordinates": [ -70.653777286099995, -33.503925569431097 ] } },
{ "type": "Feature", "properties": { "FID": 37680, "REGION": "Metropolitana de Santiago", "PROVINCIA": "Santiago", "COMUNA2": "San Miguel", "Direccion": "GRAN AVDA JOSE MIGUEL CARRERA 5617, San Miguel", "Año": 2024, "Cantidad_d": 1, "Fallecidos": 0, "Lesionados": 0, "Lesionad_1": 0, "Lesionad_2": 0, "Total_lesi": 0, "Latitud": -33.505303, "Longitud": -70.655792 }, "geometry": { "type": "Point", "coordinates": [ -70.655792134400002, -33.505302916631102 ] } },
{ "type": "Feature", "properties": { "FID": 37681, "REGION": "Metropolitana de Santiago", "PROVINCIA": "Santiago", "COMUNA2": "San Miguel", "Direccion": "GRAN AVDA JOSE MIGUEL CARRERA 5681, San Miguel", "Año": 2024, "Cantidad_d": 1, "Fallecidos": 0, "Lesionados": 0, "Lesionad_1": 0, "Lesionad_2": 0, "Total_lesi": 0, "Latitud": -33.506271, "Longitud": -70.655982 }, "geometry": { "type": "Point", "coordinates": [ -70.655982496700005, -33.506270704431103 ] } },
{ "type": "Feature", "properties": { "FID": 37682, "REGION": "Metropolitana de Santiago", "PROVINCIA": "Santiago", "COMUNA2": "San Miguel", "Direccion": "GRAN AVDA JOSE MIGUEL CARRERA 5998, San Miguel", "Año": 2024, "Cantidad_d": 1, "Fallecidos": 0, "Lesionados": 0, "Lesionad_1": 0, "Lesionad_2": 0, "Total_lesi": 0, "Latitud": -33.509971, "Longitud": -70.656645 }, "geometry": { "type": "Point", "coordinates": [ -70.656644516200004, -33.509971140731103 ] } },
{ "type": "Feature", "properties": { "FID": 37683, "REGION": "Metropolitana de Santiago", "PROVINCIA": "Santiago", "COMUNA2": "San Miguel", "Direccion": "GRAN AVDA JOSE MIGUEL CARRERA 6035, San Miguel", "Año": 2024, "Cantidad_d": 1, "Fallecidos": 0, "Lesionados": 0, "Lesionad_1": 0, "Lesionad_2": 0, "Total_lesi": 0, "Latitud": -33.510145, "Longitud": -70.657036 }, "geometry": { "type": "Point", "coordinates": [ -70.657036427500003, -33.510145064630997 ] } },
{ "type": "Feature", "properties": { "FID": 37684, "REGION": "Metropolitana de Santiago", "PROVINCIA": "Santiago", "COMUNA2": "San Miguel", "Direccion": "GRAN AVDA JOSE MIGUEL CARRERA 6060, San Miguel", "Año": 2024, "Cantidad_d": 2, "Fallecidos": 0, "Lesionados": 0, "Lesionad_1": 0, "Lesionad_2": 0, "Total_lesi": 0, "Latitud": -33.51034, "Longitud": -70.656072 }, "geometry": { "type": "Point", "coordinates": [ -70.656072252300007, -33.510339566730998 ] } },
{ "type": "Feature", "properties": { "FID": 37685, "REGION": "Metropolitana de Santiago", "PROVINCIA": "Santiago", "COMUNA2": "San Miguel", "Direccion": "GRAN AVDA JOSE MIGUEL CARRERA 6150, San Miguel", "Año": 2024, "Cantidad_d": 2, "Fallecidos": 0, "Lesionados": 0, "Lesionad_1": 0, "Lesionad_2": 0, "Total_lesi": 0, "Latitud": -33.512086, "Longitud": -70.657233 }, "geometry": { "type": "Point", "coordinates": [ -70.657233294299999, -33.512086265831002 ] } },
{ "type": "Feature", "properties": { "FID": 37686, "REGION": "Metropolitana de Santiago", "PROVINCIA": "Santiago", "COMUNA2": "San Miguel", "Direccion": "GRAN AVDA JOSE MIGUEL CARRERA 97, San Miguel", "Año": 2024, "Cantidad_d": 1, "Fallecidos": 0, "Lesionados": 0, "Lesionad_1": 0, "Lesionad_2": 0, "Total_lesi": 0, "Latitud": -33.485862, "Longitud": -70.650086 }, "geometry": { "type": "Point", "coordinates": [ -70.650086116799997, -33.485861931731399 ] } },
{ "type": "Feature", "properties": { "FID": 37687, "REGION": "Metropolitana de Santiago", "PROVINCIA": "Santiago", "COMUNA2": "San Miguel", "Direccion": "GUARD RIQUELME & VENTURA BLANCO VIEL, San Miguel", "Año": 2024, "Cantidad_d": 1, "Fallecidos": 0, "Lesionados": 0, "Lesionad_1": 0, "Lesionad_2": 0, "Total_lesi": 0, "Latitud": -33.495445, "Longitud": -70.657113 }, "geometry": { "type": "Point", "coordinates": [ -70.657113, -33.495444999131202 ] } },
{ "type": "Feature", "properties": { "FID": 37688, "REGION": "Metropolitana de Santiago", "PROVINCIA": "Santiago", "COMUNA2": "San Miguel", "Direccion": "ISABEL RIQUELME & SAN IGNACIO DE LOYOLA, San Miguel", "Año": 2024, "Cantidad_d": 3, "Fallecidos": 0, "Lesionados": 0, "Lesionad_1": 0, "Lesionad_2": 1, "Total_lesi": 1, "Latitud": -33.476951, "Longitud": -70.654 }, "geometry": { "type": "Point", "coordinates": [ -70.654, -33.476950999131503 ] } },
{ "type": "Feature", "properties": { "FID": 37689, "REGION": "Metropolitana de Santiago", "PROVINCIA": "Santiago", "COMUNA2": "San Miguel", "Direccion": "ISABEL RIQUELME & STA ROSA, San Miguel", "Año": 2024, "Cantidad_d": 1, "Fallecidos": 0, "Lesionados": 0, "Lesionad_1": 0, "Lesionad_2": 0, "Total_lesi": 0, "Latitud": -33.477654, "Longitud": -70.642208 }, "geometry": { "type": "Point", "coordinates": [ -70.642208, -33.477653999131498 ] } },
{ "type": "Feature", "properties": { "FID": 37690, "REGION": "Metropolitana de Santiago", "PROVINCIA": "Santiago", "COMUNA2": "San Miguel", "Direccion": "JOSE JOAQUIN PRIETO VIAL & LO OVALLE, San Miguel", "Año": 2024, "Cantidad_d": 1, "Fallecidos": 0, "Lesionados": 0, "Lesionad_1": 0, "Lesionad_2": 1, "Total_lesi": 1, "Latitud": -33.510793, "Longitud": -70.670791 }, "geometry": { "type": "Point", "coordinates": [ -70.670791, -33.510792999130999 ] } },
{ "type": "Feature", "properties": { "FID": 37691, "REGION": "Metropolitana de Santiago", "PROVINCIA": "Santiago", "COMUNA2": "San Miguel", "Direccion": "JOSE JOAQUIN PRIETO VIAL & MAGDALENA VICUNA, San Miguel", "Año": 2024, "Cantidad_d": 1, "Fallecidos": 0, "Lesionados": 0, "Lesionad_1": 0, "Lesionad_2": 0, "Total_lesi": 0, "Latitud": -33.479768, "Longitud": -70.656209 }, "geometry": { "type": "Point", "coordinates": [ -70.656209, -33.479767999131397 ] } },
{ "type": "Feature", "properties": { "FID": 37692, "REGION": "Metropolitana de Santiago", "PROVINCIA": "Santiago", "COMUNA2": "San Miguel", "Direccion": "JOSE JOAQUIN PRIETO VIAL & PRIMERA AVENIDA, San Miguel", "Año": 2024, "Cantidad_d": 1, "Fallecidos": 0, "Lesionados": 0, "Lesionad_1": 0, "Lesionad_2": 0, "Total_lesi": 0, "Latitud": -33.501322, "Longitud": -70.666375 }, "geometry": { "type": "Point", "coordinates": [ -70.666375, -33.5013219991312 ] } },
{ "type": "Feature", "properties": { "FID": 37693, "REGION": "Metropolitana de Santiago", "PROVINCIA": "Santiago", "COMUNA2": "San Miguel", "Direccion": "JOSE JOAQUIN PRIETO VIAL & SALESIANOS, San Miguel", "Año": 2024, "Cantidad_d": 7, "Fallecidos": 0, "Lesionados": 0, "Lesionad_1": 0, "Lesionad_2": 1, "Total_lesi": 1, "Latitud": -33.489913, "Longitud": -70.661006 }, "geometry": { "type": "Point", "coordinates": [ -70.661006, -33.489912999131299 ] } },
{ "type": "Feature", "properties": { "FID": 37694, "REGION": "Metropolitana de Santiago", "PROVINCIA": "Santiago", "COMUNA2": "San Miguel", "Direccion": "JOSE JOAQUIN PRIETO VIAL & SOTO AGUILAR, San Miguel", "Año": 2024, "Cantidad_d": 1, "Fallecidos": 0, "Lesionados": 0, "Lesionad_1": 0, "Lesionad_2": 0, "Total_lesi": 0, "Latitud": -33.48551, "Longitud": -70.659439 }, "geometry": { "type": "Point", "coordinates": [ -70.659439, -33.485509999131402 ] } },
{ "type": "Feature", "properties": { "FID": 37695, "REGION": "Metropolitana de Santiago", "PROVINCIA": "Santiago", "COMUNA2": "San Miguel", "Direccion": "JOSE JOAQUIN PRIETO VIAL & TERESA VIAL, San Miguel", "Año": 2024, "Cantidad_d": 6, "Fallecidos": 0, "Lesionados": 0, "Lesionad_1": 0, "Lesionad_2": 0, "Total_lesi": 0, "Latitud": -33.49122, "Longitud": -70.662113 }, "geometry": { "type": "Point", "coordinates": [ -70.662113, -33.491219999131303 ] } },
{ "type": "Feature", "properties": { "FID": 37696, "REGION": "Metropolitana de Santiago", "PROVINCIA": "Santiago", "COMUNA2": "San Miguel", "Direccion": "JOSE JOAQUIN PRIETO VIAL 4278, San Miguel", "Año": 2024, "Cantidad_d": 1, "Fallecidos": 0, "Lesionados": 0, "Lesionad_1": 0, "Lesionad_2": 0, "Total_lesi": 0, "Latitud": -33.491038, "Longitud": -70.661483 }, "geometry": { "type": "Point", "coordinates": [ -70.661483206499994, -33.491038108531299 ] } },
{ "type": "Feature", "properties": { "FID": 37697, "REGION": "Metropolitana de Santiago", "PROVINCIA": "Santiago", "COMUNA2": "San Miguel", "Direccion": "JOSE JOAQUIN VALLEJOS & LLANO SUBERCASEAUX, San Miguel", "Año": 2024, "Cantidad_d": 2, "Fallecidos": 0, "Lesionados": 0, "Lesionad_1": 0, "Lesionad_2": 0, "Total_lesi": 0, "Latitud": -33.482529, "Longitud": -70.649701 }, "geometry": { "type": "Point", "coordinates": [ -70.649701, -33.482528999131397 ] } },
{ "type": "Feature", "properties": { "FID": 37698, "REGION": "Metropolitana de Santiago", "PROVINCIA": "Santiago", "COMUNA2": "San Miguel", "Direccion": "JOSE JOAQUIN VALLEJOS & RAMON BARROS LUCO, San Miguel", "Año": 2024, "Cantidad_d": 2, "Fallecidos": 0, "Lesionados": 0, "Lesionad_1": 0, "Lesionad_2": 0, "Total_lesi": 0, "Latitud": -33.481399, "Longitud": -70.655488 }, "geometry": { "type": "Point", "coordinates": [ -70.655488, -33.4813989991314 ] } },
{ "type": "Feature", "properties": { "FID": 37699, "REGION": "Metropolitana de Santiago", "PROVINCIA": "Santiago", "COMUNA2": "San Miguel", "Direccion": "JOSE JOAQUIN VALLEJOS 1233, San Miguel", "Año": 2024, "Cantidad_d": 1, "Fallecidos": 0, "Lesionados": 0, "Lesionad_1": 0, "Lesionad_2": 0, "Total_lesi": 0, "Latitud": -33.482421, "Longitud": -70.650291 }, "geometry": { "type": "Point", "coordinates": [ -70.650290954, -33.482421446131397 ] } },
{ "type": "Feature", "properties": { "FID": 37700, "REGION": "Metropolitana de Santiago", "PROVINCIA": "Santiago", "COMUNA2": "San Miguel", "Direccion": "JOSE JOAQUIN VALLEJOS 1508, San Miguel", "Año": 2024, "Cantidad_d": 1, "Fallecidos": 0, "Lesionados": 0, "Lesionad_1": 0, "Lesionad_2": 0, "Total_lesi": 0, "Latitud": -33.481733, "Longitud": -70.654745 }, "geometry": { "type": "Point", "coordinates": [ -70.654745462600005, -33.481732973331397 ] } },
{ "type": "Feature", "properties": { "FID": 37701, "REGION": "Metropolitana de Santiago", "PROVINCIA": "Santiago", "COMUNA2": "San Miguel", "Direccion": "LA MARINA 1400, San Miguel", "Año": 2024, "Cantidad_d": 1, "Fallecidos": 0, "Lesionados": 0, "Lesionad_1": 0, "Lesionad_2": 0, "Total_lesi": 0, "Latitud": -33.496048, "Longitud": -70.660185 }, "geometry": { "type": "Point", "coordinates": [ -70.660185118499996, -33.496047565731203 ] } },
{ "type": "Feature", "properties": { "FID": 37702, "REGION": "Metropolitana de Santiago", "PROVINCIA": "Santiago", "COMUNA2": "San Miguel", "Direccion": "LAZO & SAN JERONIMO, San Miguel", "Año": 2024, "Cantidad_d": 2, "Fallecidos": 0, "Lesionados": 0, "Lesionad_1": 0, "Lesionad_2": 0, "Total_lesi": 0, "Latitud": -33.500709, "Longitud": -70.657141 }, "geometry": { "type": "Point", "coordinates": [ -70.657141, -33.500708999131199 ] } },
{ "type": "Feature", "properties": { "FID": 37703, "REGION": "Metropolitana de Santiago", "PROVINCIA": "Santiago", "COMUNA2": "San Miguel", "Direccion": "LLANO SUBERCASEAUX & MAGDALENA VICUNA, San Miguel", "Año": 2024, "Cantidad_d": 2, "Fallecidos": 0, "Lesionados": 0, "Lesionad_1": 0, "Lesionad_2": 0, "Total_lesi": 0, "Latitud": -33.480816, "Longitud": -70.649195 }, "geometry": { "type": "Point", "coordinates": [ -70.649195, -33.480815999131401 ] } },
{ "type": "Feature", "properties": { "FID": 37704, "REGION": "Metropolitana de Santiago", "PROVINCIA": "Santiago", "COMUNA2": "San Miguel", "Direccion": "LLANO SUBERCASEAUX & SALESIANOS, San Miguel", "Año": 2024, "Cantidad_d": 1, "Fallecidos": 0, "Lesionados": 0, "Lesionad_1": 0, "Lesionad_2": 0, "Total_lesi": 0, "Latitud": -33.49215, "Longitud": -70.652377 }, "geometry": { "type": "Point", "coordinates": [ -70.6523769999, -33.492149999231302 ] } },
{ "type": "Feature", "properties": { "FID": 37705, "REGION": "Metropolitana de Santiago", "PROVINCIA": "Santiago", "COMUNA2": "San Miguel", "Direccion": "LLANO SUBERCASEAUX 3519, San Miguel", "Año": 2024, "Cantidad_d": 4, "Fallecidos": 0, "Lesionados": 0, "Lesionad_1": 0, "Lesionad_2": 0, "Total_lesi": 0, "Latitud": -33.486632, "Longitud": -70.650813 }, "geometry": { "type": "Point", "coordinates": [ -70.650813129100001, -33.486632331431302 ] } },
{ "type": "Feature", "properties": { "FID": 37706, "REGION": "Metropolitana de Santiago", "PROVINCIA": "Santiago", "COMUNA2": "San Miguel", "Direccion": "LLICO & STA ROSA, San Miguel", "Año": 2024, "Cantidad_d": 2, "Fallecidos": 0, "Lesionados": 0, "Lesionad_1": 0, "Lesionad_2": 0, "Total_lesi": 0, "Latitud": -33.505532, "Longitud": -70.638614 }, "geometry": { "type": "Point", "coordinates": [ -70.638614, -33.505531999131101 ] } },
{ "type": "Feature", "properties": { "FID": 37707, "REGION": "Metropolitana de Santiago", "PROVINCIA": "Santiago", "COMUNA2": "San Miguel", "Direccion": "LLICO 1067, San Miguel", "Año": 2024, "Cantidad_d": 1, "Fallecidos": 0, "Lesionados": 0, "Lesionad_1": 0, "Lesionad_2": 0, "Total_lesi": 0, "Latitud": -33.502347, "Longitud": -70.653414 }, "geometry": { "type": "Point", "coordinates": [ -70.6534144381, -33.502347348331199 ] } },
{ "type": "Feature", "properties": { "FID": 37708, "REGION": "Metropolitana de Santiago", "PROVINCIA": "Santiago", "COMUNA2": "San Miguel", "Direccion": "LLICO 580, San Miguel", "Año": 2024, "Cantidad_d": 1, "Fallecidos": 0, "Lesionados": 0, "Lesionad_1": 0, "Lesionad_2": 0, "Total_lesi": 0, "Latitud": -33.504991, "Longitud": -70.643307 }, "geometry": { "type": "Point", "coordinates": [ -70.643306542700003, -33.5049908234311 ] } },
{ "type": "Feature", "properties": { "FID": 37709, "REGION": "Metropolitana de Santiago", "PROVINCIA": "Santiago", "COMUNA2": "San Miguel", "Direccion": "LO OVALLE & NICOLAS GORAB, San Miguel", "Año": 2024, "Cantidad_d": 1, "Fallecidos": 0, "Lesionados": 0, "Lesionad_1": 0, "Lesionad_2": 1, "Total_lesi": 1, "Latitud": -33.512253, "Longitud": -70.666056 }, "geometry": { "type": "Point", "coordinates": [ -70.666056, -33.512252999131 ] } },
{ "type": "Feature", "properties": { "FID": 37710, "REGION": "Metropolitana de Santiago", "PROVINCIA": "Santiago", "COMUNA2": "San Miguel", "Direccion": "LO OVALLE & SAN FRANCISCO, San Miguel", "Año": 2024, "Cantidad_d": 1, "Fallecidos": 0, "Lesionados": 0, "Lesionad_1": 0, "Lesionad_2": 0, "Total_lesi": 0, "Latitud": -33.517331, "Longitud": -70.644629 }, "geometry": { "type": "Point", "coordinates": [ -70.644628999600002, -33.517330999130998 ] } },
{ "type": "Feature", "properties": { "FID": 37711, "REGION": "Metropolitana de Santiago", "PROVINCIA": "Santiago", "COMUNA2": "San Miguel", "Direccion": "LO OVALLE & SEGUNDA TRANSVERSAL, San Miguel", "Año": 2024, "Cantidad_d": 1, "Fallecidos": 0, "Lesionados": 0, "Lesionad_1": 0, "Lesionad_2": 0, "Total_lesi": 0, "Latitud": -33.513224, "Longitud": -70.663005 }, "geometry": { "type": "Point", "coordinates": [ -70.663005, -33.513223999131 ] } },
{ "type": "Feature", "properties": { "FID": 37712, "REGION": "Metropolitana de Santiago", "PROVINCIA": "Santiago", "COMUNA2": "San Miguel", "Direccion": "LO OVALLE & TERCERA TRANSVERSAL, San Miguel", "Año": 2024, "Cantidad_d": 1, "Fallecidos": 0, "Lesionados": 0, "Lesionad_1": 0, "Lesionad_2": 0, "Total_lesi": 0, "Latitud": -33.512601, "Longitud": -70.664958 }, "geometry": { "type": "Point", "coordinates": [ -70.6649579, -33.512601299130999 ] } },
{ "type": "Feature", "properties": { "FID": 37713, "REGION": "Metropolitana de Santiago", "PROVINCIA": "Santiago", "COMUNA2": "San Miguel", "Direccion": "MARIA AUXILIADORA & STA ROSA, San Miguel", "Año": 2024, "Cantidad_d": 4, "Fallecidos": 0, "Lesionados": 0, "Lesionad_1": 0, "Lesionad_2": 0, "Total_lesi": 0, "Latitud": -33.489673, "Longitud": -70.64075 }, "geometry": { "type": "Point", "coordinates": [ -70.64075, -33.489672999131301 ] } },
{ "type": "Feature", "properties": { "FID": 37714, "REGION": "Metropolitana de Santiago", "PROVINCIA": "Santiago", "COMUNA2": "San Miguel", "Direccion": "MICHELSON & STA ROSA, San Miguel", "Año": 2024, "Cantidad_d": 1, "Fallecidos": 0, "Lesionados": 0, "Lesionad_1": 0, "Lesionad_2": 0, "Total_lesi": 0, "Latitud": -33.49678, "Longitud": -70.639826 }, "geometry": { "type": "Point", "coordinates": [ -70.639826, -33.496779999131199 ] } },
{ "type": "Feature", "properties": { "FID": 37715, "REGION": "Metropolitana de Santiago", "PROVINCIA": "Santiago", "COMUNA2": "San Miguel", "Direccion": "MIGUEL LEON PRADO & RIO DE JANEIRO, San Miguel", "Año": 2024, "Cantidad_d": 1, "Fallecidos": 0, "Lesionados": 0, "Lesionad_1": 0, "Lesionad_2": 0, "Total_lesi": 0, "Latitud": -33.492321, "Longitud": -70.651769 }, "geometry": { "type": "Point", "coordinates": [ -70.651769, -33.492320999131302 ] } },
{ "type": "Feature", "properties": { "FID": 37716, "REGION": "Metropolitana de Santiago", "PROVINCIA": "Santiago", "COMUNA2": "San Miguel", "Direccion": "MIGUEL LEON PRADO & STA CLARA, San Miguel", "Año": 2024, "Cantidad_d": 2, "Fallecidos": 0, "Lesionados": 0, "Lesionad_1": 0, "Lesionad_2": 1, "Total_lesi": 1, "Latitud": -33.507106, "Longitud": -70.644615 }, "geometry": { "type": "Point", "coordinates": [ -70.644615, -33.507105999131099 ] } },
{ "type": "Feature", "properties": { "FID": 37717, "REGION": "Metropolitana de Santiago", "PROVINCIA": "Santiago", "COMUNA2": "San Miguel", "Direccion": "MONJA ALFEREZ & PSJE O, San Miguel", "Año": 2024, "Cantidad_d": 1, "Fallecidos": 0, "Lesionados": 0, "Lesionad_1": 0, "Lesionad_2": 0, "Total_lesi": 0, "Latitud": -33.498606, "Longitud": -70.662413 }, "geometry": { "type": "Point", "coordinates": [ -70.662413, -33.4986059991312 ] } },
{ "type": "Feature", "properties": { "FID": 37718, "REGION": "Metropolitana de Santiago", "PROVINCIA": "Santiago", "COMUNA2": "San Miguel", "Direccion": "MONJA ALFEREZ & REAL AUDIENCIA, San Miguel", "Año": 2024, "Cantidad_d": 1, "Fallecidos": 0, "Lesionados": 0, "Lesionad_1": 0, "Lesionad_2": 0, "Total_lesi": 0, "Latitud": -33.493633, "Longitud": -70.660904 }, "geometry": { "type": "Point", "coordinates": [ -70.660904, -33.4936329991313 ] } },
{ "type": "Feature", "properties": { "FID": 37719, "REGION": "Metropolitana de Santiago", "PROVINCIA": "Santiago", "COMUNA2": "San Miguel", "Direccion": "MONJA ALFEREZ & SAN NICOLAS, San Miguel", "Año": 2024, "Cantidad_d": 1, "Fallecidos": 0, "Lesionados": 0, "Lesionad_1": 0, "Lesionad_2": 0, "Total_lesi": 0, "Latitud": -33.496712, "Longitud": -70.662236 }, "geometry": { "type": "Point", "coordinates": [ -70.662236, -33.4967119991312 ] } },
{ "type": "Feature", "properties": { "FID": 37720, "REGION": "Metropolitana de Santiago", "PROVINCIA": "Santiago", "COMUNA2": "San Miguel", "Direccion": "MONJA ALFEREZ 4515, San Miguel", "Año": 2024, "Cantidad_d": 1, "Fallecidos": 0, "Lesionados": 0, "Lesionad_1": 0, "Lesionad_2": 0, "Total_lesi": 0, "Latitud": -33.493473, "Longitud": -70.660809 }, "geometry": { "type": "Point", "coordinates": [ -70.660809294100005, -33.4934731405313 ] } },
{ "type": "Feature", "properties": { "FID": 37721, "REGION": "Metropolitana de Santiago", "PROVINCIA": "Santiago", "COMUNA2": "San Miguel", "Direccion": "MONTREAL & STA ESTER, San Miguel", "Año": 2024, "Cantidad_d": 1, "Fallecidos": 0, "Lesionados": 0, "Lesionad_1": 0, "Lesionad_2": 0, "Total_lesi": 0, "Latitud": -33.492321, "Longitud": -70.651769 }, "geometry": { "type": "Point", "coordinates": [ -70.651769, -33.492320999131302 ] } },
{ "type": "Feature", "properties": { "FID": 37722, "REGION": "Metropolitana de Santiago", "PROVINCIA": "Santiago", "COMUNA2": "San Miguel", "Direccion": "MOSCU 6219, San Miguel", "Año": 2024, "Cantidad_d": 1, "Fallecidos": 0, "Lesionados": 0, "Lesionad_1": 0, "Lesionad_2": 0, "Total_lesi": 0, "Latitud": -33.51567, "Longitud": -70.64034 }, "geometry": { "type": "Point", "coordinates": [ -70.640339509, -33.515669570431001 ] } },
{ "type": "Feature", "properties": { "FID": 37723, "REGION": "Metropolitana de Santiago", "PROVINCIA": "Santiago", "COMUNA2": "San Miguel", "Direccion": "MURCIA 4242, San Miguel", "Año": 2024, "Cantidad_d": 1, "Fallecidos": 0, "Lesionados": 0, "Lesionad_1": 0, "Lesionad_2": 0, "Total_lesi": 0, "Latitud": -33.494784, "Longitud": -70.6425 }, "geometry": { "type": "Point", "coordinates": [ -70.642500361800003, -33.4947844573312 ] } },
{ "type": "Feature", "properties": { "FID": 37724, "REGION": "Metropolitana de Santiago", "PROVINCIA": "Santiago", "COMUNA2": "San Miguel", "Direccion": "OCTAVA AVENIDA & SEGUNDA TRANSVERSAL, San Miguel", "Año": 2024, "Cantidad_d": 1, "Fallecidos": 0, "Lesionados": 0, "Lesionad_1": 0, "Lesionad_2": 0, "Total_lesi": 0, "Latitud": -33.510274, "Longitud": -70.661677 }, "geometry": { "type": "Point", "coordinates": [ -70.661677, -33.510273999131101 ] } },
{ "type": "Feature", "properties": { "FID": 37725, "REGION": "Metropolitana de Santiago", "PROVINCIA": "Santiago", "COMUNA2": "San Miguel", "Direccion": "OCTAVA AVENIDA 1358, San Miguel", "Año": 2024, "Cantidad_d": 1, "Fallecidos": 0, "Lesionados": 0, "Lesionad_1": 0, "Lesionad_2": 0, "Total_lesi": 0, "Latitud": -33.509933, "Longitud": -70.662859 }, "geometry": { "type": "Point", "coordinates": [ -70.662858620099996, -33.509933021431102 ] } },
{ "type": "Feature", "properties": { "FID": 37726, "REGION": "Metropolitana de Santiago", "PROVINCIA": "Santiago", "COMUNA2": "San Miguel", "Direccion": "PDTE JORGE ALESSANDRI RODRIGUEZ & SALESIANOS, San Miguel", "Año": 2024, "Cantidad_d": 4, "Fallecidos": 0, "Lesionados": 0, "Lesionad_1": 0, "Lesionad_2": 0, "Total_lesi": 0, "Latitud": -33.489889, "Longitud": -70.661481 }, "geometry": { "type": "Point", "coordinates": [ -70.661481, -33.489888999131303 ] } },
{ "type": "Feature", "properties": { "FID": 37727, "REGION": "Metropolitana de Santiago", "PROVINCIA": "Santiago", "COMUNA2": "San Miguel", "Direccion": "PDTE JORGE ALESSANDRI RODRIGUEZ & SAN NICOLAS, San Miguel", "Año": 2024, "Cantidad_d": 1, "Fallecidos": 0, "Lesionados": 0, "Lesionad_1": 0, "Lesionad_2": 0, "Total_lesi": 0, "Latitud": -33.577167, "Longitud": -70.712769 }, "geometry": { "type": "Point", "coordinates": [ -70.7127695, -33.577166899130198 ] } },
{ "type": "Feature", "properties": { "FID": 37728, "REGION": "Metropolitana de Santiago", "PROVINCIA": "Santiago", "COMUNA2": "San Miguel", "Direccion": "PDTE JORGE ALESSANDRI RODRIGUEZ & TERCERA AVENIDA, San Miguel", "Año": 2024, "Cantidad_d": 1, "Fallecidos": 1, "Lesionados": 0, "Lesionad_1": 0, "Lesionad_2": 0, "Total_lesi": 0, "Latitud": -33.504789, "Longitud": -70.661595 }, "geometry": { "type": "Point", "coordinates": [ -70.661595, -33.504788999131101 ] } },
{ "type": "Feature", "properties": { "FID": 37729, "REGION": "Metropolitana de Santiago", "PROVINCIA": "Santiago", "COMUNA2": "San Miguel", "Direccion": "PDTE JORGE ALESSANDRI RODRIGUEZ & TERESA VIAL, San Miguel", "Año": 2024, "Cantidad_d": 2, "Fallecidos": 0, "Lesionados": 0, "Lesionad_1": 0, "Lesionad_2": 0, "Total_lesi": 0, "Latitud": -33.492221, "Longitud": -70.658085 }, "geometry": { "type": "Point", "coordinates": [ -70.658085, -33.492221499131297 ] } },
{ "type": "Feature", "properties": { "FID": 37730, "REGION": "Metropolitana de Santiago", "PROVINCIA": "Santiago", "COMUNA2": "San Miguel", "Direccion": "PDTE JORGE ALESSANDRI RODRIGUEZ 2669, San Miguel", "Año": 2024, "Cantidad_d": 1, "Fallecidos": 0, "Lesionados": 1, "Lesionad_1": 0, "Lesionad_2": 0, "Total_lesi": 1, "Latitud": -33.49232, "Longitud": -70.651769 }, "geometry": { "type": "Point", "coordinates": [ -70.651768701, -33.4923198846313 ] } },
{ "type": "Feature", "properties": { "FID": 37731, "REGION": "Metropolitana de Santiago", "PROVINCIA": "Santiago", "COMUNA2": "San Miguel", "Direccion": "PDTE JORGE ALESSANDRI RODRIGUEZ 4800, San Miguel", "Año": 2024, "Cantidad_d": 1, "Fallecidos": 0, "Lesionados": 0, "Lesionad_1": 0, "Lesionad_2": 0, "Total_lesi": 0, "Latitud": -33.538356, "Longitud": -70.68402 }, "geometry": { "type": "Point", "coordinates": [ -70.684019938600002, -33.538355677230697 ] } },
{ "type": "Feature", "properties": { "FID": 37732, "REGION": "Metropolitana de Santiago", "PROVINCIA": "Santiago", "COMUNA2": "San Miguel", "Direccion": "PIRAMIDE & STA ROSA, San Miguel", "Año": 2024, "Cantidad_d": 2, "Fallecidos": 0, "Lesionados": 0, "Lesionad_1": 0, "Lesionad_2": 0, "Total_lesi": 0, "Latitud": -33.504001, "Longitud": -70.639046 }, "geometry": { "type": "Point", "coordinates": [ -70.639046, -33.504000999131101 ] } },
{ "type": "Feature", "properties": { "FID": 37733, "REGION": "Metropolitana de Santiago", "PROVINCIA": "Santiago", "COMUNA2": "San Miguel", "Direccion": "PRIMERA TRANSVERSAL & QUINTA AVENIDA, San Miguel", "Año": 2024, "Cantidad_d": 1, "Fallecidos": 0, "Lesionados": 0, "Lesionad_1": 0, "Lesionad_2": 0, "Total_lesi": 0, "Latitud": -33.507836, "Longitud": -70.658856 }, "geometry": { "type": "Point", "coordinates": [ -70.6588563, -33.507836199131098 ] } },
{ "type": "Feature", "properties": { "FID": 37734, "REGION": "Metropolitana de Santiago", "PROVINCIA": "Santiago", "COMUNA2": "San Miguel", "Direccion": "PRIMERA TRANSVERSAL & SEXTA AVENIDA, San Miguel", "Año": 2024, "Cantidad_d": 1, "Fallecidos": 0, "Lesionados": 0, "Lesionad_1": 0, "Lesionad_2": 0, "Total_lesi": 0, "Latitud": -33.508771, "Longitud": -70.65925 }, "geometry": { "type": "Point", "coordinates": [ -70.65925, -33.508770999131102 ] } },
{ "type": "Feature", "properties": { "FID": 37735, "REGION": "Metropolitana de Santiago", "PROVINCIA": "Santiago", "COMUNA2": "San Miguel", "Direccion": "PRIMERA TRANSVERSAL 5426, San Miguel", "Año": 2024, "Cantidad_d": 1, "Fallecidos": 0, "Lesionados": 0, "Lesionad_1": 0, "Lesionad_2": 0, "Total_lesi": 0, "Latitud": -33.503239, "Longitud": -70.656821 }, "geometry": { "type": "Point", "coordinates": [ -70.6568212663, -33.5032394128311 ] } },
{ "type": "Feature", "properties": { "FID": 37736, "REGION": "Metropolitana de Santiago", "PROVINCIA": "Santiago", "COMUNA2": "San Miguel", "Direccion": "PRIMERA TRANSVERSAL 6143, San Miguel", "Año": 2024, "Cantidad_d": 1, "Fallecidos": 0, "Lesionados": 0, "Lesionad_1": 0, "Lesionad_2": 0, "Total_lesi": 0, "Latitud": -33.510048, "Longitud": -70.660397 }, "geometry": { "type": "Point", "coordinates": [ -70.660396909699998, -33.510047615830999 ] } },
{ "type": "Feature", "properties": { "FID": 37737, "REGION": "Metropolitana de Santiago", "PROVINCIA": "Santiago", "COMUNA2": "San Miguel", "Direccion": "QUINTA AVENIDA & SEPTIMA AVENIDA, San Miguel", "Año": 2024, "Cantidad_d": 1, "Fallecidos": 0, "Lesionados": 0, "Lesionad_1": 0, "Lesionad_2": 1, "Total_lesi": 1, "Latitud": -33.508836, "Longitud": -70.662844 }, "geometry": { "type": "Point", "coordinates": [ -70.662844, -33.508835999131101 ] } },
{ "type": "Feature", "properties": { "FID": 37738, "REGION": "Metropolitana de Santiago", "PROVINCIA": "Santiago", "COMUNA2": "San Miguel", "Direccion": "QUINTA AVENIDA & TERCERA TRANSVERSAL, San Miguel", "Año": 2024, "Cantidad_d": 1, "Fallecidos": 0, "Lesionados": 0, "Lesionad_1": 0, "Lesionad_2": 0, "Total_lesi": 0, "Latitud": -33.506763, "Longitud": -70.662426 }, "geometry": { "type": "Point", "coordinates": [ -70.662426, -33.506762999131098 ] } },
{ "type": "Feature", "properties": { "FID": 37739, "REGION": "Metropolitana de Santiago", "PROVINCIA": "Santiago", "COMUNA2": "San Miguel", "Direccion": "RAMON BARROS LUCO 3151, San Miguel", "Año": 2024, "Cantidad_d": 1, "Fallecidos": 0, "Lesionados": 0, "Lesionad_1": 0, "Lesionad_2": 0, "Total_lesi": 0, "Latitud": -33.482417, "Longitud": -70.656327 }, "geometry": { "type": "Point", "coordinates": [ -70.656327293, -33.482416965231401 ] } },
{ "type": "Feature", "properties": { "FID": 37740, "REGION": "Metropolitana de Santiago", "PROVINCIA": "Santiago", "COMUNA2": "San Miguel", "Direccion": "RAMON SUBERCASEAUX & SAN IGNACIO DE LOYOLA, San Miguel", "Año": 2024, "Cantidad_d": 1, "Fallecidos": 0, "Lesionados": 0, "Lesionad_1": 0, "Lesionad_2": 0, "Total_lesi": 0, "Latitud": -33.483964, "Longitud": -70.654954 }, "geometry": { "type": "Point", "coordinates": [ -70.654954, -33.483963999131397 ] } },
{ "type": "Feature", "properties": { "FID": 37741, "REGION": "Metropolitana de Santiago", "PROVINCIA": "Santiago", "COMUNA2": "San Miguel", "Direccion": "RAMON SUBERCASEAUX 1273, San Miguel", "Año": 2024, "Cantidad_d": 1, "Fallecidos": 0, "Lesionados": 0, "Lesionad_1": 0, "Lesionad_2": 0, "Total_lesi": 0, "Latitud": -33.484918, "Longitud": -70.651753 }, "geometry": { "type": "Point", "coordinates": [ -70.651753188, -33.484918040031403 ] } },
{ "type": "Feature", "properties": { "FID": 37742, "REGION": "Metropolitana de Santiago", "PROVINCIA": "Santiago", "COMUNA2": "San Miguel", "Direccion": "RAMON SUBERCASEAUX 1283, San Miguel", "Año": 2024, "Cantidad_d": 1, "Fallecidos": 0, "Lesionados": 0, "Lesionad_1": 0, "Lesionad_2": 0, "Total_lesi": 0, "Latitud": -33.484833, "Longitud": -70.652177 }, "geometry": { "type": "Point", "coordinates": [ -70.652176716300005, -33.4848332106314 ] } },
{ "type": "Feature", "properties": { "FID": 37743, "REGION": "Metropolitana de Santiago", "PROVINCIA": "Santiago", "COMUNA2": "San Miguel", "Direccion": "RAMON SUBERCASEAUX 1432, San Miguel", "Año": 2024, "Cantidad_d": 1, "Fallecidos": 0, "Lesionados": 0, "Lesionad_1": 0, "Lesionad_2": 0, "Total_lesi": 0, "Latitud": -33.484504, "Longitud": -70.654129 }, "geometry": { "type": "Point", "coordinates": [ -70.654128752600002, -33.484504258631397 ] } },
{ "type": "Feature", "properties": { "FID": 37744, "REGION": "Metropolitana de Santiago", "PROVINCIA": "Santiago", "COMUNA2": "San Miguel", "Direccion": "REAL AUDIENCIA & SAN IGNACIO DE LOYOLA, San Miguel", "Año": 2024, "Cantidad_d": 1, "Fallecidos": 0, "Lesionados": 0, "Lesionad_1": 0, "Lesionad_2": 0, "Total_lesi": 0, "Latitud": -33.494063, "Longitud": -70.658243 }, "geometry": { "type": "Point", "coordinates": [ -70.658243, -33.494062999131302 ] } },
{ "type": "Feature", "properties": { "FID": 37745, "REGION": "Metropolitana de Santiago", "PROVINCIA": "Santiago", "COMUNA2": "San Miguel", "Direccion": "REAL AUDIENCIA 1390, San Miguel", "Año": 2024, "Cantidad_d": 1, "Fallecidos": 0, "Lesionados": 0, "Lesionad_1": 0, "Lesionad_2": 0, "Total_lesi": 0, "Latitud": -33.494124, "Longitud": -70.658853 }, "geometry": { "type": "Point", "coordinates": [ -70.658852575200001, -33.494124422731197 ] } },
{ "type": "Feature", "properties": { "FID": 37746, "REGION": "Metropolitana de Santiago", "PROVINCIA": "Santiago", "COMUNA2": "San Miguel", "Direccion": "REY ALBERTO & SALESIANOS, San Miguel", "Año": 2024, "Cantidad_d": 1, "Fallecidos": 0, "Lesionados": 0, "Lesionad_1": 0, "Lesionad_2": 0, "Total_lesi": 0, "Latitud": -33.491517, "Longitud": -70.654904 }, "geometry": { "type": "Point", "coordinates": [ -70.654904, -33.491516999131299 ] } },
{ "type": "Feature", "properties": { "FID": 37747, "REGION": "Metropolitana de Santiago", "PROVINCIA": "Santiago", "COMUNA2": "San Miguel", "Direccion": "REY ALBERTO & SOTO AGUILAR, San Miguel", "Año": 2024, "Cantidad_d": 1, "Fallecidos": 0, "Lesionados": 0, "Lesionad_1": 0, "Lesionad_2": 0, "Total_lesi": 0, "Latitud": -33.486575, "Longitud": -70.653432 }, "geometry": { "type": "Point", "coordinates": [ -70.653432, -33.4865749991313 ] } },
{ "type": "Feature", "properties": { "FID": 37748, "REGION": "Metropolitana de Santiago", "PROVINCIA": "Santiago", "COMUNA2": "San Miguel", "Direccion": "REY ALBERTO & TERESA VIAL, San Miguel", "Año": 2024, "Cantidad_d": 1, "Fallecidos": 0, "Lesionados": 0, "Lesionad_1": 0, "Lesionad_2": 0, "Total_lesi": 0, "Latitud": -33.491517, "Longitud": -70.654904 }, "geometry": { "type": "Point", "coordinates": [ -70.654904, -33.491516999131299 ] } },
{ "type": "Feature", "properties": { "FID": 37749, "REGION": "Metropolitana de Santiago", "PROVINCIA": "Santiago", "COMUNA2": "San Miguel", "Direccion": "RICARDO MORALES 2960, San Miguel", "Año": 2024, "Cantidad_d": 1, "Fallecidos": 0, "Lesionados": 0, "Lesionad_1": 0, "Lesionad_2": 0, "Total_lesi": 0, "Latitud": -33.480785, "Longitud": -70.651494 }, "geometry": { "type": "Point", "coordinates": [ -70.651494077, -33.480785336931397 ] } },
{ "type": "Feature", "properties": { "FID": 37750, "REGION": "Metropolitana de Santiago", "PROVINCIA": "Santiago", "COMUNA2": "San Miguel", "Direccion": "RICARDO MORALES 3003, San Miguel", "Año": 2024, "Cantidad_d": 1, "Fallecidos": 0, "Lesionados": 0, "Lesionad_1": 0, "Lesionad_2": 0, "Total_lesi": 0, "Latitud": -33.481357, "Longitud": -70.65169 }, "geometry": { "type": "Point", "coordinates": [ -70.651689624400007, -33.481357131431402 ] } },
{ "type": "Feature", "properties": { "FID": 37751, "REGION": "Metropolitana de Santiago", "PROVINCIA": "Santiago", "COMUNA2": "San Miguel", "Direccion": "RIVAS 1055, San Miguel", "Año": 2024, "Cantidad_d": 1, "Fallecidos": 0, "Lesionados": 0, "Lesionad_1": 0, "Lesionad_2": 0, "Total_lesi": 0, "Latitud": -33.478776, "Longitud": -70.647298 }, "geometry": { "type": "Point", "coordinates": [ -70.647297993, -33.478775708031499 ] } },
{ "type": "Feature", "properties": { "FID": 37752, "REGION": "Metropolitana de Santiago", "PROVINCIA": "Santiago", "COMUNA2": "San Miguel", "Direccion": "RIVAS 790, San Miguel", "Año": 2024, "Cantidad_d": 1, "Fallecidos": 0, "Lesionados": 0, "Lesionad_1": 0, "Lesionad_2": 0, "Total_lesi": 0, "Latitud": -33.478795, "Longitud": -70.643361 }, "geometry": { "type": "Point", "coordinates": [ -70.643361368499995, -33.478794952131501 ] } },
{ "type": "Feature", "properties": { "FID": 37753, "REGION": "Metropolitana de Santiago", "PROVINCIA": "Santiago", "COMUNA2": "San Miguel", "Direccion": "RUTA 5 SUR km 4", "Año": 2024, "Cantidad_d": 1, "Fallecidos": 0, "Lesionados": 0, "Lesionad_1": 0, "Lesionad_2": 0, "Total_lesi": 0, "Latitud": -33.481008, "Longitud": -70.657141 }, "geometry": { "type": "Point", "coordinates": [ -70.657141231099999, -33.481007878231402 ] } },
{ "type": "Feature", "properties": { "FID": 37754, "REGION": "Metropolitana de Santiago", "PROVINCIA": "Santiago", "COMUNA2": "San Miguel", "Direccion": "SALESIANOS 1178, San Miguel", "Año": 2024, "Cantidad_d": 1, "Fallecidos": 0, "Lesionados": 0, "Lesionad_1": 0, "Lesionad_2": 0, "Total_lesi": 0, "Latitud": -33.49232, "Longitud": -70.651769 }, "geometry": { "type": "Point", "coordinates": [ -70.651768701, -33.4923198846313 ] } },
{ "type": "Feature", "properties": { "FID": 37755, "REGION": "Metropolitana de Santiago", "PROVINCIA": "Santiago", "COMUNA2": "San Miguel", "Direccion": "SALESIANOS 1400, San Miguel", "Año": 2024, "Cantidad_d": 1, "Fallecidos": 0, "Lesionados": 0, "Lesionad_1": 0, "Lesionad_2": 0, "Total_lesi": 0, "Latitud": -33.49232, "Longitud": -70.651769 }, "geometry": { "type": "Point", "coordinates": [ -70.651768701, -33.4923198846313 ] } },
{ "type": "Feature", "properties": { "FID": 37756, "REGION": "Metropolitana de Santiago", "PROVINCIA": "Santiago", "COMUNA2": "San Miguel", "Direccion": "SAN FRANCISCO & SAN NICOLAS, San Miguel", "Año": 2024, "Cantidad_d": 1, "Fallecidos": 0, "Lesionados": 0, "Lesionad_1": 0, "Lesionad_2": 0, "Total_lesi": 0, "Latitud": -33.50064, "Longitud": -70.647959 }, "geometry": { "type": "Point", "coordinates": [ -70.647959, -33.500639999131202 ] } },
{ "type": "Feature", "properties": { "FID": 37757, "REGION": "Metropolitana de Santiago", "PROVINCIA": "Santiago", "COMUNA2": "San Miguel", "Direccion": "SAN FRANCISCO & VARAS MENA, San Miguel", "Año": 2024, "Cantidad_d": 1, "Fallecidos": 0, "Lesionados": 0, "Lesionad_1": 0, "Lesionad_2": 0, "Total_lesi": 0, "Latitud": -33.511031, "Longitud": -70.646535 }, "geometry": { "type": "Point", "coordinates": [ -70.646535, -33.511030999131101 ] } },
{ "type": "Feature", "properties": { "FID": 37758, "REGION": "Metropolitana de Santiago", "PROVINCIA": "Santiago", "COMUNA2": "San Miguel", "Direccion": "SAN IGNACIO DE LOYOLA & SOTO AGUILAR, San Miguel", "Año": 2024, "Cantidad_d": 1, "Fallecidos": 0, "Lesionados": 0, "Lesionad_1": 1, "Lesionad_2": 0, "Total_lesi": 1, "Latitud": -33.48605, "Longitud": -70.655606 }, "geometry": { "type": "Point", "coordinates": [ -70.655606, -33.486049999131403 ] } },
{ "type": "Feature", "properties": { "FID": 37759, "REGION": "Metropolitana de Santiago", "PROVINCIA": "Santiago", "COMUNA2": "San Miguel", "Direccion": "SAN JERONIMO & SAN NICOLAS, San Miguel", "Año": 2024, "Cantidad_d": 1, "Fallecidos": 0, "Lesionados": 0, "Lesionad_1": 0, "Lesionad_2": 0, "Total_lesi": 0, "Latitud": -33.498612, "Longitud": -70.656211 }, "geometry": { "type": "Point", "coordinates": [ -70.656211, -33.498611999131199 ] } },
{ "type": "Feature", "properties": { "FID": 37760, "REGION": "Metropolitana de Santiago", "PROVINCIA": "Santiago", "COMUNA2": "San Miguel", "Direccion": "SAN NICOLAS & STA ROSA, San Miguel", "Año": 2024, "Cantidad_d": 1, "Fallecidos": 0, "Lesionados": 0, "Lesionad_1": 0, "Lesionad_2": 0, "Total_lesi": 0, "Latitud": -33.502555, "Longitud": -70.638933 }, "geometry": { "type": "Point", "coordinates": [ -70.638933, -33.502554999131199 ] } },
{ "type": "Feature", "properties": { "FID": 37761, "REGION": "Metropolitana de Santiago", "PROVINCIA": "Santiago", "COMUNA2": "San Miguel", "Direccion": "SAN NICOLAS 1092, San Miguel", "Año": 2024, "Cantidad_d": 1, "Fallecidos": 0, "Lesionados": 0, "Lesionad_1": 0, "Lesionad_2": 0, "Total_lesi": 0, "Latitud": -33.499601, "Longitud": -70.652928 }, "geometry": { "type": "Point", "coordinates": [ -70.652927978, -33.499600683531199 ] } },
{ "type": "Feature", "properties": { "FID": 37762, "REGION": "Metropolitana de Santiago", "PROVINCIA": "Santiago", "COMUNA2": "San Miguel", "Direccion": "SAN NICOLAS 1098, San Miguel", "Año": 2024, "Cantidad_d": 1, "Fallecidos": 0, "Lesionados": 0, "Lesionad_1": 0, "Lesionad_2": 0, "Total_lesi": 0, "Latitud": -33.499479, "Longitud": -70.653488 }, "geometry": { "type": "Point", "coordinates": [ -70.653488106799998, -33.499478781731199 ] } },
{ "type": "Feature", "properties": { "FID": 37763, "REGION": "Metropolitana de Santiago", "PROVINCIA": "Santiago", "COMUNA2": "San Miguel", "Direccion": "SAN NICOLAS 1198, San Miguel", "Año": 2024, "Cantidad_d": 1, "Fallecidos": 0, "Lesionados": 0, "Lesionad_1": 0, "Lesionad_2": 0, "Total_lesi": 0, "Latitud": -33.498827, "Longitud": -70.656242 }, "geometry": { "type": "Point", "coordinates": [ -70.656242407799994, -33.498826776131203 ] } },
{ "type": "Feature", "properties": { "FID": 37764, "REGION": "Metropolitana de Santiago", "PROVINCIA": "Santiago", "COMUNA2": "San Miguel", "Direccion": "SEBASTOPOL & STA ROSA, San Miguel", "Año": 2024, "Cantidad_d": 1, "Fallecidos": 1, "Lesionados": 0, "Lesionad_1": 0, "Lesionad_2": 0, "Total_lesi": 0, "Latitud": -33.517008, "Longitud": -70.636966 }, "geometry": { "type": "Point", "coordinates": [ -70.636966, -33.517007999131003 ] } },
{ "type": "Feature", "properties": { "FID": 37765, "REGION": "Metropolitana de Santiago", "PROVINCIA": "Santiago", "COMUNA2": "San Miguel", "Direccion": "SEGUNDA AVENIDA & SEGUNDA TRANSVERSAL, San Miguel", "Año": 2024, "Cantidad_d": 1, "Fallecidos": 0, "Lesionados": 0, "Lesionad_1": 0, "Lesionad_2": 0, "Total_lesi": 0, "Latitud": -33.504519, "Longitud": -70.659181 }, "geometry": { "type": "Point", "coordinates": [ -70.659181, -33.504518999131101 ] } },
{ "type": "Feature", "properties": { "FID": 37766, "REGION": "Metropolitana de Santiago", "PROVINCIA": "Santiago", "COMUNA2": "San Miguel", "Direccion": "SEGUNDA AVENIDA & TERCERA TRANSVERSAL, San Miguel", "Año": 2024, "Cantidad_d": 1, "Fallecidos": 0, "Lesionados": 0, "Lesionad_1": 0, "Lesionad_2": 0, "Total_lesi": 0, "Latitud": -33.503922, "Longitud": -70.661218 }, "geometry": { "type": "Point", "coordinates": [ -70.6612184, -33.503922399131099 ] } },
{ "type": "Feature", "properties": { "FID": 37767, "REGION": "Metropolitana de Santiago", "PROVINCIA": "Santiago", "COMUNA2": "San Miguel", "Direccion": "SEGUNDA AVENIDA 1209, San Miguel", "Año": 2024, "Cantidad_d": 1, "Fallecidos": 0, "Lesionados": 0, "Lesionad_1": 0, "Lesionad_2": 0, "Total_lesi": 0, "Latitud": -33.504747, "Longitud": -70.657482 }, "geometry": { "type": "Point", "coordinates": [ -70.657482050599995, -33.504746706931101 ] } },
{ "type": "Feature", "properties": { "FID": 37768, "REGION": "Metropolitana de Santiago", "PROVINCIA": "Santiago", "COMUNA2": "San Miguel", "Direccion": "SEGUNDA TRANSVERSAL & SEPTIMA AVENIDA, San Miguel", "Año": 2024, "Cantidad_d": 2, "Fallecidos": 0, "Lesionados": 1, "Lesionad_1": 0, "Lesionad_2": 0, "Total_lesi": 1, "Latitud": -33.509292, "Longitud": -70.661251 }, "geometry": { "type": "Point", "coordinates": [ -70.661251, -33.509291999131101 ] } },
{ "type": "Feature", "properties": { "FID": 37769, "REGION": "Metropolitana de Santiago", "PROVINCIA": "Santiago", "COMUNA2": "San Miguel", "Direccion": "SEPTIMA AVENIDA & TERCERA TRANSVERSAL, San Miguel", "Año": 2024, "Cantidad_d": 2, "Fallecidos": 0, "Lesionados": 0, "Lesionad_1": 0, "Lesionad_2": 2, "Total_lesi": 2, "Latitud": -33.508698, "Longitud": -70.663265 }, "geometry": { "type": "Point", "coordinates": [ -70.663265, -33.508697999131101 ] } },
{ "type": "Feature", "properties": { "FID": 37770, "REGION": "Metropolitana de Santiago", "PROVINCIA": "Santiago", "COMUNA2": "San Miguel", "Direccion": "STA ESTER 1088, San Miguel", "Año": 2024, "Cantidad_d": 1, "Fallecidos": 0, "Lesionados": 0, "Lesionad_1": 0, "Lesionad_2": 0, "Total_lesi": 0, "Latitud": -33.495198, "Longitud": -70.652068 }, "geometry": { "type": "Point", "coordinates": [ -70.6520676998, -33.495197777131203 ] } },
{ "type": "Feature", "properties": { "FID": 37771, "REGION": "Metropolitana de Santiago", "PROVINCIA": "Santiago", "COMUNA2": "San Miguel", "Direccion": "STA ROSA & URETA COX, San Miguel", "Año": 2024, "Cantidad_d": 2, "Fallecidos": 0, "Lesionados": 0, "Lesionad_1": 0, "Lesionad_2": 0, "Total_lesi": 0, "Latitud": -33.501096, "Longitud": -70.639043 }, "geometry": { "type": "Point", "coordinates": [ -70.639043, -33.501095999131202 ] } },
{ "type": "Feature", "properties": { "FID": 37772, "REGION": "Metropolitana de Santiago", "PROVINCIA": "Santiago", "COMUNA2": "San Miguel", "Direccion": "STA ROSA & VARAS MENA, San Miguel", "Año": 2024, "Cantidad_d": 1, "Fallecidos": 0, "Lesionados": 0, "Lesionad_1": 0, "Lesionad_2": 0, "Total_lesi": 0, "Latitud": -33.513068, "Longitud": -70.637438 }, "geometry": { "type": "Point", "coordinates": [ -70.637438, -33.513067999131003 ] } },
{ "type": "Feature", "properties": { "FID": 37773, "REGION": "Metropolitana de Santiago", "PROVINCIA": "Santiago", "COMUNA2": "San Miguel", "Direccion": "STA ROSA & VARGAS BUSTON, San Miguel", "Año": 2024, "Cantidad_d": 1, "Fallecidos": 0, "Lesionados": 0, "Lesionad_1": 0, "Lesionad_2": 0, "Total_lesi": 0, "Latitud": -33.510004, "Longitud": -70.63811 }, "geometry": { "type": "Point", "coordinates": [ -70.63811, -33.510003999131101 ] } },
{ "type": "Feature", "properties": { "FID": 37774, "REGION": "Metropolitana de Santiago", "PROVINCIA": "Santiago", "COMUNA2": "San Miguel", "Direccion": "STA ROSA 3453, San Miguel", "Año": 2024, "Cantidad_d": 1, "Fallecidos": 0, "Lesionados": 0, "Lesionad_1": 0, "Lesionad_2": 1, "Total_lesi": 1, "Latitud": -33.486867, "Longitud": -70.641014 }, "geometry": { "type": "Point", "coordinates": [ -70.641013770699999, -33.486867246231299 ] } },
{ "type": "Feature", "properties": { "FID": 37775, "REGION": "Metropolitana de Santiago", "PROVINCIA": "Santiago", "COMUNA2": "San Miguel", "Direccion": "STA ROSA 3937, San Miguel", "Año": 2024, "Cantidad_d": 1, "Fallecidos": 0, "Lesionados": 0, "Lesionad_1": 0, "Lesionad_2": 0, "Total_lesi": 0, "Latitud": -33.492745, "Longitud": -70.640715 }, "geometry": { "type": "Point", "coordinates": [ -70.640715, -33.492744999131297 ] } },
{ "type": "Feature", "properties": { "FID": 37776, "REGION": "Metropolitana de Santiago", "PROVINCIA": "Santiago", "COMUNA2": "San Miguel", "Direccion": "STA ROSA 5741, San Miguel", "Año": 2024, "Cantidad_d": 2, "Fallecidos": 0, "Lesionados": 0, "Lesionad_1": 0, "Lesionad_2": 0, "Total_lesi": 0, "Latitud": -33.510677, "Longitud": -70.637918 }, "geometry": { "type": "Point", "coordinates": [ -70.637917600400002, -33.510677487930998 ] } },
{ "type": "Feature", "properties": { "FID": 37777, "REGION": "Metropolitana de Santiago", "PROVINCIA": "Santiago", "COMUNA2": "San Miguel", "Direccion": "TANNENBAUM 1078, San Miguel", "Año": 2024, "Cantidad_d": 1, "Fallecidos": 0, "Lesionados": 0, "Lesionad_1": 0, "Lesionad_2": 0, "Total_lesi": 0, "Latitud": -33.511137, "Longitud": -70.656644 }, "geometry": { "type": "Point", "coordinates": [ -70.656643624400004, -33.511136863830998 ] } },
{ "type": "Feature", "properties": { "FID": 37778, "REGION": "Metropolitana de Santiago", "PROVINCIA": "Santiago", "COMUNA2": "San Miguel", "Direccion": "TERCERA AVENIDA & TERCERA TRANSVERSAL, San Miguel", "Año": 2024, "Cantidad_d": 1, "Fallecidos": 0, "Lesionados": 0, "Lesionad_1": 0, "Lesionad_2": 0, "Total_lesi": 0, "Latitud": -33.504789, "Longitud": -70.661595 }, "geometry": { "type": "Point", "coordinates": [ -70.6615946, -33.504788799131099 ] } },
{ "type": "Feature", "properties": { "FID": 37779, "REGION": "Metropolitana de Santiago", "PROVINCIA": "Santiago", "COMUNA2": "San Miguel", "Direccion": "TERCERA AVENIDA 1222, San Miguel", "Año": 2024, "Cantidad_d": 1, "Fallecidos": 0, "Lesionados": 0, "Lesionad_1": 0, "Lesionad_2": 0, "Total_lesi": 0, "Latitud": -33.505719, "Longitud": -70.658612 }, "geometry": { "type": "Point", "coordinates": [ -70.658611504099994, -33.505718604931097 ] } },
{ "type": "Feature", "properties": { "FID": 37780, "REGION": "Metropolitana de Santiago", "PROVINCIA": "Santiago", "COMUNA2": "San Miguel", "Direccion": "TERESA VIAL 1221, San Miguel", "Año": 2024, "Cantidad_d": 1, "Fallecidos": 0, "Lesionados": 0, "Lesionad_1": 0, "Lesionad_2": 0, "Total_lesi": 0, "Latitud": -33.493138, "Longitud": -70.654291 }, "geometry": { "type": "Point", "coordinates": [ -70.654291257599994, -33.4931384558313 ] } },
{ "type": "Feature", "properties": { "FID": 37781, "REGION": "Metropolitana de Santiago", "PROVINCIA": "Santiago", "COMUNA2": "San Miguel", "Direccion": "URETA COX 855, San Miguel", "Año": 2024, "Cantidad_d": 1, "Fallecidos": 0, "Lesionados": 0, "Lesionad_1": 0, "Lesionad_2": 1, "Total_lesi": 1, "Latitud": -33.499044, "Longitud": -70.646857 }, "geometry": { "type": "Point", "coordinates": [ -70.646856876399994, -33.499043671131197 ] } },
{ "type": "Feature", "properties": { "FID": 37782, "REGION": "Metropolitana de Santiago", "PROVINCIA": "Santiago", "COMUNA2": "San Miguel", "Direccion": "VARAS MENA 1050, San Miguel", "Año": 2024, "Cantidad_d": 1, "Fallecidos": 0, "Lesionados": 0, "Lesionad_1": 0, "Lesionad_2": 0, "Total_lesi": 0, "Latitud": -33.509271, "Longitud": -70.655246 }, "geometry": { "type": "Point", "coordinates": [ -70.655246219199995, -33.509271123830999 ] } },
{ "type": "Feature", "properties": { "FID": 37783, "REGION": "Metropolitana de Santiago", "PROVINCIA": "Santiago", "COMUNA2": "San Miguel", "Direccion": "VARGAS BUSTON 1051, San Miguel", "Año": 2024, "Cantidad_d": 2, "Fallecidos": 0, "Lesionados": 0, "Lesionad_1": 0, "Lesionad_2": 0, "Total_lesi": 0, "Latitud": -33.507441, "Longitud": -70.655096 }, "geometry": { "type": "Point", "coordinates": [ -70.655095927399998, -33.507441179331103 ] } },
{ "type": "Feature", "properties": { "FID": 37784, "REGION": "Metropolitana de Santiago", "PROVINCIA": "Santiago", "COMUNA2": "San Miguel", "Direccion": "VENTURA BLANCO VIEL 1256, San Miguel", "Año": 2024, "Cantidad_d": 1, "Fallecidos": 0, "Lesionados": 0, "Lesionad_1": 0, "Lesionad_2": 0, "Total_lesi": 0, "Latitud": -33.49567, "Longitud": -70.656212 }, "geometry": { "type": "Point", "coordinates": [ -70.656211671099996, -33.4956699783312 ] } }
]
}
