{
"type": "FeatureCollection",
"name": "Red_de_ciclov%C3%ADas%2C_%C3%81rea_metropolitana_de_Santiago.",
"crs": { "type": "name", "properties": { "name": "urn:ogc:def:crs:OGC:1.3:CRS84" } },
"features": [
{ "type": "Feature", "properties": { "FID": 1, "objectid_1": 1, "objectid": 1, "oid_": 0, "name": "* IV Centenario (a)", "folderpath": "Ciclovías Santiago 2015 - 2016", "popupinfo": "Vereda / Ambos sentidos / Los Milagros a Los Pozos", "longitud": 1.25, "Shape__Length": 1503.6455278807916 }, "geometry": { "type": "LineString", "coordinates": [ [ -70.564670999990099, -33.409355000481597 ], [ -70.564616000132204, -33.409332000067202 ], [ -70.564361999360202, -33.409488999809 ], [ -70.564003000272706, -33.409770000057101 ], [ -70.563710000537398, -33.409981000288198 ], [ -70.562975000028999, -33.410512000175899 ], [ -70.561808999586106, -33.411360000093701 ], [ -70.561011999582206, -33.411953999287 ], [ -70.560273999621501, -33.412483999502101 ], [ -70.559207000061605, -33.413262999762203 ], [ -70.558823000112497, -33.413540999801398 ], [ -70.5587080000074, -33.413640000352999 ], [ -70.558648999331496, -33.413693000119501 ], [ -70.558171999832794, -33.414029000210597 ], [ -70.557783000483198, -33.414309000681797 ], [ -70.557149999445798, -33.414803999888903 ], [ -70.555967000395995, -33.415650000564803 ], [ -70.554835000224898, -33.416465000189902 ], [ -70.5544940000824, -33.4167159996572 ] ] } },
{ "type": "Feature", "properties": { "FID": 2, "objectid_1": 2, "objectid": 2, "oid_": 0, "name": "* 5 de Abril / Esquina Blanca", "folderpath": "Ciclovías Santiago 2015 - 2016/* 5 de Abril", "popupinfo": "Vereda y bandejón / Ambos sentidos / Primera Transversal a Concepción del Oro", "longitud": 1.63, "Shape__Length": 1959.2530075531286 }, "geometry": { "type": "LineString", "coordinates": [ [ -70.753156999660405, -33.510661000098096 ], [ -70.751719999971698, -33.5106449999886 ], [ -70.750300999632401, -33.510629999437199 ], [ -70.748922000224795, -33.510597999598701 ], [ -70.747422999092905, -33.510583000030401 ], [ -70.746027999882898, -33.510539999619098 ], [ -70.744616999368006, -33.510515999648 ], [ -70.743814999558396, -33.510477999461997 ], [ -70.7428930003543, -33.510449000036303 ], [ -70.741265000057993, -33.510349999771499 ], [ -70.740253000297002, -33.510338999602503 ], [ -70.739880999574396, -33.510366000109101 ], [ -70.739893999883293, -33.510620999831502 ], [ -70.739089000322906, -33.5106989997699 ], [ -70.737999999996305, -33.510792999460101 ], [ -70.737059000457194, -33.510888999948797 ], [ -70.735921999830694, -33.510991999919597 ], [ -70.735921999709703, -33.5109899997273 ], [ -70.735918999278297, -33.510997000077097 ] ] } },
{ "type": "Feature", "properties": { "FID": 3, "objectid_1": 3, "objectid": 3, "oid_": 0, "name": "* 5 de Abril / Parque por Simón Bolívar", "folderpath": "Ciclovías Santiago 2015 - 2016/* 5 de Abril", "popupinfo": "Bandejón / Ambos sentidos / Vostok a Las Torres", "longitud": 3.31, "Shape__Length": 3973.6705752670259 }, "geometry": { "type": "LineString", "coordinates": [ [ -70.701470999852603, -33.4633710000627 ], [ -70.701827999493901, -33.463532000574901 ], [ -70.702917000670794, -33.463891999930198 ], [ -70.704362999115602, -33.464387000467099 ], [ -70.705773999823606, -33.464883999468398 ], [ -70.707296999505601, -33.465409999833398 ], [ -70.707921999891894, -33.465636000076401 ], [ -70.708483000244897, -33.465944000073101 ], [ -70.709707999158198, -33.466594999976898 ], [ -70.7106119995466, -33.467092000081202 ], [ -70.711282999938703, -33.467398999761102 ], [ -70.7124419997632, -33.467928999738902 ], [ -70.713690999874203, -33.468517000228402 ], [ -70.715101999681906, -33.469170999341102 ], [ -70.716465000269693, -33.4698059999414 ], [ -70.717130000319798, -33.470108000040703 ], [ -70.717360999604907, -33.4702340003887 ], [ -70.718141000066694, -33.470759000400697 ], [ -70.719420999686406, -33.471568999629 ], [ -70.720780000523106, -33.4724639999991 ], [ -70.721110000675196, -33.472688000317298 ], [ -70.721405000764506, -33.472811000002999 ], [ -70.721953000263099, -33.473223000462298 ], [ -70.721910000015598, -33.4733049997105 ], [ -70.721990000010393, -33.473417000053203 ], [ -70.722064999707499, -33.4735110002947 ], [ -70.722229000089399, -33.473964999982002 ], [ -70.722299000657799, -33.474035000280402 ], [ -70.722357999927794, -33.474055000289702 ], [ -70.722438000851, -33.4740590006556 ], [ -70.722865000575098, -33.474017000431303 ], [ -70.722974999942707, -33.473971999359897 ], [ -70.723194000470301, -33.474130999998202 ], [ -70.723912999631096, -33.474697000327197 ], [ -70.724721000022896, -33.475279000079702 ], [ -70.725568000012899, -33.475889999844803 ], [ -70.725809999944104, -33.476051000213303 ], [ -70.727054000324202, -33.476815999983003 ], [ -70.728418999847094, -33.4776210003524 ], [ -70.729771000101593, -33.478409000709497 ], [ -70.731005000114806, -33.479134000080798 ] ] } },
{ "type": "Feature", "properties": { "FID": 4, "objectid_1": 4, "objectid": 4, "oid_": 0, "name": "* Alameda / Pajaritos", "folderpath": "Ciclovías Santiago 2015 - 2016/* Alameda", "popupinfo": "Bandejón y Calle / Ambos sentidos / Teatinos a Escr. Jorge Inostroza", "longitud": 10.36, "Shape__Length": 12416.439977450618 }, "geometry": { "type": "LineString", "coordinates": [ [ -70.654132999381005, -33.444677999920302 ], [ -70.656028999966395, -33.445143999768902 ], [ -70.658330999680999, -33.445734999557999 ], [ -70.660237999738897, -33.446148999774898 ], [ -70.662259999401101, -33.446605000830303 ], [ -70.664426999537298, -33.447104000147 ], [ -70.666474000050101, -33.447572000463403 ], [ -70.668560999334005, -33.448103000266897 ], [ -70.670594000401294, -33.448631000068303 ], [ -70.672587000166601, -33.4491629994017 ], [ -70.674651999650806, -33.4497250008367 ], [ -70.676869999596803, -33.450331999784296 ], [ -70.677848999989607, -33.450600000442002 ], [ -70.679262999954602, -33.450888999757801 ], [ -70.679889999939107, -33.4510389999854 ], [ -70.680520999697904, -33.4513989998404 ], [ -70.680738000240694, -33.451529000306301 ], [ -70.683304999581907, -33.452112999771302 ], [ -70.685839000079497, -33.452692999606398 ], [ -70.687901999914999, -33.453186999999502 ], [ -70.689931999685797, -33.453655000365799 ], [ -70.692676000591504, -33.454294999872403 ], [ -70.695248999718899, -33.454894999515602 ], [ -70.697637999608403, -33.455440999843802 ], [ -70.700135999409696, -33.456006999232798 ], [ -70.702667999687407, -33.4566109997401 ], [ -70.705547999924605, -33.457269000373202 ], [ -70.705551000120906, -33.457384999940899 ], [ -70.705588000035902, -33.457524000449801 ], [ -70.705664000572497, -33.457486000106002 ], [ -70.706720000500098, -33.457739000251401 ], [ -70.707576000407997, -33.457945000060597 ], [ -70.707682999469696, -33.457988999843202 ], [ -70.707981000553602, -33.458078999742703 ], [ -70.709085999316301, -33.458331999522599 ], [ -70.711068000797198, -33.458793000641599 ], [ -70.711891999422406, -33.458994000215299 ], [ -70.712250999952104, -33.459051999476003 ], [ -70.712624000314804, -33.459252000144403 ], [ -70.712801000389405, -33.459384000006303 ], [ -70.712981000815503, -33.459262999915403 ], [ -70.714998000354399, -33.460123999457501 ], [ -70.716328000236302, -33.4606970003653 ], [ -70.717929000345407, -33.461404000216703 ], [ -70.719611000486594, -33.462128999531203 ], [ -70.721196000157903, -33.462822999892403 ], [ -70.7227869997418, -33.463524999694997 ], [ -70.724221999571199, -33.4642120001389 ], [ -70.725187000507503, -33.464718000243401 ], [ -70.726093999747206, -33.4651919998457 ], [ -70.726898999672699, -33.465627000277401 ], [ -70.727692999832797, -33.466043000553697 ], [ -70.729175999988698, -33.466849999518303 ], [ -70.730705000214598, -33.467683000563298 ], [ -70.731911999750906, -33.468391999414102 ], [ -70.733086000234593, -33.469099000057497 ], [ -70.733810999567496, -33.469519999998802 ], [ -70.735196999737397, -33.470332000468602 ], [ -70.735895000816996, -33.470741000228301 ], [ -70.736622000176496, -33.471301000029598 ], [ -70.737281000498399, -33.471884999722 ], [ -70.737981000669606, -33.472730000154201 ], [ -70.738598000309395, -33.473487000256 ], [ -70.739248000197804, -33.474263000186497 ], [ -70.739945000237299, -33.475180000058899 ], [ -70.740593999912903, -33.476054999205097 ], [ -70.741156999926105, -33.476825000291299 ], [ -70.741808999372395, -33.4777619997854 ], [ -70.742221999367999, -33.478346000289399 ], [ -70.742361999924896, -33.478533999394998 ], [ -70.742830999614895, -33.479059999769099 ], [ -70.743600999862593, -33.479890000212897 ], [ -70.744147999107497, -33.4805160005358 ], [ -70.744569000059002, -33.481042000298302 ], [ -70.744805000096903, -33.481341999499698 ], [ -70.745004000960094, -33.481605999891499 ], [ -70.745304000358502, -33.482069000247897 ], [ -70.745842999568595, -33.4828940003624 ], [ -70.746370999273907, -33.483755000429902 ], [ -70.746665999399497, -33.484219000001197 ], [ -70.747009999976598, -33.484646000399998 ], [ -70.747629000326697, -33.485396999947397 ], [ -70.747823000425598, -33.485553999441699 ], [ -70.748910999405197, -33.486393000080298 ], [ -70.748909000151599, -33.486394999640403 ], [ -70.748906000016305, -33.486396999802302 ] ] } },
{ "type": "Feature", "properties": { "FID": 5, "objectid_1": 5, "objectid": 5, "oid_": 0, "name": "* Alberto Llona", "folderpath": "Ciclovías Santiago 2015 - 2016", "popupinfo": "Vereda / Ambos sentidos / Vicente Reyes a 5 de Abril", "longitud": 1.31, "Shape__Length": 1574.8272780893703 }, "geometry": { "type": "LineString", "coordinates": [ [ -70.755553000628595, -33.5224640000284 ], [ -70.755561000067502, -33.521803999535599 ], [ -70.755577000155796, -33.520614999508702 ], [ -70.755585000259899, -33.519697999644002 ], [ -70.755606000198298, -33.518610999960899 ], [ -70.755622000392094, -33.517589000313698 ], [ -70.755621999620203, -33.516518000107098 ], [ -70.755637999875702, -33.515597000448203 ], [ -70.755646999796895, -33.514807000180902 ], [ -70.755654999840502, -33.513785000669898 ], [ -70.755656999667394, -33.512741000165398 ], [ -70.755672999585698, -33.511739000620302 ], [ -70.755680999870805, -33.511207000166699 ], [ -70.755683999917593, -33.510669999751997 ] ] } },
{ "type": "Feature", "properties": { "FID": 6, "objectid_1": 6, "objectid": 6, "oid_": 0, "name": "* Almirante Blanco Encalada", "folderpath": "Ciclovías Santiago 2015 - 2016", "popupinfo": "Calle / Ambos sentidos / Club Hípico a San Alfonso", "longitud": 0.93, "Shape__Length": 1119.8358533061396 }, "geometry": { "type": "LineString", "coordinates": [ [ -70.664966000690995, -33.457068000010104 ], [ -70.665577999215202, -33.4571730005107 ], [ -70.666022999876802, -33.457254999844501 ], [ -70.666497999503093, -33.457335999932702 ], [ -70.667253999268098, -33.457477000001496 ], [ -70.667865999508393, -33.457584000126502 ], [ -70.668341000611804, -33.457674000441202 ], [ -70.6696120000462, -33.457890999775302 ], [ -70.670046999580606, -33.4579690006153 ], [ -70.671460000196902, -33.4582090000576 ], [ -70.671908000403704, -33.458288999582301 ], [ -70.672111999980402, -33.458325000688497 ], [ -70.672230000166905, -33.458339000311 ], [ -70.673603000511207, -33.458425999855599 ], [ -70.674860999191793, -33.458487999435903 ] ] } },
{ "type": "Feature", "properties": { "FID": 7, "objectid_1": 7, "objectid": 7, "oid_": 0, "name": "* Antonio Varas", "folderpath": "Ciclovías Santiago 2015 - 2016", "popupinfo": "Calle y Vereda / Ambos sentidos / Nueva Providencia a Irarrázaval", "longitud": 2.95, "Shape__Length": 3541.5070965027526 }, "geometry": { "type": "LineString", "coordinates": [ [ -70.617424000107704, -33.428055000565898 ], [ -70.617051000084402, -33.429151000432199 ], [ -70.616673000163502, -33.4302659992317 ], [ -70.6163540000301, -33.431252999896202 ], [ -70.616004999505606, -33.432291999898702 ], [ -70.615726000761697, -33.433098000060497 ], [ -70.615638000045294, -33.433388999427599 ], [ -70.615398999442107, -33.434100999978703 ], [ -70.615059000702203, -33.435117000488503 ], [ -70.614772000727498, -33.435962999765501 ], [ -70.614479000922202, -33.436845000092099 ], [ -70.614347999824801, -33.437211999427703 ], [ -70.614136000261098, -33.437869999518803 ], [ -70.613765999470104, -33.4389849996723 ], [ -70.613447000023598, -33.439954000205098 ], [ -70.613360999803803, -33.440242000333598 ], [ -70.613127000011005, -33.440951999610398 ], [ -70.612835000557297, -33.441820000035797 ], [ -70.612767999502594, -33.442017000298399 ], [ -70.612524000263093, -33.442784999961901 ], [ -70.612209999945705, -33.4436509997958 ], [ -70.612132000065301, -33.443913000700498 ], [ -70.611978999938501, -33.4443849997892 ], [ -70.611681999932799, -33.445291999960403 ], [ -70.611298000035205, -33.446410999238999 ], [ -70.611220000170306, -33.446633999829103 ], [ -70.611078000072496, -33.447077999931999 ], [ -70.610968000113701, -33.447390999686696 ], [ -70.610657000138204, -33.448295000317302 ], [ -70.610361999833401, -33.449210000280402 ], [ -70.610281999838094, -33.4494610001694 ], [ -70.610036999786303, -33.450178999439302 ], [ -70.609740000600198, -33.451083999985798 ], [ -70.609462999951802, -33.4519160002273 ], [ -70.609217000111499, -33.452655000049603 ], [ -70.609064000094193, -33.453110999664901 ], [ -70.608932000487599, -33.453503000402499 ], [ -70.608975000460603, -33.453627999747397 ] ] } },
{ "type": "Feature", "properties": { "FID": 8, "objectid_1": 8, "objectid": 8, "oid_": 0, "name": "* Arzobispo Valdivieso", "folderpath": "Ciclovías Santiago 2015 - 2016", "popupinfo": "Vereda / Ambos sentidos / Comandante Véliz a Ocho Norte", "longitud": 0.55, "Shape__Length": 654.74338369033308 }, "geometry": { "type": "LineString", "coordinates": [ [ -70.6272250005172, -33.411125000375598 ], [ -70.627560000521399, -33.411155000111101 ], [ -70.627942999961903, -33.411195999914497 ], [ -70.628400000223294, -33.411252999542 ], [ -70.628973999856598, -33.411328999320503 ], [ -70.629643999635803, -33.411403000165002 ], [ -70.630154000215995, -33.4114430007998 ], [ -70.630574999844697, -33.411491999988002 ], [ -70.630711999389305, -33.411505999928302 ], [ -70.631199999913605, -33.4114950000316 ], [ -70.632107000836399, -33.411487999882802 ], [ -70.632285999724402, -33.411491999629497 ], [ -70.632418000697697, -33.411477000091502 ], [ -70.632766000262095, -33.411483000814698 ], [ -70.632938000253901, -33.411487999896202 ], [ -70.633069999254502, -33.411459000541797 ] ] } },
{ "type": "Feature", "properties": { "FID": 9, "objectid_1": 9, "objectid": 9, "oid_": 0, "name": "* Brasil", "folderpath": "Ciclovías Santiago 2015 - 2016", "popupinfo": "Calle / Ambos sentidos / Huérfanos a Mapocho", "longitud": 1.01, "Shape__Length": 1218.6215311764843 }, "geometry": { "type": "LineString", "coordinates": [ [ -70.664964000618198, -33.441031999982002 ], [ -70.664953000123703, -33.440407999528396 ], [ -70.664863999674097, -33.440052000556001 ], [ -70.664872999339195, -33.4399160001933 ], [ -70.664721999327796, -33.439195000852699 ], [ -70.664516000159296, -33.438172000141201 ], [ -70.664413999609295, -33.437612000509802 ], [ -70.664475999640004, -33.437117999607899 ], [ -70.664551000539504, -33.436267000402403 ], [ -70.664601999522205, -33.436179999466802 ], [ -70.664835000167599, -33.436020999889003 ], [ -70.664848000030005, -33.436005000131601 ], [ -70.664870000097295, -33.435725999689502 ], [ -70.664910000229199, -33.435050000123297 ], [ -70.664913000161206, -33.434771999674297 ], [ -70.664937000005906, -33.434382999401798 ], [ -70.664977000023796, -33.433539000697998 ], [ -70.664995999876496, -33.433403999520898 ], [ -70.665051999590005, -33.432663999747199 ], [ -70.665073999912195, -33.432052000551799 ] ] } },
{ "type": "Feature", "properties": { "FID": 10, "objectid_1": 10, "objectid": 10, "oid_": 0, "name": "* Caletera Acceso Sur / La Serena / Cardenal Raúl Silva Henríquez / Américo Vespucio", "folderpath": "Ciclovías Santiago 2015 - 2016/* Caletera Acceso Sur / La Serena / Cardenal Raúl Silva Henríquez", "popupinfo": "Vereda, Calle y Bandejón / Ambos sentidos / Canal Torrente a Porvenir", "longitud": 5.73, "Shape__Length": 6904.9360306271783 }, "geometry": { "type": "LineString", "coordinates": [ [ -70.617372999361706, -33.5416199998796 ], [ -70.617571999706797, -33.541708000108102 ], [ -70.617891000204196, -33.541806000327597 ], [ -70.618094999985203, -33.541852999942101 ], [ -70.618934000398198, -33.541949000078198 ], [ -70.619439000300503, -33.542027000853601 ], [ -70.619446999955699, -33.542300000859498 ], [ -70.619908000232101, -33.542372000095703 ], [ -70.619929000054299, -33.542558999438697 ], [ -70.619911000520403, -33.542689000195303 ], [ -70.619822000612203, -33.543149999684601 ], [ -70.619809000175806, -33.543268000355901 ], [ -70.619808999248605, -33.543351000037099 ], [ -70.619786999884994, -33.5434329997615 ], [ -70.619749999760998, -33.543714999712599 ], [ -70.619735999913203, -33.543808999852899 ], [ -70.619679999833494, -33.5439660003683 ], [ -70.619502999825201, -33.544407999817402 ], [ -70.6192129996695, -33.544989000651597 ], [ -70.618990999731395, -33.545389999769299 ], [ -70.618768000421795, -33.545572999942301 ], [ -70.618612000524493, -33.545690999977701 ], [ -70.618555999978497, -33.545859000368402 ], [ -70.618518999465294, -33.546087000022197 ], [ -70.618523999501704, -33.546235000418697 ], [ -70.618520999767995, -33.546319999843298 ], [ -70.618488999824294, -33.5464470000056 ], [ -70.618492000036795, -33.546620999780401 ], [ -70.618438000632906, -33.546886999669702 ], [ -70.618386999943894, -33.547091000075397 ], [ -70.618306999622106, -33.547609000016699 ], [ -70.618265999495193, -33.548264000001303 ], [ -70.618244999282894, -33.548749000275699 ], [ -70.618233999915205, -33.548846000114303 ], [ -70.618185999210297, -33.549078000478602 ], [ -70.618062999896907, -33.549544999982203 ], [ -70.617794000207596, -33.550539999598499 ], [ -70.617630999979198, -33.551152000600602 ], [ -70.617525999816195, -33.551531999612102 ], [ -70.617431999522296, -33.551881000036602 ], [ -70.617386999995801, -33.552125000086001 ], [ -70.617344000845407, -33.552189999443002 ], [ -70.617338000359197, -33.552252000187003 ], [ -70.6171860002286, -33.552772999699897 ], [ -70.617081000300203, -33.553134999848801 ], [ -70.616877000103301, -33.553844000035497 ], [ -70.616679000744398, -33.554597000472199 ], [ -70.6165869993999, -33.5549279999953 ], [ -70.616321999777099, -33.5559450005549 ], [ -70.616208999828203, -33.556430000307103 ], [ -70.616160999476506, -33.556548000282 ], [ -70.616129000076498, -33.556666999742099 ], [ -70.616012999826197, -33.557169999947199 ], [ -70.615740000036396, -33.558253999422703 ], [ -70.615721000283699, -33.5583369999067 ], [ -70.615433999843304, -33.559328999582 ], [ -70.615377999217898, -33.5595659999953 ], [ -70.615348000257598, -33.5596710003895 ], [ -70.615235999861895, -33.560014999807699 ], [ -70.615134000225694, -33.560366000171904 ], [ -70.615071999615196, -33.560572000354597 ], [ -70.614895000140194, -33.561108000163401 ], [ -70.6147290004387, -33.561553000054303 ], [ -70.614552000345995, -33.562132000654401 ], [ -70.614435999757802, -33.562494000353098 ], [ -70.614165000731802, -33.563322999646097 ], [ -70.6141139994253, -33.563477000563601 ], [ -70.613717000393507, -33.563952999528802 ], [ -70.613503000645196, -33.564239000475702 ], [ -70.613315000310493, -33.564700000356503 ], [ -70.613309999633699, -33.5648790002056 ], [ -70.613148999834095, -33.565384000035102 ], [ -70.612933999935805, -33.566531999944999 ], [ -70.612929000481898, -33.566679999821403 ], [ -70.612906999338605, -33.566943999960799 ], [ -70.612724999562005, -33.567954000020002 ], [ -70.612602000422797, -33.568655999567603 ], [ -70.612548000917002, -33.569465000229002 ], [ -70.6125210003608, -33.569700999978899 ], [ -70.612375999793997, -33.570585999930003 ], [ -70.612268999780696, -33.571006999589798 ], [ -70.612123999974798, -33.5719990003847 ], [ -70.611935999691795, -33.573049000367497 ], [ -70.611887999133003, -33.573361999859401 ], [ -70.611775999583799, -33.574371999638203 ], [ -70.611522999738995, -33.575842999919402 ], [ -70.611206999179302, -33.577863000347499 ], [ -70.611073000105705, -33.578791999590699 ], [ -70.611024000794302, -33.579064999898399 ], [ -70.610857999950795, -33.579606000549902 ], [ -70.610778000166604, -33.579931999945103 ], [ -70.610487999300403, -33.580508999606899 ], [ -70.610310999981195, -33.580972999695298 ], [ -70.610011000490402, -33.581925000735097 ], [ -70.609977999987507, -33.582085999934201 ], [ -70.609780000340095, -33.5830780004666 ], [ -70.609624000775, -33.584674000328398 ], [ -70.6095549997397, -33.585295000394403 ], [ -70.609598000257407, -33.586054999817399 ], [ -70.609586999560406, -33.586327000012098 ], [ -70.609532999781905, -33.586648999728197 ], [ -70.609414999937997, -33.587059999586003 ], [ -70.609312999121698, -33.587189999900801 ], [ -70.609302999689405, -33.587279000073003 ], [ -70.609119999483298, -33.587748000283902 ], [ -70.608948000245803, -33.588243999928899 ], [ -70.608439000185101, -33.589451000634803 ], [ -70.608137999883297, -33.590165999745203 ], [ -70.608111999540796, -33.590236999295698 ] ] } },
{ "type": "Feature", "properties": { "FID": 11, "objectid_1": 11, "objectid": 11, "oid_": 0, "name": "* Callao", "folderpath": "Ciclovías Santiago 2015 - 2016", "popupinfo": "Calle / Ambos sentidos / Alcántara a Sánchez Fontecilla", "longitud": 0.97, "Shape__Length": 1159.1137776225978 }, "geometry": { "type": "LineString", "coordinates": [ [ -70.599142999794196, -33.419677999946799 ], [ -70.599073000466902, -33.419613000717099 ], [ -70.599025000378603, -33.419590000468297 ], [ -70.598365000648101, -33.419417999910998 ], [ -70.597627000396798, -33.419221000610499 ], [ -70.596918999995097, -33.419050999401698 ], [ -70.596611000245204, -33.418969999948096 ], [ -70.595004000031807, -33.418551999585702 ], [ -70.593475000645597, -33.418166000400802 ], [ -70.592290000187901, -33.4179380000162 ], [ -70.591288999871395, -33.4177280000903 ], [ -70.591170999880106, -33.417703000841101 ], [ -70.5902109998908, -33.417506000000799 ], [ -70.589152000247097, -33.417299999939203 ] ] } },
{ "type": "Feature", "properties": { "FID": 12, "objectid_1": 12, "objectid": 12, "oid_": 0, "name": "* Calle G", "folderpath": "Ciclovías Santiago 2015 - 2016", "popupinfo": "Bandejón / Ambos sentidos / Juan Cristóbal a Juan Muñoz", "longitud": 1.58, "Shape__Length": 1888.5249986083979 }, "geometry": { "type": "LineString", "coordinates": [ [ -70.664416999984198, -33.374273000822598 ], [ -70.662635999353796, -33.374920999868003 ], [ -70.660703999984307, -33.375659999947899 ], [ -70.658756999953297, -33.376377000264696 ], [ -70.6568689997668, -33.3770659997273 ], [ -70.655047999555094, -33.377763000085501 ], [ -70.653172999754304, -33.378464000542699 ], [ -70.651907000076903, -33.378939000051297 ], [ -70.650404999801907, -33.379500999958601 ], [ -70.649071999989104, -33.379985000192001 ], [ -70.648928999653506, -33.380052000244604 ] ] } },
{ "type": "Feature", "properties": { "FID": 13, "objectid_1": 13, "objectid": 13, "oid_": 0, "name": "* Camino a Melipilla / Pedro Aguirre Cerda", "folderpath": "Ciclovías Santiago 2015 - 2016/* Camino a Melipilla", "popupinfo": "Calle y vereda / Ambos sentidos / Avenida Cuatro a Esquina Blanca", "longitud": 5.3, "Shape__Length": 6360.4903290341344 }, "geometry": { "type": "LineString", "coordinates": [ [ -70.728161999569906, -33.512373999823197 ], [ -70.727261000227202, -33.511969000463303 ], [ -70.726460999203098, -33.5115909995652 ], [ -70.725739999698007, -33.511257999909397 ], [ -70.724823000145506, -33.510855999954003 ], [ -70.724712999658607, -33.510762000274902 ], [ -70.723912999521701, -33.510459999910701 ], [ -70.723615999474902, -33.510364000087797 ], [ -70.723380000199896, -33.510378999569497 ], [ -70.723159999893298, -33.510453000125899 ], [ -70.722767999878101, -33.510772999758103 ], [ -70.722398000711706, -33.511078999235899 ], [ -70.722089000310604, -33.510169000158299 ], [ -70.722154000290104, -33.510071000076003 ], [ -70.722036000298502, -33.509860000071598 ], [ -70.721592999641402, -33.509701999873599 ], [ -70.720896000237602, -33.509423999400902 ], [ -70.719956999886307, -33.509055000092999 ], [ -70.7187129998985, -33.508577000309103 ], [ -70.718170999216497, -33.508348999795302 ], [ -70.717767999744495, -33.508132000064201 ], [ -70.717141000245505, -33.5078809999886 ], [ -70.716374000422206, -33.507560999976199 ], [ -70.715770000276194, -33.5071810000223 ], [ -70.714893000811898, -33.506561999491602 ], [ -70.714019000101004, -33.505961999804299 ], [ -70.713568000061102, -33.505644999657399 ], [ -70.712605000223903, -33.504972000388904 ], [ -70.711967000500195, -33.5045730001574 ], [ -70.7115939998925, -33.504110000454801 ], [ -70.711291000159093, -33.503519999575403 ], [ -70.7110229999317, -33.502989999421303 ], [ -70.710686999340595, -33.502332000153203 ], [ -70.710301000098397, -33.501602999259298 ], [ -70.709930999890801, -33.500987999873601 ], [ -70.709423999885203, -33.500321999854897 ], [ -70.7087909999603, -33.499439999826798 ], [ -70.7081980004711, -33.498655000353402 ], [ -70.707642999711595, -33.497894999605002 ], [ -70.707076999648294, -33.497100999828497 ], [ -70.706422999867897, -33.496197000249701 ], [ -70.7058349995188, -33.495417000229303 ], [ -70.705244999738298, -33.4946019993166 ], [ -70.704596000543901, -33.493725999864999 ], [ -70.704003000461498, -33.492918000175997 ], [ -70.703418999628695, -33.4921439998799 ], [ -70.702900999312504, -33.4915040000418 ], [ -70.702372000080203, -33.490839999420302 ], [ -70.701658999447503, -33.490000999831302 ], [ -70.7009379998279, -33.489119999192397 ], [ -70.700315000366103, -33.488350000184802 ], [ -70.699716999723904, -33.487690000333799 ], [ -70.698929000274504, -33.486821999443599 ], [ -70.698262999769099, -33.486149000519703 ], [ -70.697584999744507, -33.485489000360303 ], [ -70.696709999583007, -33.484628000232398 ], [ -70.695902999530801, -33.483815999683003 ], [ -70.695226999558102, -33.483160000286702 ], [ -70.694843999942606, -33.482746999333798 ], [ -70.6941859998214, -33.482008000052097 ], [ -70.693426999771404, -33.481221000475898 ], [ -70.692792000112405, -33.480498000760299 ], [ -70.692118000006801, -33.479741999822799 ], [ -70.691523000117698, -33.479077999845003 ], [ -70.691518000310694, -33.479077999561198 ] ] } },
{ "type": "Feature", "properties": { "FID": 14, "objectid_1": 14, "objectid": 14, "oid_": 0, "name": "* Cardenal Raúl Silva Henríquez", "folderpath": "Ciclovías Santiago 2015 - 2016", "popupinfo": "Vereda / Ambos sentidos / Jorge Quevedo a San Gregorio", "longitud": 0.39, "Shape__Length": 473.58955724489647 }, "geometry": { "type": "LineString", "coordinates": [ [ -70.6216350001135, -33.541216000284102 ], [ -70.621472000021896, -33.541034999635897 ], [ -70.621340000552195, -33.540895999825999 ], [ -70.6211200003344, -33.540645999505202 ], [ -70.620996999977393, -33.540477999850701 ], [ -70.620867999763803, -33.5402929999929 ], [ -70.620862999732594, -33.540046999996399 ], [ -70.6209189995934, -33.539599000394901 ], [ -70.620886999875296, -33.539058000431297 ], [ -70.620785000303499, -33.538756999581203 ], [ -70.620658999825096, -33.538412000180898 ], [ -70.620637999784904, -33.538161999855397 ], [ -70.620610999774101, -33.538029999777599 ], [ -70.620597000504205, -33.537904999866697 ] ] } },
{ "type": "Feature", "properties": { "FID": 15, "objectid_1": 15, "objectid": 15, "oid_": 0, "name": "* Carlos Valdovinos", "folderpath": "Ciclovías Santiago 2015 - 2016", "popupinfo": "Vereda / Ambos sentidos / Santa Rosa a Vicuña Mackenna", "longitud": 2.2, "Shape__Length": 2637.8351394845818 }, "geometry": { "type": "LineString", "coordinates": [ [ -70.641684999237299, -33.480909999953802 ], [ -70.641139999976104, -33.481054999963597 ], [ -70.640564000178003, -33.481219000025803 ], [ -70.639952000094894, -33.481383999685796 ], [ -70.639195999524304, -33.481606000100697 ], [ -70.638393999377499, -33.481833999815997 ], [ -70.637409000303904, -33.482116000715401 ], [ -70.636258999838802, -33.482447000094197 ], [ -70.635430000154699, -33.482687999885201 ], [ -70.634576999881006, -33.482932000055001 ], [ -70.634104999937406, -33.483064000451101 ], [ -70.633449999752301, -33.483254000110897 ], [ -70.632910999275296, -33.483414999923802 ], [ -70.632198000246206, -33.483622999347602 ], [ -70.631538000440699, -33.483813999990097 ], [ -70.630580000166901, -33.484084000574498 ], [ -70.629855999601105, -33.4842950001606 ], [ -70.629330999734506, -33.484446999516798 ], [ -70.629043999857402, -33.484532000548498 ], [ -70.628456000136296, -33.484708000507403 ], [ -70.627928000230298, -33.484863000418898 ], [ -70.627378000358803, -33.485023999220701 ], [ -70.626584000366805, -33.485257000178301 ], [ -70.625867999972499, -33.485465000299001 ], [ -70.625304999792107, -33.485623000609102 ], [ -70.624877999743305, -33.485744000458197 ], [ -70.624279999745099, -33.485922999622503 ], [ -70.623431999859307, -33.486175999292399 ], [ -70.622486000541002, -33.486447000033401 ], [ -70.621522999444494, -33.486725999796597 ], [ -70.620594999859406, -33.486998999842697 ], [ -70.619287999867893, -33.487361999919898 ] ] } },
{ "type": "Feature", "properties": { "FID": 16, "objectid_1": 16, "objectid": 16, "oid_": 0, "name": "* Carmen / Las Industrias", "folderpath": "Ciclovías Santiago 2015 - 2016/* Carmen", "popupinfo": "Vereda / Ambos sentidos / General Jofré a Comercio", "longitud": 5.55, "Shape__Length": 6673.6766286642178 }, "geometry": { "type": "LineString", "coordinates": [ [ -70.642506000112405, -33.446487000131697 ], [ -70.642354999472403, -33.447079999965901 ], [ -70.642243000144106, -33.4475159998496 ], [ -70.642152000279296, -33.447870000662597 ], [ -70.641985000067706, -33.448543000120203 ], [ -70.641928999696006, -33.448751999677398 ], [ -70.641722000709706, -33.449355999539399 ], [ -70.641568999851302, -33.449830000017201 ], [ -70.641453999730899, -33.450173000184201 ], [ -70.641249999784407, -33.450815000359299 ], [ -70.641043999801795, -33.451588999880499 ], [ -70.640845000556993, -33.452352000584703 ], [ -70.640772999603101, -33.452641000433502 ], [ -70.640761999859805, -33.4527639999651 ], [ -70.640654999844699, -33.4531979995227 ], [ -70.640494000162903, -33.453812000212601 ], [ -70.640312000452894, -33.454545999542802 ], [ -70.640160999977894, -33.455105000367098 ], [ -70.640091999636994, -33.455361999375498 ], [ -70.639916999894496, -33.456040000380497 ], [ -70.639807000291896, -33.456465999948499 ], [ -70.639721000085899, -33.456794999924298 ], [ -70.639554999829897, -33.457411999985098 ], [ -70.639471999848396, -33.457663000886903 ], [ -70.639346000081204, -33.458161999779598 ], [ -70.639189999919097, -33.458773000680303 ], [ -70.638983999728595, -33.459535999645198 ], [ -70.638817999535206, -33.460153000449601 ], [ -70.638659000575103, -33.460806999620203 ], [ -70.6384899995913, -33.461418000100302 ], [ -70.638303000432998, -33.462118000372797 ], [ -70.6381360001009, -33.462747000472 ], [ -70.637934999991202, -33.4635100000134 ], [ -70.637729000187406, -33.464279999400603 ], [ -70.637537999502101, -33.465001999919998 ], [ -70.637339999479096, -33.465758999522002 ], [ -70.637152000113701, -33.466466000279297 ], [ -70.636943000417304, -33.467238000258597 ], [ -70.636771000034599, -33.467883999782103 ], [ -70.636599000034394, -33.468492999889499 ], [ -70.636550999943907, -33.468719000602199 ], [ -70.636400999736594, -33.469283000142703 ], [ -70.636228999423395, -33.469913999711302 ], [ -70.636076000124405, -33.470511000105802 ], [ -70.635886000631402, -33.471221999539303 ], [ -70.635681999756102, -33.471984999578197 ], [ -70.635483999077906, -33.4727480003301 ], [ -70.635289999121795, -33.473491000497702 ], [ -70.635099999876104, -33.474207000144403 ], [ -70.634947000341398, -33.474784000180101 ], [ -70.634800000887196, -33.475386000578197 ], [ -70.6346089996849, -33.4761040002481 ], [ -70.6344479999795, -33.476723999496301 ], [ -70.634250000593795, -33.477453000238 ], [ -70.634120999429499, -33.477931999825202 ], [ -70.633959999947706, -33.478619000272403 ], [ -70.633874000021095, -33.4790459997295 ], [ -70.634099999146798, -33.479149000034703 ], [ -70.634166999768595, -33.479268000341101 ], [ -70.633689000450303, -33.479500000064903 ], [ -70.633330000052197, -33.479733000542304 ], [ -70.632670000496901, -33.480191999911597 ], [ -70.631996999849704, -33.480640999927502 ], [ -70.631125000078896, -33.481194000094497 ], [ -70.630373999397904, -33.481704000374698 ], [ -70.630090000231107, -33.481899000249904 ], [ -70.629759999869705, -33.482203000185002 ], [ -70.629617999576098, -33.482374999647497 ], [ -70.629434999851298, -33.4827889996672 ], [ -70.6293839995691, -33.483289999503299 ], [ -70.629324999716601, -33.4835229994966 ], [ -70.629246999973404, -33.483815999630302 ], [ -70.629228999426701, -33.484084000418399 ], [ -70.629279999940707, -33.484456000308597 ], [ -70.629387000093104, -33.484741999913098 ], [ -70.629561000367602, -33.485171999779197 ], [ -70.629665999966605, -33.485422000251397 ], [ -70.629676999516093, -33.485609999391698 ], [ -70.629658000121907, -33.486013000021899 ], [ -70.629641999786699, -33.486195999251898 ], [ -70.629612000315902, -33.4866839997905 ], [ -70.629575000101795, -33.487372999648599 ], [ -70.629547999610907, -33.487740000015201 ], [ -70.629523999686697, -33.488190999988099 ], [ -70.629508000379204, -33.488517999544499 ], [ -70.629454000724493, -33.489249999862501 ], [ -70.629422000013804, -33.4898710002795 ], [ -70.629398000534707, -33.490309999543797 ], [ -70.629379000525702, -33.490384000501003 ], [ -70.629371000396802, -33.490710000137298 ], [ -70.629362999234502, -33.490850999847403 ], [ -70.629335999941304, -33.491330000067201 ], [ -70.629296000672795, -33.491776999597597 ], [ -70.629269000380503, -33.492271999898001 ], [ -70.629244999192906, -33.492761000574603 ], [ -70.629215000401004, -33.493239999518103 ], [ -70.629187999800493, -33.493653999825 ] ] } },
{ "type": "Feature", "properties": { "FID": 17, "objectid_1": 17, "objectid": 17, "oid_": 0, "name": "* Centenario (a)", "folderpath": "Ciclovías Santiago 2015 - 2016", "popupinfo": "Bandejón / Ambos sentidos / Club Hípico a Bascuñán Guerrero", "longitud": 0.62, "Shape__Length": 741.21547831696978 }, "geometry": { "type": "LineString", "coordinates": [ [ -70.664878000360403, -33.475760000823399 ], [ -70.671534999838002, -33.475876000492804 ] ] } },
{ "type": "Feature", "properties": { "FID": 18, "objectid_1": 18, "objectid": 18, "oid_": 0, "name": "* Central Cardenal Silva Henríquez", "folderpath": "Ciclovías Santiago 2015 - 2016", "popupinfo": "Vereda / Ambos sentidos / Buenaventura a Américo Vespucio", "longitud": 1.97, "Shape__Length": 2373.256748233418 }, "geometry": { "type": "LineString", "coordinates": [ [ -70.698287000054506, -33.523394000287198 ], [ -70.698059000634899, -33.523060999581098 ], [ -70.697656999953594, -33.522462000173199 ], [ -70.697099000347706, -33.521640999682603 ], [ -70.696574000611193, -33.520898999760497 ], [ -70.696225000307805, -33.520369000322702 ], [ -70.695848999680194, -33.5198389998015 ], [ -70.695621000387604, -33.519461000236902 ], [ -70.695342000389402, -33.518915000056303 ], [ -70.695162999719301, -33.518538999860198 ], [ -70.694885999785498, -33.517985000020403 ], [ -70.694741999844197, -33.517667000471299 ], [ -70.694388000240195, -33.516971999429202 ], [ -70.694172999996695, -33.516481999289901 ], [ -70.693973999289298, -33.516100000394196 ], [ -70.693721999503893, -33.515617000241903 ], [ -70.693527000268006, -33.515224999742401 ], [ -70.693188999996593, -33.514561000091803 ], [ -70.692910000268, -33.513954999783699 ], [ -70.6926579998037, -33.513468000292001 ], [ -70.692440000340298, -33.513035999492097 ], [ -70.692085999695195, -33.512328999396203 ], [ -70.691806999320704, -33.511758999962296 ], [ -70.691576999719103, -33.511300999829999 ], [ -70.691278999139797, -33.510683000002103 ], [ -70.690978000021602, -33.510086000113603 ], [ -70.6907450006331, -33.509598999963004 ], [ -70.690497999164407, -33.509092999905803 ], [ -70.690369999759, -33.508840999389797 ], [ -70.690185000876497, -33.508451999920503 ], [ -70.689908000351807, -33.507891999879597 ], [ -70.689552000246294, -33.507210000481201 ] ] } },
{ "type": "Feature", "properties": { "FID": 19, "objectid_1": 19, "objectid": 19, "oid_": 0, "name": "* Chile España", "folderpath": "Ciclovías Santiago 2015 - 2016", "popupinfo": "Calle / Ambos sentidos / Simón Bolívar a Miguel de Cervantes", "longitud": 0.46, "Shape__Length": 548.15013314621478 }, "geometry": { "type": "LineString", "coordinates": [ [ -70.597839000368893, -33.449277999551299 ], [ -70.597914000466105, -33.4497250007608 ], [ -70.597942999462603, -33.449953000137903 ], [ -70.598000000010799, -33.450337999508598 ], [ -70.5980560002006, -33.450695999996803 ], [ -70.598126000013593, -33.451081000315298 ], [ -70.5982489997768, -33.4518060001827 ], [ -70.598332000773993, -33.452367999640003 ], [ -70.598391000819007, -33.452788999293098 ], [ -70.598481999703495, -33.453351000020803 ] ] } },
{ "type": "Feature", "properties": { "FID": 20, "objectid_1": 20, "objectid": 20, "oid_": 0, "name": "* Clotario Blest", "folderpath": "Ciclovías Santiago 2015 - 2016", "popupinfo": "Vereda / Ambos sentidos / Carlos Valdovinos a Lo Ovalle", "longitud": 3.3, "Shape__Length": 3975.015937706472 }, "geometry": { "type": "LineString", "coordinates": [ [ -70.669032999834101, -33.478790999945502 ], [ -70.669053999632297, -33.478957000469798 ], [ -70.669300999742006, -33.479441999967001 ], [ -70.669746000066297, -33.480367999578597 ], [ -70.6700120000949, -33.4809660005563 ], [ -70.670196999606105, -33.481335000498198 ], [ -70.670583000781903, -33.482113000167402 ], [ -70.671049999756505, -33.483061999671897 ], [ -70.671573000571598, -33.484133999616702 ], [ -70.672068999311605, -33.485156000357598 ], [ -70.672527999541202, -33.486080000100401 ], [ -70.673004999440707, -33.487065999898597 ], [ -70.673396999890599, -33.487858000005403 ], [ -70.673712999325801, -33.488475999316499 ], [ -70.673828000209497, -33.4887240004647 ], [ -70.674070000600096, -33.489234000548301 ], [ -70.674346000267903, -33.489782000282801 ], [ -70.674662999411495, -33.490403999924702 ], [ -70.674751000512501, -33.490604999907703 ], [ -70.675093999290496, -33.491286999830002 ], [ -70.675429999498903, -33.491945000413899 ], [ -70.675789000072896, -33.492689999759101 ], [ -70.676161999970006, -33.493408000233899 ], [ -70.676409000093798, -33.493871000484702 ], [ -70.676426999829502, -33.493925000114501 ], [ -70.6764379993609, -33.493975999445901 ], [ -70.676542999629106, -33.494200000400397 ], [ -70.676865000636397, -33.494842000121203 ], [ -70.676999000165594, -33.495101000660803 ], [ -70.677376999977994, -33.4958750003346 ], [ -70.677600000142405, -33.4963139999644 ], [ -70.677867999872007, -33.496773999783898 ], [ -70.678023000180701, -33.497049000431801 ], [ -70.678326000711607, -33.497557000165898 ], [ -70.678651000425901, -33.4981810005524 ], [ -70.678932999093107, -33.498731000144602 ], [ -70.679245999707305, -33.499317000231898 ], [ -70.679524999731001, -33.499847999835403 ], [ -70.679774999377003, -33.500336999576596 ], [ -70.680144999551501, -33.501079999751603 ], [ -70.680281999948605, -33.501359000036203 ], [ -70.680579999864705, -33.501906999822303 ], [ -70.680807999463894, -33.5023500001844 ], [ -70.681237000156301, -33.503140000084997 ], [ -70.681628000087997, -33.503932000375002 ], [ -70.681899000149002, -33.504464000565498 ], [ -70.6822509995812, -33.505091999822596 ], [ -70.682550999751797, -33.505700999735197 ], [ -70.682834999159994, -33.506240000271802 ] ] } },
{ "type": "Feature", "properties": { "FID": 21, "objectid_1": 21, "objectid": 21, "oid_": 0, "name": "* Club Hípico", "folderpath": "Ciclovías Santiago 2015 - 2016", "popupinfo": "Vereda / Norte a Sur / Grajales a Pedro Montt", "longitud": 2.43, "Shape__Length": 2918.5020765165286 }, "geometry": { "type": "LineString", "coordinates": [ [ -70.664834999291898, -33.451662999840799 ], [ -70.664961000193898, -33.452535999646898 ], [ -70.665000999725095, -33.452807000845397 ], [ -70.665060000487799, -33.452898000235599 ], [ -70.665047000398602, -33.453376999667199 ], [ -70.665028000070507, -33.454341999936702 ], [ -70.664995999631401, -33.455257000071498 ], [ -70.664972000124195, -33.4561549997022 ], [ -70.664960999873699, -33.456439000147 ], [ -70.664956000069495, -33.457042999691602 ], [ -70.664958000080603, -33.457216999919197 ], [ -70.6649720000798, -33.457728000019003 ], [ -70.664979999675893, -33.458524000129501 ], [ -70.664982000014305, -33.4587150005353 ], [ -70.664977000364004, -33.4594130002477 ], [ -70.6649660000392, -33.460292000124902 ], [ -70.664963999677695, -33.461015000235001 ], [ -70.664952999289895, -33.461966000340603 ], [ -70.664952999920203, -33.462309999676002 ], [ -70.664944999692096, -33.462861000258798 ], [ -70.664929000403305, -33.463773999635499 ], [ -70.664931999745207, -33.464695999950798 ], [ -70.664929000258297, -33.465559000707103 ], [ -70.664933999595405, -33.466477000491899 ], [ -70.664933999937702, -33.466594999986697 ], [ -70.664921000190006, -33.467353999937302 ], [ -70.664910000126, -33.468249000685397 ], [ -70.664901999791894, -33.4691189995605 ], [ -70.664896999511001, -33.469692000663798 ], [ -70.664898999839806, -33.470039000151999 ], [ -70.664896999370598, -33.470528999827003 ], [ -70.664889000717807, -33.470908999501098 ], [ -70.664872999243599, -33.4717890002917 ], [ -70.664861999544598, -33.472172999200602 ], [ -70.664855999516803, -33.472698999860398 ], [ -70.664858999965304, -33.473197999948802 ], [ -70.6648510001869, -33.473296999973499 ], [ -70.664877999281799, -33.473403999671604 ], [ -70.664867000098695, -33.473509000111797 ] ] } },
{ "type": "Feature", "properties": { "FID": 22, "objectid_1": 22, "objectid": 22, "oid_": 0, "name": "* Cuatro Oriente / Caletera Acceso Sur (a)", "folderpath": "Ciclovías Santiago 2015 - 2016/* Cuatro Oriente", "popupinfo": "Vereda y Calle / Ambos sentidos / Sargento Menadier a Primavera", "longitud": 2.98, "Shape__Length": 3585.8681757786426 }, "geometry": { "type": "LineString", "coordinates": [ [ -70.607106000552093, -33.594254999611103 ], [ -70.606966000284999, -33.595270999678498 ], [ -70.606862000008604, -33.596044000182403 ], [ -70.606761999568803, -33.596486999730999 ], [ -70.606689999737995, -33.596846000503 ], [ -70.606504999782601, -33.597540999786602 ], [ -70.606450999871896, -33.597793000146901 ], [ -70.606389999452105, -33.597920999298601 ], [ -70.606234000051401, -33.598445999632197 ], [ -70.606016999881305, -33.599038000145498 ], [ -70.605598000056503, -33.600187999972 ], [ -70.605163999393397, -33.6011360004305 ], [ -70.604767000922607, -33.6019799994029 ], [ -70.604549999803993, -33.602492000305602 ], [ -70.604289000181396, -33.603144000686797 ], [ -70.603860000403898, -33.6041580003169 ], [ -70.603705000291598, -33.604587000092998 ], [ -70.603524999955297, -33.605322000165401 ], [ -70.603356000080296, -33.606148999966301 ], [ -70.603297000095594, -33.606362999108903 ], [ -70.603232999536203, -33.607066999337597 ], [ -70.6030529992032, -33.6079980001496 ], [ -70.602895000853906, -33.6088739998713 ], [ -70.6027580005929, -33.609573000118402 ], [ -70.6026130005081, -33.610193999758501 ], [ -70.602438999725294, -33.610870999596699 ], [ -70.602322999815001, -33.611047999553101 ], [ -70.602165000486394, -33.611207999668601 ], [ -70.602114000757098, -33.611386999859597 ], [ -70.601918000545197, -33.611826999349503 ], [ -70.601650000051904, -33.612402999806797 ], [ -70.601385000507705, -33.6128700003894 ], [ -70.601043999832896, -33.613425999340599 ], [ -70.600604000447007, -33.614185999584201 ], [ -70.600183000400605, -33.614992000044602 ], [ -70.600053999833193, -33.615254000430603 ], [ -70.600016999600996, -33.615461000223597 ], [ -70.599914999627899, -33.615668999670604 ], [ -70.599697999325699, -33.616169000652803 ], [ -70.599397000337703, -33.616906999765 ], [ -70.599195999819102, -33.617442999748398 ], [ -70.599077999554098, -33.617923000443199 ], [ -70.598906000138101, -33.618604000450802 ], [ -70.598812000098604, -33.618931999633404 ], [ -70.598790999489495, -33.619065999786699 ], [ -70.598681000018999, -33.619414999674099 ], [ -70.598586999694902, -33.619870999901302 ], [ -70.598566000166898, -33.619949000248198 ] ] } },
{ "type": "Feature", "properties": { "FID": 23, "objectid_1": 23, "objectid": 23, "oid_": 0, "name": "* Curicó / Tarapacá / Padre Felipe Gómez de Vidaurre", "folderpath": "Ciclovías Santiago 2015 - 2016/* Curicó / Tarapacá", "popupinfo": "Calle / Oriente a Poniente / Vicuña Mackenna a San Ignacio", "longitud": 2.26, "Shape__Length": 2701.7320098011837 }, "geometry": { "type": "LineString", "coordinates": [ [ -70.656874000761306, -33.448189999325201 ], [ -70.656573999776199, -33.448149999619297 ], [ -70.655705000415296, -33.448037999655398 ], [ -70.654971999929202, -33.447938999512701 ], [ -70.654299000590996, -33.447855999816397 ], [ -70.653063000095102, -33.447709000375603 ], [ -70.652254999251397, -33.447603999493801 ], [ -70.651192999948194, -33.447463000319097 ], [ -70.651026999407506, -33.447436000241197 ], [ -70.650211999878493, -33.447288000777803 ], [ -70.649124999856795, -33.447093000509597 ], [ -70.648600000152399, -33.447000999876401 ], [ -70.647145999290103, -33.446743999845602 ], [ -70.647035999662506, -33.446699000173702 ], [ -70.645332999864294, -33.446328000494802 ], [ -70.644625000119504, -33.446168999734397 ], [ -70.644540999910404, -33.446171000564597 ], [ -70.644005000013607, -33.4462789997228 ], [ -70.642715000808096, -33.446137999883497 ], [ -70.642156999625101, -33.446064000029899 ], [ -70.641815999988907, -33.445973999694303 ], [ -70.640850999390494, -33.445479999760103 ], [ -70.640486000447396, -33.445289000296597 ], [ -70.640363000262496, -33.445258000653702 ], [ -70.640062000564697, -33.4451980001812 ], [ -70.638800999335501, -33.4449399999462 ], [ -70.637809000024902, -33.4447410002564 ], [ -70.636985999496602, -33.444571000464201 ], [ -70.636837999741104, -33.444513000194398 ], [ -70.635765000031299, -33.444129999200001 ], [ -70.635009000387996, -33.443838999285703 ], [ -70.634361999685495, -33.443597000649 ], [ -70.633560000421099, -33.443314999537797 ] ] } },
{ "type": "Feature", "properties": { "FID": 24, "objectid_1": 24, "objectid": 24, "oid_": 0, "name": "* Departamental (a)", "folderpath": "Ciclovías Santiago 2015 - 2016", "popupinfo": "Vereda / Ambos sentidos / Vicuña Mackenna a Nueva Berlioz", "longitud": 2.01, "Shape__Length": 2408.0698407528025 }, "geometry": { "type": "LineString", "coordinates": [ [ -70.614708000623295, -33.508095999328198 ], [ -70.615316000846406, -33.508057999365199 ], [ -70.616253000569799, -33.508003999854502 ], [ -70.617990999423498, -33.507895000305098 ], [ -70.6189909999256, -33.5078279996508 ], [ -70.619366999957606, -33.507809999772597 ], [ -70.620909000657406, -33.5077290000104 ], [ -70.621219999808602, -33.507700000613603 ], [ -70.622585000566204, -33.507619999861902 ], [ -70.623979999374797, -33.507529999910403 ], [ -70.625403999369695, -33.507445000203099 ], [ -70.625760999994, -33.507425000069802 ], [ -70.626659999877305, -33.507355999614603 ], [ -70.627809999514099, -33.507281999664599 ], [ -70.628979999989994, -33.507198999998998 ], [ -70.629604999797607, -33.507143000120699 ], [ -70.630121999462105, -33.507109999998001 ], [ -70.630600000173303, -33.507087000096703 ], [ -70.630982999982095, -33.507058000521802 ], [ -70.631567999377395, -33.507027000098297 ], [ -70.632166000365501, -33.507004999805297 ], [ -70.632992000005402, -33.507002000692999 ], [ -70.633781000237704, -33.507012999688797 ], [ -70.634968999843096, -33.507026999851497 ], [ -70.636288999408293, -33.507056000656597 ] ] } },
{ "type": "Feature", "properties": { "FID": 25, "objectid_1": 25, "objectid": 25, "oid_": 0, "name": "* Departamental (b)", "folderpath": "Ciclovías Santiago 2015 - 2016", "popupinfo": "Vereda / Ambos sentidos / Tobalaba a Entrada Florida Center", "longitud": 4.62, "Shape__Length": 5533.4900944622041 }, "geometry": { "type": "LineString", "coordinates": [ [ -70.609296999720002, -33.508597000048802 ], [ -70.608715000280498, -33.508623999433901 ], [ -70.607894000240506, -33.5086479999175 ], [ -70.607545999797395, -33.508651000199599 ], [ -70.606709000414696, -33.5087150006987 ], [ -70.606411000277006, -33.508753000095197 ], [ -70.605636000141999, -33.508818000099403 ], [ -70.605260000187201, -33.508878999758601 ], [ -70.604892999912295, -33.508863000217303 ], [ -70.604405000186901, -33.508903000257398 ], [ -70.604209000152593, -33.508938999406702 ], [ -70.603517000162299, -33.5089839998803 ], [ -70.602525000601304, -33.5090690000766 ], [ -70.602027999583996, -33.509108999924798 ], [ -70.601872999765803, -33.509107000554998 ], [ -70.600608999865401, -33.509186999659399 ], [ -70.598745000084605, -33.509328000231299 ], [ -70.597581000027702, -33.509418000097703 ], [ -70.597428000303594, -33.5094219998795 ], [ -70.597248999629201, -33.509438000799697 ], [ -70.596153999465102, -33.509522999561398 ], [ -70.5948429992347, -33.509614000515697 ], [ -70.593877000457397, -33.509698999958999 ], [ -70.592716000925407, -33.509763999949001 ], [ -70.592026000047099, -33.509808999944802 ], [ -70.5917390008605, -33.5098359999472 ], [ -70.591447000260303, -33.509913999632097 ], [ -70.591122999955303, -33.510062000096298 ], [ -70.590637000078303, -33.510393000336698 ], [ -70.590388000592995, -33.510587000126399 ], [ -70.589945000596103, -33.510785999771798 ], [ -70.589690000143904, -33.5108490000815 ], [ -70.589381999633403, -33.510852999801699 ], [ -70.589137999803697, -33.510802000340803 ], [ -70.588963000120799, -33.510719000357398 ], [ -70.588754000057307, -33.510615999957302 ], [ -70.588512999593306, -33.510428000265001 ], [ -70.588193999230896, -33.510463999642099 ], [ -70.587871999983605, -33.510309999974503 ], [ -70.587762000562805, -33.5101710001287 ], [ -70.587665000971896, -33.510123999402701 ], [ -70.587401999891796, -33.510123999391404 ], [ -70.586548999825894, -33.5101850001613 ], [ -70.586431000640005, -33.510178000174598 ], [ -70.586334999889402, -33.510213999740301 ], [ -70.5853800000978, -33.5102609993261 ], [ -70.584936999496804, -33.510297000182497 ], [ -70.584387000385107, -33.510314000459502 ], [ -70.5838859992175, -33.510350000003399 ], [ -70.582828999103597, -33.510423999930097 ], [ -70.581511999735497, -33.510512999644803 ], [ -70.580318999333798, -33.510603000572999 ], [ -70.580026000248395, -33.510628000209998 ], [ -70.579468000664093, -33.5106630000748 ], [ -70.579242999640101, -33.510651999961702 ], [ -70.579231999911002, -33.5105979998227 ], [ -70.577411000003494, -33.510704000299199 ], [ -70.576046000263503, -33.510800000497802 ], [ -70.574673000798398, -33.510922999793898 ], [ -70.574246000187998, -33.510970000390202 ], [ -70.573948000465606, -33.511028000297401 ], [ -70.571721999557795, -33.511229000189303 ], [ -70.571010999994499, -33.511295999388601 ], [ -70.569635000031795, -33.511419000024397 ], [ -70.568241000887895, -33.511528999706499 ], [ -70.567196999610601, -33.511600000084499 ], [ -70.567078999889603, -33.5115960000877 ], [ -70.565708999727804, -33.511717000102102 ], [ -70.565576999668707, -33.511688000145099 ], [ -70.565092000188898, -33.511530999378103 ], [ -70.564644000107606, -33.511457000066699 ], [ -70.564157999927005, -33.511420999717103 ], [ -70.563343000138104, -33.511441999758702 ], [ -70.562015000055695, -33.511523999930802 ], [ -70.561258999914998, -33.5115850004617 ], [ -70.560706000590599, -33.511629000199399 ], [ -70.560567000434901, -33.511651999734099 ] ] } },
{ "type": "Feature", "properties": { "FID": 26, "objectid_1": 26, "objectid": 26, "oid_": 0, "name": "* Diagonal José María Caro", "folderpath": "Ciclovías Santiago 2015 - 2016", "popupinfo": "Vereda / Ambos sentidos / El Guanaco a Quebrada del Obispo", "longitud": 0.35, "Shape__Length": 418.43290415467999 }, "geometry": { "type": "LineString", "coordinates": [ [ -70.654607999762206, -33.394488000240699 ], [ -70.654900000304394, -33.394219999859899 ], [ -70.655174000649794, -33.394006999944203 ], [ -70.655147000184101, -33.393894999209202 ], [ -70.655323999993001, -33.393854999845402 ], [ -70.655755999723695, -33.393366000806097 ], [ -70.656001999848499, -33.393091000349102 ], [ -70.656278999486403, -33.392800000144703 ], [ -70.656638000728194, -33.392454999421403 ], [ -70.656968000426104, -33.392146000124903 ], [ -70.656964999852605, -33.392145999615501 ] ] } },
{ "type": "Feature", "properties": { "FID": 27, "objectid_1": 27, "objectid": 27, "oid_": 0, "name": "* Doctor Johow", "folderpath": "Ciclovías Santiago 2015 - 2016", "popupinfo": "Vereda / Ambos sentidos / Grecia a José Ignacio Vergara", "longitud": 0.76, "Shape__Length": 918.08534335985632 }, "geometry": { "type": "LineString", "coordinates": [ [ -70.594229000553597, -33.464644000644597 ], [ -70.594229000472197, -33.464241999803697 ], [ -70.594191000494703, -33.463750999775499 ], [ -70.5941350001508, -33.462956999900101 ], [ -70.594078000023501, -33.461932000153901 ], [ -70.594003000127202, -33.460911999679901 ], [ -70.593974000363502, -33.460242999682499 ], [ -70.5939170003371, -33.4592539996654 ], [ -70.593840000627495, -33.457771999747699 ] ] } },
{ "type": "Feature", "properties": { "FID": 28, "objectid_1": 28, "objectid": 28, "oid_": 0, "name": "* Dorsal / Roma", "folderpath": "Ciclovías Santiago 2015 - 2016/* Dorsal", "popupinfo": "Vereda y Bandejón / Ambos sentidos / Diagonal José María Caro a Bajos de Jiménez", "longitud": 2.7, "Shape__Length": 3234.864631160614 }, "geometry": { "type": "LineString", "coordinates": [ [ -70.653681999520799, -33.395292000086201 ], [ -70.655669999797794, -33.395563000517399 ], [ -70.657136999775901, -33.395746999787299 ], [ -70.657896000131103, -33.395823000384198 ], [ -70.659366000644297, -33.3960069997459 ], [ -70.661235000381595, -33.396284000235099 ], [ -70.662677999485197, -33.396522000294397 ], [ -70.664315000279203, -33.396785999616 ], [ -70.665987999576302, -33.397039000040898 ], [ -70.667953999733399, -33.397365999988097 ], [ -70.668456000385106, -33.397436999916799 ], [ -70.668975999977903, -33.397548999867297 ], [ -70.669191000474299, -33.397620999586501 ], [ -70.669600999553694, -33.3978790002122 ], [ -70.670469999705404, -33.398325999619097 ], [ -70.670741000203293, -33.3984469999615 ], [ -70.671057999578593, -33.3985860001332 ], [ -70.6718809996093, -33.398823999916601 ], [ -70.672241000279996, -33.398867999754302 ], [ -70.672474000458493, -33.398924000614798 ], [ -70.672919000279506, -33.399053999695703 ], [ -70.6735169993797, -33.399241999483102 ], [ -70.674671000288498, -33.399657000269301 ], [ -70.676231999950602, -33.4002300006238 ], [ -70.677475999368795, -33.400675000629398 ], [ -70.678320999898204, -33.400981999919502 ], [ -70.678455000488697, -33.401029000073898 ], [ -70.678604999209, -33.401091999336501 ], [ -70.678701999295896, -33.401131999395197 ], [ -70.679798999437196, -33.401524000254398 ], [ -70.680274000396906, -33.401688000601403 ], [ -70.680389000316495, -33.401732000394702 ], [ -70.680664999938799, -33.401840000295699 ], [ -70.680974000333705, -33.401936000006401 ], [ -70.6813229999523, -33.402057000109103 ] ] } },
{ "type": "Feature", "properties": { "FID": 29, "objectid_1": 29, "objectid": 29, "oid_": 0, "name": "* Dublé Almeyda", "folderpath": "Ciclovías Santiago 2015 - 2016", "popupinfo": "Vereda / Poniente a Oriente / Los Corteses a Exequiel Figueroa", "longitud": 0.19, "Shape__Length": 222.54739237066255 }, "geometry": { "type": "LineString", "coordinates": [ [ -70.575743000019003, -33.459859999818001 ], [ -70.575625000446806, -33.459866999270702 ], [ -70.575512000371504, -33.459876000267997 ], [ -70.575343000182002, -33.459883000192299 ], [ -70.574752999965398, -33.459931999984001 ], [ -70.574498000216195, -33.4599520000925 ], [ -70.574324000107595, -33.459963000462899 ], [ -70.574146999789605, -33.459980999968302 ], [ -70.573753000474994, -33.4599939997156 ], [ -70.573755000645903, -33.459993999571203 ] ] } },
{ "type": "Feature", "properties": { "FID": 30, "objectid_1": 30, "objectid": 30, "oid_": 0, "name": "* Einstein / Las Torres", "folderpath": "Ciclovías Santiago 2015 - 2016/* Einstein", "popupinfo": "Vereda / Ambos sentidos / Antonia Prado a Los Zapadores", "longitud": 1.28, "Shape__Length": 1532.1520810279278 }, "geometry": { "type": "LineString", "coordinates": [ [ -70.633302999892507, -33.406229000106798 ], [ -70.6332089995893, -33.406193000171399 ], [ -70.6323510003199, -33.406167999555002 ], [ -70.632198000567797, -33.406182000008698 ], [ -70.632052999235199, -33.4060810005303 ], [ -70.631947999740603, -33.405968999816899 ], [ -70.631701999439599, -33.4056929993748 ], [ -70.631460000308806, -33.405447000297897 ], [ -70.631404000011898, -33.405361999455899 ], [ -70.631140999559904, -33.404975000013202 ], [ -70.630885999431698, -33.4046070001231 ], [ -70.630636999850907, -33.404267000281699 ], [ -70.630467999769706, -33.404025000485298 ], [ -70.630390000329299, -33.4039490000022 ], [ -70.630390000686106, -33.403902000004003 ], [ -70.630288000567603, -33.403829999787199 ], [ -70.629952999529195, -33.403362000415399 ], [ -70.629633999404405, -33.402935000074301 ], [ -70.629434999841095, -33.402666000497703 ], [ -70.629392000674898, -33.402591999801899 ], [ -70.629237000564004, -33.402300999758403 ], [ -70.629086000471503, -33.402041000738897 ], [ -70.629014000119497, -33.401914000239202 ], [ -70.628962999781194, -33.4018199998388 ], [ -70.628737999125093, -33.401503999520699 ], [ -70.628459000007197, -33.401113999591402 ], [ -70.628034999655995, -33.400547999666401 ], [ -70.627959999446702, -33.400528000003902 ], [ -70.627904000209298, -33.400445000367597 ], [ -70.627906000017106, -33.400395999967103 ], [ -70.627887999839103, -33.400348999848298 ], [ -70.627642999949302, -33.400033000044097 ], [ -70.627554999706106, -33.399909999829902 ], [ -70.627268000239994, -33.399499999997403 ], [ -70.627019000887202, -33.399138999207899 ], [ -70.626780000344993, -33.398810000053203 ], [ -70.626637999542595, -33.398634999435501 ], [ -70.626568000502502, -33.398602000092097 ], [ -70.626506000067906, -33.398554999455399 ], [ -70.626492999606796, -33.398462999589697 ], [ -70.626530000222203, -33.398404999914703 ], [ -70.626535999346302, -33.398361999293797 ], [ -70.626525000083106, -33.3980509993658 ], [ -70.626442000044804, -33.397293999862598 ], [ -70.626428000035304, -33.397071999905997 ], [ -70.626434000457905, -33.397075000109197 ] ] } },
{ "type": "Feature", "properties": { "FID": 31, "objectid_1": 31, "objectid": 31, "oid_": 0, "name": "* El Guanaco", "folderpath": "Ciclovías Santiago 2015 - 2016", "popupinfo": "Vereda / Ambos sentidos / Los Zapadores a Calle G", "longitud": 1.1, "Shape__Length": 1317.5107595779448 }, "geometry": { "type": "LineString", "coordinates": [ [ -70.6570400003597, -33.386724000103101 ], [ -70.657037999614104, -33.3866639999979 ], [ -70.657075000003502, -33.386078999814799 ], [ -70.657157999540999, -33.385828000054801 ], [ -70.657183000300606, -33.385409000623703 ], [ -70.657223000264906, -33.385094000309003 ], [ -70.657326999898203, -33.384318999954601 ], [ -70.6573810001819, -33.3838260001341 ], [ -70.657447999476602, -33.383205999273599 ], [ -70.657463999775104, -33.383008000230497 ], [ -70.657482999552897, -33.382751000227401 ], [ -70.657525999880605, -33.382154999222301 ], [ -70.657525999494197, -33.3821010002154 ], [ -70.657549999785005, -33.3816060002477 ], [ -70.657587999633293, -33.380824999995397 ], [ -70.657598000065306, -33.380748999755099 ], [ -70.657631000330397, -33.380675000068898 ], [ -70.657671000221896, -33.379863999679699 ], [ -70.657692000656994, -33.379272999854102 ], [ -70.657737999188299, -33.378783999702399 ], [ -70.657746000271899, -33.378468999888199 ], [ -70.657737999468594, -33.378365000097602 ], [ -70.657614000696498, -33.378022999568799 ], [ -70.657448000042294, -33.377718000232598 ], [ -70.657305999908502, -33.377435999714102 ], [ -70.657219999574707, -33.377286000102501 ], [ -70.657155999320594, -33.377258999842098 ], [ -70.656939000155404, -33.377064000044697 ] ] } },
{ "type": "Feature", "properties": { "FID": 32, "objectid_1": 32, "objectid": 32, "oid_": 0, "name": "* El Salto", "folderpath": "Ciclovías Santiago 2015 - 2016", "popupinfo": "Vereda / Ambos sentidos / Rinconada El Salto a Outlet Lama", "longitud": 0.13, "Shape__Length": 153.46009315734386 }, "geometry": { "type": "LineString", "coordinates": [ [ -70.624507999558304, -33.393193999513997 ], [ -70.624392999397102, -33.392830999933302 ], [ -70.624239999474398, -33.392329000649703 ], [ -70.62415699956, -33.392080999834697 ] ] } },
{ "type": "Feature", "properties": { "FID": 33, "objectid_1": 33, "objectid": 33, "oid_": 0, "name": "* El Valle", "folderpath": "Ciclovías Santiago 2015 - 2016", "popupinfo": "Vereda y Bandejón / Ambos sentidos / Florencia a Caracas", "longitud": 1.08, "Shape__Length": 1293.6292414840923 }, "geometry": { "type": "LineString", "coordinates": [ [ -70.576971000133099, -33.475404000611 ], [ -70.575916999669701, -33.475613999826102 ], [ -70.574801000021296, -33.475871999908897 ], [ -70.573904999726096, -33.476072999361698 ], [ -70.573258999880295, -33.476195999775797 ], [ -70.572223999488003, -33.476426999988 ], [ -70.571199000278597, -33.476640999611099 ], [ -70.569195000719901, -33.477084000106203 ], [ -70.568122999921499, -33.477317000484398 ], [ -70.568034000376798, -33.4774039994563 ], [ -70.567717999232997, -33.477579000094998 ], [ -70.567542999822706, -33.477665999998898 ], [ -70.5668429999415, -33.477819999806101 ], [ -70.565840000068107, -33.478035000329903 ] ] } },
{ "type": "Feature", "properties": { "FID": 34, "objectid_1": 34, "objectid": 34, "oid_": 0, "name": "* Emilia Téllez", "folderpath": "Ciclovías Santiago 2015 - 2016", "popupinfo": "Calle y Vereda / Ambos sentidos / Girón de las Palmas a Montenegro", "longitud": 1.04, "Shape__Length": 1245.6162164983664 }, "geometry": { "type": "LineString", "coordinates": [ [ -70.584009000339506, -33.440758999901 ], [ -70.583475999616496, -33.440950000548099 ], [ -70.582105000398002, -33.441457999853803 ], [ -70.5816029998159, -33.441655000021001 ], [ -70.581450000333902, -33.441676999551298 ], [ -70.580772000278699, -33.441851999831002 ], [ -70.579661000349503, -33.4421310002204 ], [ -70.578357999740703, -33.442469000293201 ], [ -70.577851000254398, -33.442579000070303 ], [ -70.577449000047693, -33.442536999881199 ], [ -70.576676000354396, -33.442467000086403 ], [ -70.575653999240203, -33.4423689998914 ], [ -70.574921999697807, -33.442159999704003 ], [ -70.574435999963399, -33.441949999773598 ], [ -70.573460000507296, -33.441510999782103 ] ] } },
{ "type": "Feature", "properties": { "FID": 35, "objectid_1": 35, "objectid": 35, "oid_": 0, "name": "* Enrique Olivares", "folderpath": "Ciclovías Santiago 2015 - 2016", "popupinfo": "Calle / Oriente a Poniente - Poniente a Oriente / Vicuña Mackenna a Honduras", "longitud": 1.67, "Shape__Length": 2005.9009627074433 }, "geometry": { "type": "LineString", "coordinates": [ [ -70.590797999733894, -33.539686999742401 ], [ -70.590325999841397, -33.539686999926602 ], [ -70.589118999815497, -33.539684000534002 ], [ -70.587627999370696, -33.539679999898503 ], [ -70.585734000281505, -33.539674999640297 ], [ -70.584385000706902, -33.539667000076697 ], [ -70.583105999383804, -33.539668999196103 ], [ -70.581786000037397, -33.539672999631399 ], [ -70.580644000640206, -33.5396709998017 ], [ -70.580374999429594, -33.539682000263298 ], [ -70.579500999432, -33.539698000388398 ], [ -70.579191999514507, -33.539701999990399 ], [ -70.579127999697803, -33.539748999690403 ], [ -70.577318000262906, -33.539750999431398 ], [ -70.577199999351095, -33.5397109998693 ], [ -70.576705999466597, -33.5396980003813 ], [ -70.576134999806001, -33.539688999436301 ], [ -70.575403000194797, -33.539695999538203 ], [ -70.574785999565293, -33.539700000368398 ], [ -70.574020999761402, -33.539697999700003 ], [ -70.573336999725598, -33.539709000070197 ], [ -70.572811000087299, -33.539690999660401 ] ] } },
{ "type": "Feature", "properties": { "FID": 36, "objectid_1": 36, "objectid": 36, "oid_": 0, "name": "* Esquina Blanca", "folderpath": "Ciclovías Santiago 2015 - 2016", "popupinfo": "Vereda / Oriente a Poniente - Poniente a Oriente / Rubén Darío a Concepción del Oro", "longitud": 0.71, "Shape__Length": 848.77141516001655 }, "geometry": { "type": "LineString", "coordinates": [ [ -70.7359030001478, -33.510994000389402 ], [ -70.734888999809201, -33.511088000129 ], [ -70.734148999620004, -33.511165999924103 ], [ -70.733620000287999, -33.511218000002799 ], [ -70.732919999717097, -33.511292000312501 ], [ -70.731962999817995, -33.5113829998567 ], [ -70.731491000032605, -33.511428000178398 ], [ -70.730570999835606, -33.511526999154299 ], [ -70.729962000334993, -33.511582000708202 ], [ -70.728907999985694, -33.511691999744599 ], [ -70.728339000209601, -33.5117550002632 ], [ -70.728333999577501, -33.511756999905003 ] ] } },
{ "type": "Feature", "properties": { "FID": 37, "objectid_1": 37, "objectid": 37, "oid_": 0, "name": "* Exposición", "folderpath": "Ciclovías Santiago 2015 - 2016", "popupinfo": "Vereda / Ambos sentidos / Maquinista Escobar a Salvador Sanfuentes", "longitud": 1.0, "Shape__Length": 1200.9186581553347 }, "geometry": { "type": "LineString", "coordinates": [ [ -70.678572999773294, -33.461408999388901 ], [ -70.678525000086907, -33.4608220005261 ], [ -70.678457999807904, -33.460088000113899 ], [ -70.678391000169498, -33.4592340000181 ], [ -70.678356000323006, -33.4587639998797 ], [ -70.678324000354905, -33.458377000309902 ], [ -70.678302000185596, -33.458012000436803 ], [ -70.678267000228999, -33.457511000162697 ], [ -70.678218999930195, -33.456715999929898 ], [ -70.678157999520707, -33.4558820005714 ], [ -70.678125000426206, -33.4555060002345 ], [ -70.678100999848596, -33.454956999368797 ], [ -70.678081999658104, -33.454579000390801 ], [ -70.6780340001864, -33.4541359994654 ], [ -70.677975000469104, -33.453502999747997 ], [ -70.677938000718498, -33.452728000186198 ], [ -70.677918999822694, -33.452426000058701 ] ] } },
{ "type": "Feature", "properties": { "FID": 38, "objectid_1": 38, "objectid": 38, "oid_": 0, "name": "* Francisco Bilbao / Plaza Inés de Suárez", "folderpath": "Ciclovías Santiago 2015 - 2016/* Francisco Bilbao", "popupinfo": "Bandejón / Ambos sentidos / Antonio Varas a Pocuro", "longitud": 0.41, "Shape__Length": 497.47648426095242 }, "geometry": { "type": "LineString", "coordinates": [ [ -70.611612000700902, -33.437063999784101 ], [ -70.611247999954699, -33.438208000067 ], [ -70.611140000447406, -33.438521000344203 ], [ -70.611862000254604, -33.438690999804699 ], [ -70.612428000096202, -33.4388099997159 ], [ -70.6129479994961, -33.438935000131103 ], [ -70.613136000126104, -33.438963999358997 ], [ -70.613718000487097, -33.439062999830199 ] ] } },
{ "type": "Feature", "properties": { "FID": 39, "objectid_1": 39, "objectid": 39, "oid_": 0, "name": "* Gabriela Mistral / Gil De Castro", "folderpath": "Ciclovías Santiago 2015 - 2016/* Gabriela Mistral", "popupinfo": "Vereda / Ambos sentidos / Lo Espejo a Central Cardenal Silva Henríquez", "longitud": 1.01, "Shape__Length": 1214.7294529144058 }, "geometry": { "type": "LineString", "coordinates": [ [ -70.699017000599298, -33.5244160002323 ], [ -70.698895999857996, -33.5246839997451 ], [ -70.698706000189802, -33.525026000113201 ], [ -70.698859000703706, -33.525158000474697 ], [ -70.698979000150899, -33.525254000655501 ], [ -70.6991569994656, -33.525420000182798 ], [ -70.699272000074004, -33.525603000011699 ], [ -70.699416999983299, -33.5258740001088 ], [ -70.699696000459198, -33.526409999485502 ], [ -70.700012000789201, -33.527010000782603 ], [ -70.700374000150603, -33.527697999770403 ], [ -70.700679999215396, -33.528237000362303 ], [ -70.700961999592806, -33.528773999510399 ], [ -70.701207999495097, -33.5292480000887 ], [ -70.701249000012595, -33.529317000160198 ], [ -70.701444000263507, -33.529677000377298 ], [ -70.701679999516699, -33.530117999579197 ], [ -70.701882000013995, -33.530516000420597 ], [ -70.701970000102904, -33.530673999854002 ], [ -70.702037000140393, -33.530858000145003 ], [ -70.702139000401303, -33.531282999875003 ], [ -70.702253999836799, -33.531756999747103 ], [ -70.702381000427195, -33.532235000779501 ], [ -70.702396999720094, -33.5323179992753 ], [ -70.702436999887993, -33.5324919997637 ], [ -70.702500999676502, -33.532648999469998 ], [ -70.702549999839206, -33.5327489994622 ] ] } },
{ "type": "Feature", "properties": { "FID": 40, "objectid_1": 40, "objectid": 40, "oid_": 0, "name": "* General Bulnes", "folderpath": "Ciclovías Santiago 2015 - 2016", "popupinfo": "Calle / Ambos sentidos / Presidente Balmaceda a Alameda", "longitud": 2.2, "Shape__Length": 2651.2812479386466 }, "geometry": { "type": "LineString", "coordinates": [ [ -70.671801000297293, -33.428332000560303 ], [ -70.671767999987793, -33.428412999951398 ], [ -70.671741999732603, -33.428671999776398 ], [ -70.671762999963505, -33.428727999463099 ], [ -70.671725999657795, -33.429047999916499 ], [ -70.671637000103303, -33.429744999796497 ], [ -70.671532000185607, -33.430519000098698 ], [ -70.671424999993306, -33.431312000677501 ], [ -70.671371999829205, -33.431712000009199 ], [ -70.671328999180005, -33.432099000013899 ], [ -70.671224000422299, -33.432905000156801 ], [ -70.671191999459197, -33.433140000147603 ], [ -70.671118999883802, -33.433729000558898 ], [ -70.671085000136102, -33.433946000002301 ], [ -70.671006999727695, -33.434542000012598 ], [ -70.670957999948897, -33.435009000166602 ], [ -70.670904999928496, -33.435327000018198 ], [ -70.670831999596899, -33.435898000667002 ], [ -70.670789000149895, -33.436164000053601 ], [ -70.670690000101999, -33.4368939995639 ], [ -70.6706469995014, -33.437256999831 ], [ -70.670567000041999, -33.4377239998623 ], [ -70.670543000395796, -33.437868000689001 ], [ -70.6704680001057, -33.438531999514801 ], [ -70.670354999169504, -33.439311000173099 ], [ -70.670247999833194, -33.440100999610202 ], [ -70.670127000472306, -33.440931999453703 ], [ -70.670020000575903, -33.441772999327199 ], [ -70.669915000181504, -33.442497999603397 ], [ -70.669868999897204, -33.442877000254597 ], [ -70.669802000706497, -33.443350999356397 ], [ -70.669710999193896, -33.444101000491202 ], [ -70.669630999394698, -33.444778999786799 ], [ -70.669552999496801, -33.4453389993472 ], [ -70.669517999962096, -33.445420999878301 ], [ -70.669458999266197, -33.4457439999751 ], [ -70.669321999256198, -33.446505000060199 ], [ -70.6692180002036, -33.447109000289402 ], [ -70.669156000232803, -33.447433000124001 ], [ -70.669054000391895, -33.448062000601503 ] ] } },
{ "type": "Feature", "properties": { "FID": 41, "objectid_1": 41, "objectid": 41, "oid_": 0, "name": "* Gral. Bustamante / Plaza San Esteban", "folderpath": "Ciclovías Santiago 2015 - 2016/* Gral. Bustamante", "popupinfo": "Parque, Vereda y Bandejón / Ambos sentidos / Providencia a Matta Oriente", "longitud": 2.19, "Shape__Length": 2635.8743578479703 }, "geometry": { "type": "LineString", "coordinates": [ [ -70.633260000175497, -33.436960999783501 ], [ -70.632752999918907, -33.4379259999357 ], [ -70.632343000294298, -33.438705000248198 ], [ -70.631871000662699, -33.439648999617901 ], [ -70.631747000168502, -33.439893000053303 ], [ -70.631597000575098, -33.440488999975301 ], [ -70.631473999894993, -33.441082000257403 ], [ -70.631262000216495, -33.441929999322902 ], [ -70.631100999760605, -33.442666000762301 ], [ -70.632048000642399, -33.442666000423202 ], [ -70.631868000420198, -33.443395999522799 ], [ -70.631703999605406, -33.444053999492901 ], [ -70.631605000020897, -33.444184000600103 ], [ -70.631479000516407, -33.444257999869599 ], [ -70.631270000325102, -33.444280000514603 ], [ -70.631119999832094, -33.4442549995387 ], [ -70.631060999715501, -33.4443760003698 ], [ -70.630883999269003, -33.4450409998719 ], [ -70.630724999622402, -33.445607000366202 ], [ -70.630534999735602, -33.446283000388298 ], [ -70.630317999922099, -33.447071000643 ], [ -70.630436000237594, -33.447107000011002 ], [ -70.630276999571194, -33.4476419995326 ], [ -70.630091999803597, -33.448317000560102 ], [ -70.6297919999502, -33.449397999478499 ], [ -70.629663000440701, -33.449841000531997 ], [ -70.629466999610102, -33.450540000348298 ], [ -70.629284999833899, -33.451194999594598 ], [ -70.629196000514099, -33.451485999733997 ], [ -70.629204999370103, -33.451606999681204 ], [ -70.628915000021706, -33.452600999918502 ], [ -70.628722000264304, -33.453320999589003 ], [ -70.628431999821899, -33.454322000439703 ], [ -70.628267999462196, -33.454838000090298 ] ] } },
{ "type": "Feature", "properties": { "FID": 42, "objectid_1": 42, "objectid": 42, "oid_": 0, "name": "* Grecia", "folderpath": "Ciclovías Santiago 2015 - 2016", "popupinfo": "Vereda y Bandejón / Ambos sentidos / Capitán Ignacio Carrera Pinto a Diagonal Las Torres", "longitud": 6.78, "Shape__Length": 8127.2271563019103 }, "geometry": { "type": "LineString", "coordinates": [ [ -70.594024999784196, -33.464846999984601 ], [ -70.592282000724197, -33.465060000221101 ], [ -70.590406999826897, -33.465297000298101 ], [ -70.588637000109102, -33.4655269997481 ], [ -70.587000000776797, -33.465748999720098 ], [ -70.585590000533301, -33.465910000695999 ], [ -70.585480000357407, -33.465944000205099 ], [ -70.584164999611502, -33.466415999968497 ], [ -70.582738000293205, -33.466936999789198 ], [ -70.581391999825399, -33.467426999982699 ], [ -70.580042999323695, -33.467915000292301 ], [ -70.578449999950607, -33.4685120000563 ], [ -70.577453999948503, -33.468860999979 ], [ -70.577355000155904, -33.468916999611103 ], [ -70.577290999559693, -33.469042999655002 ], [ -70.577218000265106, -33.468943999995801 ], [ -70.577103000311496, -33.468866000114303 ], [ -70.576922999695498, -33.468794000135503 ], [ -70.576606999944701, -33.468744999852603 ], [ -70.576482999731894, -33.468742999679499 ], [ -70.576281999301997, -33.468771999946497 ], [ -70.576107999681994, -33.468842999466801 ], [ -70.575981999906404, -33.468933000572498 ], [ -70.575845000492393, -33.469051000003802 ], [ -70.575772999811903, -33.469162999930298 ], [ -70.575690000757305, -33.469291000224302 ], [ -70.575029999518506, -33.469418000106401 ], [ -70.574657000884599, -33.469506000071199 ], [ -70.574440000691197, -33.469559000105001 ], [ -70.573874000069694, -33.469671000666501 ], [ -70.572666999848494, -33.469906000410703 ], [ -70.571247999418205, -33.4701929997089 ], [ -70.570214999306799, -33.470400999757402 ], [ -70.568737000392005, -33.470679999989301 ], [ -70.568560000081305, -33.4707159997199 ], [ -70.567168000219795, -33.470994000188803 ], [ -70.565858999999193, -33.471251000459397 ], [ -70.564734999290806, -33.471479000238197 ], [ -70.563659999113895, -33.471688999566403 ], [ -70.563483000566507, -33.471723000824802 ], [ -70.5632899990932, -33.471747999556797 ], [ -70.562852000430894, -33.471839000034102 ], [ -70.562405000565604, -33.471941999570603 ], [ -70.5622409995173, -33.471956000201402 ], [ -70.561929999528203, -33.472026999849803 ], [ -70.561372000008404, -33.472143999614403 ], [ -70.560277999829907, -33.472356000260099 ], [ -70.558915000511206, -33.472626999884497 ], [ -70.557203999265795, -33.472969000179901 ], [ -70.555827999448596, -33.4732440001603 ], [ -70.554562000079599, -33.473495000568498 ], [ -70.554394999974306, -33.4735109999123 ], [ -70.554105999509602, -33.473555000719202 ], [ -70.554134999827795, -33.473588999767003 ], [ -70.552992999582699, -33.473833000077498 ], [ -70.551598000104704, -33.474112000019304 ], [ -70.550170999880606, -33.474392000640201 ], [ -70.549128000824197, -33.474600000059098 ], [ -70.548005999867698, -33.474817000421098 ], [ -70.5468019999592, -33.475070000188197 ], [ -70.545547000112293, -33.475323000359097 ], [ -70.544272999910902, -33.475576000139199 ], [ -70.542999000226501, -33.475823999741799 ], [ -70.541067999930803, -33.476215999949098 ], [ -70.539616000126898, -33.476506000156 ], [ -70.538039000218205, -33.476815000035899 ], [ -70.536912999709003, -33.477041000327702 ], [ -70.535490999856094, -33.4773319999873 ], [ -70.534571000441602, -33.477503999838 ], [ -70.534598000090895, -33.477638000078798 ], [ -70.534538999824505, -33.477711999878103 ], [ -70.534506999596502, -33.477846000257003 ], [ -70.534021000185305, -33.477926999330897 ], [ -70.532924000320705, -33.4781439993275 ], [ -70.532310000169005, -33.478254000097699 ], [ -70.531483999512602, -33.478412999831299 ], [ -70.530229000143606, -33.478659000230003 ], [ -70.529072999490296, -33.4788940004049 ], [ -70.528233000160995, -33.479036999381499 ], [ -70.527591999802397, -33.479159999739998 ], [ -70.526137999153704, -33.479444000559901 ], [ -70.525446000039295, -33.479582999806702 ], [ -70.524478000416806, -33.4796160003119 ], [ -70.524245000300198, -33.479551000273801 ] ] } },
{ "type": "Feature", "properties": { "FID": 43, "objectid_1": 43, "objectid": 43, "oid_": 0, "name": "* Isabel La Católica / Pocuro", "folderpath": "Ciclovías Santiago 2015 - 2016/* Isabel La Católica", "popupinfo": "Calle, Vereda y Bandejón / Ambos sentidos / Vespucio a Antonio Varas", "longitud": 3.77, "Shape__Length": 4517.5213614481972 }, "geometry": { "type": "LineString", "coordinates": [ [ -70.614090000088595, -33.4378899994893 ], [ -70.613924000276896, -33.4378630005357 ], [ -70.613470999286605, -33.437757999778 ], [ -70.612904999718296, -33.437609999771098 ], [ -70.612489000479101, -33.437439999610497 ], [ -70.611793999532097, -33.437116000133599 ], [ -70.611564000170802, -33.437013000052197 ], [ -70.611227999922093, -33.436895999889401 ], [ -70.610984000411904, -33.436837999945404 ], [ -70.609760999932604, -33.436594000171901 ], [ -70.608033999951004, -33.436236000010297 ], [ -70.606362999868296, -33.4357990005769 ], [ -70.605023999377707, -33.435460999831299 ], [ -70.604802000354596, -33.435404999746197 ], [ -70.604689000587001, -33.435357999435801 ], [ -70.604514999874795, -33.4353110002085 ], [ -70.603677999879693, -33.435100999832599 ], [ -70.603100999895503, -33.434955999683801 ], [ -70.601816000593004, -33.434647000013001 ], [ -70.601470000437004, -33.434565999703501 ], [ -70.601360000190397, -33.434494000172499 ], [ -70.600306000167905, -33.434217000423601 ], [ -70.598981000276694, -33.433863000420601 ], [ -70.598441999848902, -33.433735999333102 ], [ -70.597139000353707, -33.433394999631801 ], [ -70.595229000497994, -33.432906999979799 ], [ -70.593849999941895, -33.4325490000085 ], [ -70.592430999583598, -33.432182000027098 ], [ -70.590207999715901, -33.431610999561798 ], [ -70.588392000254004, -33.431147999587402 ], [ -70.587804999212494, -33.431003000346898 ], [ -70.587661999948494, -33.431163999444799 ], [ -70.587160999480602, -33.431191000218298 ], [ -70.586721000318505, -33.4311659994096 ], [ -70.586366999489002, -33.430994000174699 ], [ -70.585895000283003, -33.430698000218797 ], [ -70.585812000024802, -33.430699999616898 ], [ -70.585352999419598, -33.430436000775103 ], [ -70.585240000133894, -33.430388999536099 ], [ -70.584099999485503, -33.430088999400702 ], [ -70.582252000043695, -33.429617000139402 ], [ -70.580911000380794, -33.429288000177699 ], [ -70.580782999800206, -33.4292340001914 ], [ -70.580485000751096, -33.428987999908799 ], [ -70.579577999701698, -33.428165999582902 ], [ -70.578579999559693, -33.4272729998305 ], [ -70.577709000241001, -33.426508000118801 ], [ -70.577105000082796, -33.425974999830501 ] ] } },
{ "type": "Feature", "properties": { "FID": 44, "objectid_1": 44, "objectid": 44, "oid_": 0, "name": "* Jaime Guzmán / Diagonal Oriente", "folderpath": "Ciclovías Santiago 2015 - 2016/* Jaime Guzmán", "popupinfo": "Vereda / Ambos sentidos / Holanda a Simón Bolívar", "longitud": 0.65, "Shape__Length": 776.94713667117719 }, "geometry": { "type": "LineString", "coordinates": [ [ -70.597224999848905, -33.445262999822702 ], [ -70.596786999962603, -33.4455310001212 ], [ -70.596116999514507, -33.445956000463497 ], [ -70.595727999941602, -33.446171000298598 ], [ -70.595368000567206, -33.446361000247499 ], [ -70.595080999582507, -33.446515999470499 ], [ -70.594561000213901, -33.446801999770599 ], [ -70.594211999815997, -33.446995000555297 ], [ -70.593702999875006, -33.447271999862103 ], [ -70.593223000898007, -33.447536000528999 ], [ -70.592806999844598, -33.447761999881699 ], [ -70.592240999757806, -33.448052999753202 ], [ -70.591584000001504, -33.448396000065301 ], [ -70.591411999225997, -33.448480999354601 ] ] } },
{ "type": "Feature", "properties": { "FID": 45, "objectid_1": 45, "objectid": 45, "oid_": 0, "name": "*Jorge Ross Ossa", "folderpath": "Ciclovías Santiago 2015 - 2016", "popupinfo": "Bandejón / Ambos sentidos / Le Mans a Emiliana Subercaseaux De Concha", "longitud": 1.12, "Shape__Length": 1344.0694753668083 }, "geometry": { "type": "LineString", "coordinates": [ [ -70.580898000905606, -33.595421000612902 ], [ -70.581136999357099, -33.595488000068698 ], [ -70.582159000048804, -33.595606000199801 ], [ -70.583371000174097, -33.595747000250803 ], [ -70.584354999479501, -33.595840999543299 ], [ -70.5844869993294, -33.595676000693899 ], [ -70.584833000252402, -33.595581999901903 ], [ -70.5852909998966, -33.595472000364502 ], [ -70.585816999585603, -33.5954119997891 ], [ -70.586582000047997, -33.595351999816998 ], [ -70.587410000406393, -33.595387000140001 ], [ -70.588606999312901, -33.595487999641598 ], [ -70.589799999513204, -33.595621999352097 ], [ -70.590781999862401, -33.595765000273502 ], [ -70.591899999339205, -33.595966000227001 ], [ -70.592692000040103, -33.596146999284002 ] ] } },
{ "type": "Feature", "properties": { "FID": 46, "objectid_1": 46, "objectid": 46, "oid_": 0, "name": "* Larraín", "folderpath": "Ciclovías Santiago 2015 - 2016", "popupinfo": "Vereda y Bandejón / Ambos sentidos / Ossa a Las Perdices", "longitud": 3.98, "Shape__Length": 4763.604030666479 }, "geometry": { "type": "LineString", "coordinates": [ [ -70.570659999777206, -33.453399999794399 ], [ -70.570475000316705, -33.453399999836201 ], [ -70.570294999799501, -33.453431000088798 ], [ -70.570147999856204, -33.453467000327997 ], [ -70.569929999564494, -33.453470000422797 ], [ -70.566999999582805, -33.453099999733901 ], [ -70.566989999799702, -33.453159999209902 ], [ -70.566779999531704, -33.453139999446499 ], [ -70.559489999997993, -33.452229999876799 ], [ -70.558439999621498, -33.452129999388298 ], [ -70.557619999962, -33.451979999767602 ], [ -70.557559999671398, -33.452009999445899 ], [ -70.547460000381804, -33.4507599998527 ], [ -70.546550000589093, -33.450809999877798 ], [ -70.539980000247397, -33.4515300003536 ], [ -70.528340000745004, -33.4526600003014 ] ] } },
{ "type": "Feature", "properties": { "FID": 47, "objectid_1": 47, "objectid": 47, "oid_": 0, "name": "* La Paz", "folderpath": "Ciclovías Santiago 2015 - 2016", "popupinfo": "Calle / Sur a Norte / Santa María a Santos Dumont", "longitud": 1.16, "Shape__Length": 1392.1591845607447 }, "geometry": { "type": "LineString", "coordinates": [ [ -70.651668000577004, -33.431713999599303 ], [ -70.651663000365204, -33.4316330000959 ], [ -70.651710999567996, -33.431151999998903 ], [ -70.651721999810405, -33.431064999433197 ], [ -70.651655000096895, -33.430380000248803 ], [ -70.651575000114207, -33.429503999387798 ], [ -70.651498999843199, -33.428653999753401 ], [ -70.651435000368807, -33.427937000328598 ], [ -70.651359999431094, -33.427069000108098 ], [ -70.6513440003272, -33.426880999977499 ], [ -70.6513389991282, -33.426757999596497 ], [ -70.651303999702193, -33.426397000583698 ], [ -70.651241999504805, -33.425745999645102 ], [ -70.651178000068398, -33.424964999697004 ], [ -70.651094000489493, -33.424087000150401 ], [ -70.651038000630095, -33.4233510001174 ], [ -70.650990000019107, -33.422933999911997 ], [ -70.650938999707904, -33.422586999803301 ], [ -70.650865999758395, -33.4219920002771 ], [ -70.650765000039698, -33.421312999191102 ] ] } },
{ "type": "Feature", "properties": { "FID": 48, "objectid_1": 48, "objectid": 48, "oid_": 0, "name": "* Las Industrias (a)", "folderpath": "Ciclovías Santiago 2015 - 2016", "popupinfo": "Bandejón / Ambos sentidos / Pureo a Ingeniero Budge", "longitud": 1.89, "Shape__Length": 2275.0399057362129 }, "geometry": { "type": "LineString", "coordinates": [ [ -70.628153000150704, -33.497302000393098 ], [ -70.628015999667198, -33.4979149991564 ], [ -70.627874000812099, -33.498578999238902 ], [ -70.627742999356897, -33.499257000600998 ], [ -70.627592999778997, -33.499889999792799 ], [ -70.627485000299203, -33.500488999303997 ], [ -70.627323999887196, -33.501231999877902 ], [ -70.627195999531295, -33.501826999824601 ], [ -70.627058999358397, -33.502501999388898 ], [ -70.626933000165195, -33.503131000259202 ], [ -70.626785000400005, -33.5038170000607 ], [ -70.626667000674601, -33.504332000001902 ], [ -70.626535999752306, -33.505000999628898 ], [ -70.626376999064107, -33.505703000043901 ], [ -70.626233000248504, -33.506410000455702 ], [ -70.626071999503594, -33.507149999661401 ], [ -70.625927000483301, -33.507840999141301 ], [ -70.625790000860107, -33.508443000014402 ], [ -70.625643000115502, -33.509115999780498 ], [ -70.625471000025598, -33.509843000209699 ], [ -70.625313000496604, -33.510562999780397 ], [ -70.625186999223402, -33.511093000277903 ], [ -70.625047000402205, -33.511707999632399 ], [ -70.624885999639105, -33.512439000486502 ], [ -70.6247870003874, -33.512949000092497 ], [ -70.624783999869393, -33.513219000359101 ], [ -70.624797999280702, -33.513871999913398 ], [ -70.624806000292395, -33.514092000469198 ] ] } },
{ "type": "Feature", "properties": { "FID": 49, "objectid_1": 49, "objectid": 49, "oid_": 0, "name": "* Las Industrias (b)", "folderpath": "Ciclovías Santiago 2015 - 2016", "popupinfo": "Vereda / Ambos sentidos / Yungay a Lo Ovalle", "longitud": 0.86, "Shape__Length": 1032.613515160449 }, "geometry": { "type": "LineString", "coordinates": [ [ -70.622814999855606, -33.524056000014603 ], [ -70.622911999455795, -33.5234459997044 ], [ -70.623041000647305, -33.522540000350702 ], [ -70.623163999886003, -33.521754999957402 ], [ -70.623333000935304, -33.520646000168298 ], [ -70.623448000521506, -33.519828000218602 ], [ -70.623590999336102, -33.518893000633 ], [ -70.623743999134902, -33.5178950001864 ], [ -70.623879999384798, -33.5170010002361 ], [ -70.623930999670804, -33.516716999401702 ], [ -70.624013999866506, -33.516542999596098 ], [ -70.624094999531096, -33.516411000294802 ] ] } },
{ "type": "Feature", "properties": { "FID": 50, "objectid_1": 50, "objectid": 50, "oid_": 0, "name": "* Los Cerezos", "folderpath": "Ciclovías Santiago 2015 - 2016", "popupinfo": "Bandejón / Ambos sentidos / Cabo II Julio Pavez Ortiz a Los Instaladores", "longitud": 0.64, "Shape__Length": 774.37138015013056 }, "geometry": { "type": "LineString", "coordinates": [ [ -70.574658999536297, -33.505714000754502 ], [ -70.574479000475904, -33.505027000119497 ], [ -70.574168000492506, -33.5038350002473 ], [ -70.5738889995378, -33.502826999934001 ], [ -70.573840999913699, -33.502481999374098 ], [ -70.573703999914798, -33.501910000535297 ], [ -70.5734409999327, -33.500870000495503 ], [ -70.5732240004929, -33.500040000255801 ] ] } },
{ "type": "Feature", "properties": { "FID": 51, "objectid_1": 51, "objectid": 51, "oid_": 0, "name": "* Los Presidentes", "folderpath": "Ciclovías Santiago 2015 - 2016", "popupinfo": "Vereda / Ambos sentidos / Américo Vespucio a Santa María", "longitud": 0.39, "Shape__Length": 470.13444805500257 }, "geometry": { "type": "LineString", "coordinates": [ [ -70.578113999846806, -33.480115999583198 ], [ -70.577407999737503, -33.480314999898198 ], [ -70.576368000511096, -33.480640999697201 ], [ -70.575303000129296, -33.480959000129602 ], [ -70.574140999710707, -33.481309999942901 ] ] } },
{ "type": "Feature", "properties": { "FID": 52, "objectid_1": 52, "objectid": 52, "oid_": 0, "name": "* Manquehue Sur / Parque por Manquehue Sur", "folderpath": "Ciclovías Santiago 2015 - 2016/* Manquehue Sur", "popupinfo": "Calle y Parque / Ambos sentidos / Maria Teresa a Isabel La Católica", "longitud": 1.58, "Shape__Length": 1899.5660109095452 }, "geometry": { "type": "LineString", "coordinates": [ [ -70.563949000327597, -33.425147000133002 ], [ -70.564086000620804, -33.424450000084803 ], [ -70.564224999158398, -33.423952999832899 ], [ -70.564270999483796, -33.423369000176699 ], [ -70.564302999398194, -33.422440000167299 ], [ -70.564338000760401, -33.421464000482203 ], [ -70.564367000155698, -33.420738999887902 ], [ -70.564361999875999, -33.420406999673297 ], [ -70.564329999578902, -33.419223000372398 ], [ -70.564317000738896, -33.418105999950797 ], [ -70.564326999771794, -33.417836999910001 ], [ -70.564484999938102, -33.4173720003269 ], [ -70.564656999329202, -33.417006999856397 ], [ -70.564836999745395, -33.416574999419701 ], [ -70.565017000665193, -33.415972000076202 ], [ -70.565304000038296, -33.415007000005801 ], [ -70.565611999735694, -33.413978000833502 ], [ -70.565804999592899, -33.413289999722899 ], [ -70.565966000359197, -33.412726000047797 ], [ -70.566328000330302, -33.411142999632503 ] ] } },
{ "type": "Feature", "properties": { "FID": 53, "objectid_1": 53, "objectid": 53, "oid_": 0, "name": "* Manuel Antonio Matta", "folderpath": "Ciclovías Santiago 2015 - 2016", "popupinfo": "Bandejón / Ambos sentidos / Vicuña Mackenna a San Diego", "longitud": 1.84, "Shape__Length": 2202.1897890970727 }, "geometry": { "type": "LineString", "coordinates": [ [ -70.629931000009606, -33.455493999887103 ], [ -70.631109000572906, -33.455746999865298 ], [ -70.632732000012396, -33.456099000272701 ], [ -70.634547000780699, -33.456480999749303 ], [ -70.636095000013299, -33.456800999962802 ], [ -70.637492999481694, -33.457108000128102 ], [ -70.639351000104995, -33.457504000586603 ], [ -70.641397999652696, -33.457934000419002 ], [ -70.642955999514797, -33.458250999363699 ], [ -70.645054000112097, -33.458698999274098 ], [ -70.646411000024401, -33.458979000156603 ], [ -70.647554000032997, -33.459218000327098 ], [ -70.649107000181203, -33.4595490000357 ] ] } },
{ "type": "Feature", "properties": { "FID": 54, "objectid_1": 54, "objectid": 54, "oid_": 0, "name": "* Mapocho", "folderpath": "Ciclovías Santiago 2015 - 2016", "popupinfo": "Calle / Ambos sentidos / Cautín a Brasil", "longitud": 0.48, "Shape__Length": 575.23233751683358 }, "geometry": { "type": "LineString", "coordinates": [ [ -70.670248000258098, -33.432171000421903 ], [ -70.669268999476699, -33.432126000057103 ], [ -70.669137000649698, -33.432114999959602 ], [ -70.668531000268402, -33.432096999500303 ], [ -70.667847000396307, -33.432079000040197 ], [ -70.667657000362198, -33.432076999537003 ], [ -70.666894999937995, -33.432058999529602 ], [ -70.666435999540596, -33.432048000157998 ], [ -70.665083999833996, -33.432055000107397 ] ] } },
{ "type": "Feature", "properties": { "FID": 55, "objectid_1": 55, "objectid": 55, "oid_": 0, "name": "* Marín (a)", "folderpath": "Ciclovías Santiago 2015 - 2016", "popupinfo": "Vereda / Ambos sentidos / Gral. Bustamante a Salvador", "longitud": 0.71, "Shape__Length": 846.45677456391604 }, "geometry": { "type": "LineString", "coordinates": [ [ -70.630842999232897, -33.445028000070103 ], [ -70.629918000080394, -33.444786000521198 ], [ -70.629112999538904, -33.4445659999908 ], [ -70.628021999387897, -33.444276000392101 ], [ -70.626945999456893, -33.443984999687302 ], [ -70.626846999647299, -33.443975999938502 ], [ -70.626681000182103, -33.444049000598 ], [ -70.626663999987898, -33.4440790002634 ], [ -70.626487000142205, -33.444138999934097 ], [ -70.626391000231905, -33.444120999887602 ], [ -70.625650999929405, -33.443966999935498 ], [ -70.624752000610897, -33.443782999461398 ], [ -70.623579999616595, -33.443543999426701 ] ] } },
{ "type": "Feature", "properties": { "FID": 56, "objectid_1": 56, "objectid": 56, "oid_": 0, "name": "* Martínez de Rozas", "folderpath": "Ciclovías Santiago 2015 - 2016", "popupinfo": "Calle / Ambos sentidos / Antonio Ebner a Matucana", "longitud": 1.52, "Shape__Length": 1823.0219101292112 }, "geometry": { "type": "LineString", "coordinates": [ [ -70.680435000093397, -33.434553000833098 ], [ -70.6815420005601, -33.434631000327897 ], [ -70.682605000101603, -33.434703000115299 ], [ -70.683837999896397, -33.434768000844201 ], [ -70.685393999412199, -33.434871000043003 ], [ -70.687221000376795, -33.434964999428502 ], [ -70.688542999847797, -33.4350320003538 ], [ -70.689792999843107, -33.435102999416102 ], [ -70.690975999591203, -33.4351700000176 ], [ -70.691075000089498, -33.435178999978902 ], [ -70.6922579999232, -33.435255999390897 ], [ -70.692652000022605, -33.435272999909301 ], [ -70.693516000613997, -33.435332000056697 ], [ -70.694105999244002, -33.435367000120301 ], [ -70.694893999882098, -33.435463999961001 ], [ -70.695195000748598, -33.435494999987 ], [ -70.696745000334204, -33.4357049992838 ] ] } },
{ "type": "Feature", "properties": { "FID": 57, "objectid_1": 57, "objectid": 57, "oid_": 0, "name": "* Matta Oriente / Dublé Almeyda", "folderpath": "Ciclovías Santiago 2015 - 2016/* Matta Oriente", "popupinfo": "Calle y Vereda / Poniente a Oriente / San Eugenio a Ramón Cruz", "longitud": 4.46, "Shape__Length": 5344.9502390649704 }, "geometry": { "type": "LineString", "coordinates": [ [ -70.627546999843403, -33.454763000137703 ], [ -70.626412000579805, -33.454643999487303 ], [ -70.625806000678494, -33.454565999594401 ], [ -70.625133000106601, -33.454498999974703 ], [ -70.624630999736496, -33.454443000749997 ], [ -70.623945000148595, -33.454260999690803 ], [ -70.623859000523694, -33.454286000440497 ], [ -70.623198999832098, -33.454088999886601 ], [ -70.622501999926598, -33.453922999747903 ], [ -70.622227999781501, -33.453822999991303 ], [ -70.622155999759002, -33.453760000747401 ], [ -70.622008000069201, -33.453824999631301 ], [ -70.621766999654298, -33.453940999696997 ], [ -70.621508999853901, -33.454016999195602 ], [ -70.621383000958602, -33.454003999833702 ], [ -70.620760999938994, -33.454115999606202 ], [ -70.620248999822493, -33.454208000661197 ], [ -70.619336999802897, -33.454367000147499 ], [ -70.619075999732601, -33.454408999682201 ], [ -70.618933999425195, -33.454410999545402 ], [ -70.617869000498004, -33.4544050000463 ], [ -70.617300999663797, -33.4544269993021 ], [ -70.616622000710905, -33.454484999940199 ], [ -70.6160719999707, -33.454513999611599 ], [ -70.615920000808302, -33.454562999898599 ], [ -70.615758999650794, -33.454545999672 ], [ -70.614536000181403, -33.454647999611304 ], [ -70.613765999992196, -33.454703999974598 ], [ -70.613130000023304, -33.454777999187499 ], [ -70.612256000706097, -33.454877000022698 ], [ -70.6113279999783, -33.454980000113203 ], [ -70.609749999955795, -33.455149999274397 ], [ -70.608046999164799, -33.455320000247099 ], [ -70.607011999488506, -33.455436000629398 ], [ -70.606296000053902, -33.455507999851697 ], [ -70.605098999985799, -33.455637999428099 ], [ -70.603481999614303, -33.455821000176201 ], [ -70.602763000114706, -33.455898999733499 ], [ -70.602621000126803, -33.455904000270003 ], [ -70.601748999807896, -33.456026999349703 ], [ -70.600483000084694, -33.456207999747299 ], [ -70.599872000022501, -33.456291000122803 ], [ -70.599145000265906, -33.456415999895299 ], [ -70.5982999995596, -33.456554999297303 ], [ -70.597926999792406, -33.4566200002428 ], [ -70.597787999597998, -33.456637999799902 ], [ -70.597533000939407, -33.456660000453702 ], [ -70.596542999930705, -33.456701000276198 ], [ -70.595886000467402, -33.456741000600097 ], [ -70.5949039998968, -33.456779000281202 ], [ -70.593750999637606, -33.456832999835903 ], [ -70.592794000581094, -33.456868000044899 ], [ -70.592075000055004, -33.456908999648 ], [ -70.590940000395804, -33.456985000053002 ], [ -70.589901999964198, -33.457049999832797 ], [ -70.588636000524005, -33.457108000311997 ], [ -70.588065000218194, -33.4571619997296 ], [ -70.587847999544294, -33.457213000803399 ], [ -70.587010999738993, -33.457765999486298 ], [ -70.586820000395406, -33.457851000529303 ], [ -70.586012999384593, -33.457996000022803 ], [ -70.585213999723905, -33.458123999701598 ], [ -70.584342000178296, -33.4582600004575 ], [ -70.583996000366298, -33.458323000325699 ], [ -70.583013999681597, -33.458491000346797 ], [ -70.581872000184404, -33.4586829997669 ], [ -70.580461000162401, -33.458919999919203 ] ] } },
{ "type": "Feature", "properties": { "FID": 58, "objectid_1": 58, "objectid": 58, "oid_": 0, "name": "* Montenegro / Juan Moya", "folderpath": "Ciclovías Santiago 2015 - 2016/* Montenegro", "popupinfo": "Vereda / Ambos sentidos / Tobalaba a Grecia", "longitud": 3.47, "Shape__Length": 4177.3417960223278 }, "geometry": { "type": "LineString", "coordinates": [ [ -70.580665000115502, -33.435051999860299 ], [ -70.581032000147403, -33.4356520000484 ], [ -70.5812250001172, -33.435985000358599 ], [ -70.581409999844894, -33.436303000176899 ], [ -70.581736999889003, -33.436869000214003 ], [ -70.582048999901801, -33.437370999623901 ], [ -70.582336000574998, -33.437833999757302 ], [ -70.582579999703597, -33.438250000416197 ], [ -70.582791999550906, -33.4386170000354 ], [ -70.583035999806498, -33.439043000140202 ], [ -70.583147999817001, -33.439254999928501 ], [ -70.583524000408701, -33.439893000234498 ], [ -70.583628000591304, -33.440058999760097 ], [ -70.583631000149296, -33.4400920002671 ], [ -70.583964000204702, -33.440587000102802 ], [ -70.584050000523206, -33.440720999321599 ], [ -70.584065999534104, -33.440837999505497 ], [ -70.584099999643897, -33.441110999486902 ], [ -70.584173000630898, -33.441705999937 ], [ -70.584239999480701, -33.442369000640802 ], [ -70.5842989996776, -33.4428249992595 ], [ -70.5843660002337, -33.443400000281997 ], [ -70.584428000015194, -33.443939999891001 ], [ -70.584495000259906, -33.444505999490197 ], [ -70.5845669993478, -33.445063000602801 ], [ -70.584653000415997, -33.445770999318498 ], [ -70.584715000630396, -33.446347999981398 ], [ -70.584781999489806, -33.446907000025199 ], [ -70.584821999374796, -33.4472450002039 ], [ -70.584837999322602, -33.447346000645801 ], [ -70.584835000272804, -33.447453999622503 ], [ -70.584869999896895, -33.447641999911099 ], [ -70.584923999929302, -33.448034999879098 ], [ -70.584945000039795, -33.448263999818899 ], [ -70.584979999533203, -33.448528000489198 ], [ -70.585044999950298, -33.449022000613503 ], [ -70.585135999770102, -33.449706999939998 ], [ -70.585231999289405, -33.4504769999416 ], [ -70.585333999901707, -33.4512200005029 ], [ -70.585412000181705, -33.451809000128897 ], [ -70.5854980000084, -33.452417000002697 ], [ -70.585552000526505, -33.4530190005975 ], [ -70.585637000068999, -33.453665999367999 ], [ -70.585731000790403, -33.454350999820697 ], [ -70.585797999507804, -33.454870000243297 ], [ -70.585871000855505, -33.455422999620403 ], [ -70.585884000688694, -33.455503000132097 ], [ -70.586028999412605, -33.456180999609202 ], [ -70.586165999928795, -33.456752000149599 ], [ -70.5863350007496, -33.457482000145802 ], [ -70.586514000789705, -33.458200000049104 ], [ -70.586681000517103, -33.458924999911503 ], [ -70.586844000765595, -33.459572000467602 ], [ -70.586995000004606, -33.460208999710801 ], [ -70.587080000934705, -33.460547000127903 ], [ -70.587150000173693, -33.460892000504202 ], [ -70.587311000760707, -33.461602999144901 ], [ -70.587492999651602, -33.462295000124101 ], [ -70.587645999930103, -33.4629099993466 ], [ -70.587797000395696, -33.463520999925102 ], [ -70.587896000716697, -33.463951000187102 ], [ -70.587903999694902, -33.464009000141097 ], [ -70.5880540002766, -33.464433999969998 ], [ -70.588158999405707, -33.464911000571099 ], [ -70.588211999143098, -33.4651190002646 ], [ -70.588202000410405, -33.465236999823603 ], [ -70.588243999967304, -33.4654119998767 ] ] } },
{ "type": "Feature", "properties": { "FID": 59, "objectid_1": 59, "objectid": 59, "oid_": 0, "name": "* Nevería", "folderpath": "Ciclovías Santiago 2015 - 2016", "popupinfo": "Calle / Ambos sentidos / Américo Vespucio a La Capitanía", "longitud": 1.2, "Shape__Length": 1441.1079305826624 }, "geometry": { "type": "LineString", "coordinates": [ [ -70.571641999418503, -33.411740999740502 ], [ -70.572145999917893, -33.411892999806497 ], [ -70.572734000404296, -33.412068000223499 ], [ -70.573605000001805, -33.4123450001115 ], [ -70.574197999740093, -33.412536000888402 ], [ -70.574810000009407, -33.4127329991952 ], [ -70.575161000725103, -33.412843000499599 ], [ -70.575247000149901, -33.412887000469901 ], [ -70.576347000356904, -33.413227999782599 ], [ -70.577641999876306, -33.413650999925501 ], [ -70.577768000518105, -33.413695999891303 ], [ -70.578651000276594, -33.413974999834998 ], [ -70.579208999479803, -33.414156999249698 ], [ -70.579417999827498, -33.414228000473003 ], [ -70.579764000405405, -33.414347000264399 ], [ -70.579865999864893, -33.414377999641097 ], [ -70.580013000340401, -33.4144430004892 ], [ -70.580137000858898, -33.414495000127602 ], [ -70.580233000497202, -33.414548999544202 ], [ -70.580976000251297, -33.414893000632397 ], [ -70.581419000292797, -33.415078999787298 ], [ -70.581560999905705, -33.415139999720502 ], [ -70.581735000464704, -33.415205000491802 ], [ -70.581860999675996, -33.415245000031199 ], [ -70.582249999454604, -33.4153859993759 ], [ -70.582548000384705, -33.415493000326599 ], [ -70.583079000111894, -33.4156750000069 ], [ -70.583598999870205, -33.415847000224801 ] ] } },
{ "type": "Feature", "properties": { "FID": 60, "objectid_1": 60, "objectid": 60, "oid_": 0, "name": "* Nueva Tobalaba / Nueva Providencia", "folderpath": "Ciclovías Santiago 2015 - 2016/* Nueva Tobalaba", "popupinfo": "Vereda / Ambos sentidos / Andrés Bello a Luis Thayer Ojeda", "longitud": 0.3, "Shape__Length": 358.62372599273954 }, "geometry": { "type": "LineString", "coordinates": [ [ -70.606848000009293, -33.416206999586997 ], [ -70.606230999334002, -33.416671999260302 ], [ -70.605725999833894, -33.4169519996045 ], [ -70.605137999996501, -33.417228000218401 ], [ -70.604924000736304, -33.417301000157003 ], [ -70.604885000368697, -33.4174129998284 ], [ -70.604577999643993, -33.417462999981304 ], [ -70.604335000181706, -33.417472000076501 ], [ -70.604154999878105, -33.417496999627502 ] ] } },
{ "type": "Feature", "properties": { "FID": 61, "objectid_1": 61, "objectid": 61, "oid_": 0, "name": "* Padre Hurtado", "folderpath": "Ciclovías Santiago 2015 - 2016", "popupinfo": "Vereda / Ambos sentidos / Francisco Bilbao a Carlos Silva Vildósola", "longitud": 1.24, "Shape__Length": 1490.4216326294725 }, "geometry": { "type": "LineString", "coordinates": [ [ -70.539146999851397, -33.428975000662497 ], [ -70.539113999755301, -33.429046000489301 ], [ -70.5391200005744, -33.429916999764302 ], [ -70.539066000008603, -33.430398000643898 ], [ -70.538988000693394, -33.430852999677697 ], [ -70.5388060001913, -33.431552999735999 ], [ -70.538519000826895, -33.432262999705699 ], [ -70.538309999481896, -33.432695000476599 ], [ -70.537923999982397, -33.433407000096103 ], [ -70.537880999300597, -33.433504999544397 ], [ -70.537832000570006, -33.433676999504101 ], [ -70.537743999685304, -33.4337870005184 ], [ -70.537387000532604, -33.434181000503699 ], [ -70.537309000561194, -33.4343130004101 ], [ -70.537273999274802, -33.434420999350202 ], [ -70.537242000426403, -33.434727000166198 ], [ -70.537234000059996, -33.435060999769597 ], [ -70.537255999569396, -33.435408000004202 ], [ -70.537258000034299, -33.435468000273701 ], [ -70.537183000254203, -33.435648999878801 ], [ -70.537132000132104, -33.435739000560197 ], [ -70.537132000342098, -33.435984999805598 ], [ -70.537114000141798, -33.436402000252201 ], [ -70.536901999951397, -33.437086000757901 ], [ -70.536556000223698, -33.437709000392402 ], [ -70.536485999901899, -33.437896999968501 ], [ -70.536448000523905, -33.4381180001186 ], [ -70.536312000158503, -33.4384090001709 ], [ -70.536175000337195, -33.438693999852703 ], [ -70.535939000175603, -33.439039999253403 ], [ -70.535665000489999, -33.439562000526898 ] ] } },
{ "type": "Feature", "properties": { "FID": 62, "objectid_1": 62, "objectid": 62, "oid_": 0, "name": "* Pajaritos", "folderpath": "Ciclovías Santiago 2015 - 2016", "popupinfo": "Bandejón / Ambos sentidos / Coronel Santiago Bueras a Maipú", "longitud": 1.18, "Shape__Length": 1415.3330957528776 }, "geometry": { "type": "LineString", "coordinates": [ [ -70.757448999483202, -33.496362999696103 ], [ -70.757446999108893, -33.497214999529703 ], [ -70.757430999641898, -33.497963999673203 ], [ -70.757420000346499, -33.498733999313998 ], [ -70.757404000554402, -33.499539000066299 ], [ -70.757408999136501, -33.500280999885497 ], [ -70.757385000213006, -33.501084000137098 ], [ -70.757373999320706, -33.501822000063399 ], [ -70.757366000384906, -33.502643000270801 ], [ -70.757350000013105, -33.503474999506103 ], [ -70.757333999860407, -33.504219999524302 ], [ -70.757333999878199, -33.505012000486502 ], [ -70.7573259997951, -33.505776999622 ], [ -70.757314999264494, -33.506535000012299 ], [ -70.757317999531793, -33.506963999201901 ] ] } },
{ "type": "Feature", "properties": { "FID": 63, "objectid_1": 63, "objectid": 63, "oid_": 0, "name": "* Peatonal Ahumada / Puente", "folderpath": "Ciclovías Santiago 2015 - 2016/* Peatonal Ahumada", "popupinfo": "Alameda a San Pablo", "longitud": 1.05, "Shape__Length": 1261.7443309208065 }, "geometry": { "type": "LineString", "coordinates": [ [ -70.651679999958802, -33.434254000200397 ], [ -70.651682000124296, -33.434310000422499 ], [ -70.651653000008594, -33.434496999852101 ], [ -70.651619999466803, -33.434712999381098 ], [ -70.651582000471706, -33.434968000024803 ], [ -70.651577000213706, -33.434995999796897 ], [ -70.651580000083399, -33.4350430000001 ], [ -70.651549999862297, -33.435252000141503 ], [ -70.651512999896696, -33.435516999519201 ], [ -70.651475999424605, -33.4357749998128 ], [ -70.651447000443795, -33.435986000357197 ], [ -70.651443999603103, -33.436008999919203 ], [ -70.651415000559993, -33.4361989996262 ], [ -70.651377999275994, -33.4364630006365 ], [ -70.651336000434199, -33.436745000099997 ], [ -70.651300999179995, -33.436993999614501 ], [ -70.651260000851195, -33.437271999642498 ], [ -70.651250000403095, -33.437344999471598 ], [ -70.651243999935502, -33.4373800007955 ], [ -70.651193000490807, -33.4376980001066 ], [ -70.651150000067005, -33.4379650001176 ], [ -70.651104999145602, -33.438249000014601 ], [ -70.651083000747903, -33.438393999956297 ], [ -70.651084999152303, -33.438490000671401 ], [ -70.651104000308493, -33.438557999624201 ], [ -70.651056999675504, -33.438880000201301 ], [ -70.651018000547495, -33.439148000185497 ], [ -70.650979999964505, -33.439407000159797 ], [ -70.650949000098507, -33.439615999855597 ], [ -70.650947000193497, -33.439631999624901 ], [ -70.650939000116793, -33.439709999552697 ], [ -70.650909999238095, -33.4399279998905 ], [ -70.650895999727695, -33.440030000628099 ], [ -70.650859999811104, -33.440298000278197 ], [ -70.650818999395796, -33.440593000419597 ], [ -70.650781999765798, -33.440860999816699 ], [ -70.650744000537401, -33.441119000437197 ], [ -70.650705000574007, -33.441385000030003 ], [ -70.6506609993871, -33.4416819997099 ], [ -70.650632000653601, -33.4418639999394 ], [ -70.650666000230004, -33.4419359999346 ], [ -70.650606999568595, -33.442026999581302 ], [ -70.650563000267994, -33.442331000055901 ], [ -70.650522999993001, -33.442614999789299 ], [ -70.650481999934001, -33.442896999938 ], [ -70.650441999594506, -33.443174999786898 ], [ -70.650400000050098, -33.443468999361102 ], [ -70.650390999583493, -33.443529999605602 ], [ -70.650341999895005, -33.443617999991503 ] ] } },
{ "type": "Feature", "properties": { "FID": 64, "objectid_1": 64, "objectid": 64, "oid_": 0, "name": "* Peatonal Bulnes / Parque Almagro", "folderpath": "Ciclovías Santiago 2015 - 2016/* Peatonal Bulnes", "popupinfo": "Alameda a Santa Isabel", "longitud": 0.82, "Shape__Length": 985.67983512978924 }, "geometry": { "type": "LineString", "coordinates": [ [ -70.652045999945003, -33.452111000140199 ], [ -70.652242000099307, -33.451225000766797 ], [ -70.652389999887902, -33.450477000410103 ], [ -70.652532000132695, -33.4497609998825 ], [ -70.6527459998361, -33.448679999865099 ], [ -70.652915000366306, -33.447765000299498 ], [ -70.653113999505507, -33.446690000033897 ], [ -70.653258999946701, -33.445987999882803 ], [ -70.653502999399606, -33.444824000082299 ] ] } },
{ "type": "Feature", "properties": { "FID": 65, "objectid_1": 65, "objectid": 65, "oid_": 0, "name": "* Peatonal Estado / 21 de Mayo", "folderpath": "Ciclovías Santiago 2015 - 2016/* Peatonal Estado", "popupinfo": "Alameda a Rosas", "longitud": 0.95, "Shape__Length": 1137.3823548304147 }, "geometry": { "type": "LineString", "coordinates": [ [ -70.6501770003334, -33.434881000165099 ], [ -70.650132999657501, -33.435182999637398 ], [ -70.650101000442803, -33.4354000000382 ], [ -70.650070000111995, -33.435614999507798 ], [ -70.650034999785802, -33.435678999868102 ], [ -70.650014999213894, -33.435804999580903 ], [ -70.649992999886905, -33.4359740006241 ], [ -70.6499909998482, -33.435984999762198 ], [ -70.650030999918101, -33.436051000602703 ], [ -70.650001999936705, -33.436286000280397 ], [ -70.649968000492294, -33.436607999834102 ], [ -70.649933000089504, -33.436916000109697 ], [ -70.649904999777405, -33.437168999520203 ], [ -70.6498579993292, -33.437474000344601 ], [ -70.649812999736596, -33.437757999843797 ], [ -70.649765999457102, -33.4380090001629 ], [ -70.649718000508201, -33.4382579999697 ], [ -70.649700999573597, -33.4383429996454 ], [ -70.649672000485197, -33.438435999436102 ], [ -70.649628000208097, -33.438760000478901 ], [ -70.6495849991786, -33.439071000101499 ], [ -70.649542999986593, -33.439383000023703 ], [ -70.649527999361098, -33.439498000256002 ], [ -70.649515999819201, -33.439556000321602 ], [ -70.649490999668402, -33.4397229994049 ], [ -70.649450000151305, -33.440022999807198 ], [ -70.649412000167203, -33.440293999944799 ], [ -70.649368000906904, -33.4406070003525 ], [ -70.649363000049803, -33.4406489999838 ], [ -70.649318999983393, -33.440930999206799 ], [ -70.6492700007731, -33.4412429992163 ], [ -70.649234999677205, -33.441532000402198 ], [ -70.649200999684297, -33.441808999380399 ], [ -70.649160000198805, -33.442045999881501 ], [ -70.649109000461294, -33.442354999880401 ], [ -70.649071000057006, -33.442617999765098 ], [ -70.649027000191694, -33.442913000454297 ], [ -70.648991000355096, -33.443156000056298 ], [ -70.6489849996902, -33.443196000085599 ], [ -70.648938000305904, -33.443323999966701 ] ] } },
{ "type": "Feature", "properties": { "FID": 66, "objectid_1": 66, "objectid": 66, "oid_": 0, "name": "* Peatonal Huérfanos", "folderpath": "Ciclovías Santiago 2015 - 2016", "popupinfo": "Amunátegui a Santa Lucía", "longitud": 1.18, "Shape__Length": 1410.8222610936375 }, "geometry": { "type": "LineString", "coordinates": [ [ -70.643956999772996, -33.438988999956301 ], [ -70.644928000304205, -33.439048999708298 ], [ -70.645260999533306, -33.439072000422399 ], [ -70.645450999991198, -33.439072000489901 ], [ -70.646822000175604, -33.439224000352198 ], [ -70.648162999522995, -33.439358000042098 ], [ -70.648275000613097, -33.439371999981397 ], [ -70.649308000178706, -33.439469999806199 ], [ -70.649426000625894, -33.439479000331701 ], [ -70.649555000429004, -33.439499000070398 ], [ -70.650865999824205, -33.439626999888198 ], [ -70.651044000269493, -33.439646999422799 ], [ -70.652063000131903, -33.439743000010502 ], [ -70.652199999713702, -33.439751999934202 ], [ -70.652314999248404, -33.439770000027998 ], [ -70.652634000408597, -33.439799000396697 ], [ -70.653302000548805, -33.439870999890204 ], [ -70.653683000035699, -33.439911000024203 ], [ -70.654419999366098, -33.4399759993291 ], [ -70.655160999344304, -33.440052000802297 ], [ -70.656134000529406, -33.440145999885701 ], [ -70.656351999304107, -33.4401709991647 ], [ -70.656544999059406, -33.440190999588403 ] ] } },
{ "type": "Feature", "properties": { "FID": 67, "objectid_1": 67, "objectid": 67, "oid_": 0, "name": "* Pedro Aguirre Cerda", "folderpath": "Ciclovías Santiago 2015 - 2016", "popupinfo": "Calle / Ambos sentidos / Arturo Vicari a Enrique Escobar", "longitud": 0.74, "Shape__Length": 894.13778898118903 }, "geometry": { "type": "LineString", "coordinates": [ [ -70.688724999709507, -33.476380000110403 ], [ -70.687909999355, -33.475780000826802 ], [ -70.687019999789698, -33.475139999773397 ], [ -70.686192999531301, -33.474510999967301 ], [ -70.685219999473105, -33.473798000017503 ], [ -70.684445000022805, -33.473225000443001 ], [ -70.683695999888897, -33.472663000006598 ], [ -70.682707000499406, -33.471942999373702 ] ] } },
{ "type": "Feature", "properties": { "FID": 68, "objectid_1": 68, "objectid": 68, "oid_": 0, "name": "* Pedro de Valdivia", "folderpath": "Ciclovías Santiago 2015 - 2016", "popupinfo": "Vereda / Ambos sentidos / Dr. Pedro Lautaro Ferrer a Capitán Orella", "longitud": 0.84, "Shape__Length": 1011.9002378623557 }, "geometry": { "type": "LineString", "coordinates": [ [ -70.606159000036996, -33.445412000595098 ], [ -70.606045999561204, -33.446061999648499 ], [ -70.6059689996207, -33.446484000686297 ], [ -70.605882999566205, -33.447065999673498 ], [ -70.605769999466006, -33.447639000805502 ], [ -70.605703000584597, -33.447983999863098 ], [ -70.605667999934596, -33.448022000103499 ], [ -70.605616999829195, -33.448254999807801 ], [ -70.605537000036904, -33.448751999688 ], [ -70.605428999982294, -33.4494359999686 ], [ -70.6053860006744, -33.449640000322802 ], [ -70.605340999750396, -33.449894999956499 ], [ -70.605242000295604, -33.450499000034903 ], [ -70.605203999339693, -33.450709999638399 ], [ -70.605226000451097, -33.450760999249098 ], [ -70.605236000633994, -33.450795000504201 ], [ -70.605147999939305, -33.451336000315798 ], [ -70.605067000227905, -33.451879999970203 ], [ -70.605054000361307, -33.451969999804902 ], [ -70.604930999961397, -33.452577999680301 ], [ -70.604913999900504, -33.452667999881399 ], [ -70.6048819998787, -33.452904999933999 ] ] } },
{ "type": "Feature", "properties": { "FID": 69, "objectid_1": 69, "objectid": 69, "oid_": 0, "name": "* Pío Nono", "folderpath": "Ciclovías Santiago 2015 - 2016", "popupinfo": "Vereda y Calle / Ambos sentidos / Bellavista a Constitución", "longitud": 0.44, "Shape__Length": 528.17265810039942 }, "geometry": { "type": "LineString", "coordinates": [ [ -70.635550999780307, -33.434807000697496 ], [ -70.635679999580503, -33.434076999782597 ], [ -70.635790000476604, -33.4333720000404 ], [ -70.635934999733294, -33.432604999378 ], [ -70.636009999260594, -33.432147999798701 ], [ -70.636165000244802, -33.431226000154503 ], [ -70.636227000128102, -33.430887999694697 ] ] } },
{ "type": "Feature", "properties": { "FID": 70, "objectid_1": 70, "objectid": 70, "oid_": 0, "name": "* Portugal", "folderpath": "Ciclovías Santiago 2015 - 2016", "popupinfo": "Calle / Norte a Sur - Sur a Norte/ Alameda a Matta", "longitud": 1.9, "Shape__Length": 2281.0697055772584 }, "geometry": { "type": "LineString", "coordinates": [ [ -70.640330000090998, -33.440287000781098 ], [ -70.639182000526503, -33.441522999868504 ], [ -70.638228000452003, -33.442597000216601 ], [ -70.637615999803302, -33.443375999516299 ], [ -70.636972000043102, -33.444422999701899 ], [ -70.636607000356605, -33.445005000095499 ], [ -70.635953000157002, -33.445971999780802 ], [ -70.635523999720604, -33.447190000606902 ], [ -70.635298000412803, -33.448093999680999 ], [ -70.634644000441796, -33.450635999845197 ], [ -70.634408000663399, -33.451612000131 ], [ -70.633742999898899, -33.454261000334398 ], [ -70.633314000302207, -33.456051999539 ] ] } },
{ "type": "Feature", "properties": { "FID": 71, "objectid_1": 71, "objectid": 71, "oid_": 0, "name": "* Presidente Riesco / Parque Araucano", "folderpath": "Ciclovías Santiago 2015 - 2016/* Presidente Riesco", "popupinfo": "Vereda / Ambos sentidos / Vespucio a Manquehue", "longitud": 1.81, "Shape__Length": 2174.4833457810878 }, "geometry": { "type": "LineString", "coordinates": [ [ -70.586261999490702, -33.410410999515697 ], [ -70.585988999893601, -33.410296999477502 ], [ -70.585754999947696, -33.410212000376703 ], [ -70.585476000485301, -33.410025999829102 ], [ -70.584142999570403, -33.4090720001835 ], [ -70.583036000606896, -33.408284000327797 ], [ -70.582333000473994, -33.407779999507397 ], [ -70.581716000749097, -33.407336999716698 ], [ -70.581176999511896, -33.406942999764802 ], [ -70.580654000182093, -33.406554999943097 ], [ -70.580237999291597, -33.406263999693998 ], [ -70.579709999460803, -33.405877000035403 ], [ -70.579381999617397, -33.405668999994496 ], [ -70.579328999899204, -33.405608000442101 ], [ -70.579196999828596, -33.405550000578799 ], [ -70.5789479994218, -33.405467000026803 ], [ -70.5782239999034, -33.405350999609503 ], [ -70.577690000441805, -33.405331000365599 ], [ -70.577587999572401, -33.405364000098203 ], [ -70.577115999489607, -33.405299000625 ], [ -70.576818000625295, -33.405212000345202 ], [ -70.5759139997011, -33.404899000182702 ], [ -70.574677999147795, -33.404399000064601 ], [ -70.573588999299005, -33.403962999750199 ], [ -70.573036000823805, -33.4037390004613 ], [ -70.5721569998435, -33.403389000771398 ], [ -70.571196000193694, -33.402981999586999 ], [ -70.570990000886596, -33.402826999401597 ], [ -70.570863999727905, -33.402722000542902 ], [ -70.570561000011494, -33.402591999598798 ], [ -70.569769000226799, -33.402258999140997 ] ] } },
{ "type": "Feature", "properties": { "FID": 72, "objectid_1": 72, "objectid": 72, "oid_": 0, "name": "* Príncipe de Gales", "folderpath": "Ciclovías Santiago 2015 - 2016", "popupinfo": "Vereda / Ambos sentidos / Monseñor Edwards a Salvador Izquierdo", "longitud": 0.45, "Shape__Length": 537.85532445311742 }, "geometry": { "type": "LineString", "coordinates": [ [ -70.561378999830296, -33.4386710000189 ], [ -70.560697999712801, -33.4386999997703 ], [ -70.560108000811198, -33.438720000243698 ], [ -70.559753999959895, -33.438746999174697 ], [ -70.559212000433703, -33.438769999824103 ], [ -70.558632999543605, -33.438803000229498 ], [ -70.557983999859104, -33.438837000183099 ], [ -70.556557000684407, -33.438920000013802 ] ] } },
{ "type": "Feature", "properties": { "FID": 73, "objectid_1": 73, "objectid": 73, "oid_": 0, "name": "* Providencia", "folderpath": "Ciclovías Santiago 2015 - 2016", "popupinfo": "Vereda / Ambos sentidos / Antonio Varas a Dr. Manuel Barros Borgoño", "longitud": 0.19, "Shape__Length": 227.59162410773845 }, "geometry": { "type": "LineString", "coordinates": [ [ -70.617819000091401, -33.427767999739899 ], [ -70.618395000158699, -33.428001000831202 ], [ -70.619172999959503, -33.428322999728003 ], [ -70.619649999317801, -33.428527000337397 ] ] } },
{ "type": "Feature", "properties": { "FID": 74, "objectid_1": 74, "objectid": 74, "oid_": 0, "name": "* Puyehue / Elena Blanco / Pedro León Gallo", "folderpath": "Ciclovías Santiago 2015 - 2016/* Puyehue / Elena Blanco", "popupinfo": "Vereda / Ambos sentidos / Antonio Varas a Salvador", "longitud": 1.05, "Shape__Length": 1261.7786975774309 }, "geometry": { "type": "LineString", "coordinates": [ [ -70.623902000125398, -33.442280999464501 ], [ -70.622238999842494, -33.441902999939799 ], [ -70.620680000574495, -33.441549000391298 ], [ -70.620779999307402, -33.441291999745303 ], [ -70.619478999352197, -33.441071000178098 ], [ -70.618080999885393, -33.440813000716702 ], [ -70.617144999674395, -33.440658999876497 ], [ -70.616971000731397, -33.440686000214598 ], [ -70.6168069997929, -33.440787999726602 ], [ -70.616592999864693, -33.440774999166202 ], [ -70.615276000204403, -33.440636000491203 ], [ -70.615283999967801, -33.440549000245099 ], [ -70.613397999829303, -33.4402070003202 ] ] } },
{ "type": "Feature", "properties": { "FID": 75, "objectid_1": 75, "objectid": 75, "oid_": 0, "name": "* Recoleta", "folderpath": "Ciclovías Santiago 2015 - 2016", "popupinfo": "Vereda / Ambos sentidos / Los Industriales a Premio Nobel", "longitud": 0.72, "Shape__Length": 862.8475723868761 }, "geometry": { "type": "LineString", "coordinates": [ [ -70.639600999976906, -33.380985999489099 ], [ -70.639408000274102, -33.380525000440002 ], [ -70.639064000085199, -33.3796849996708 ], [ -70.638701999430893, -33.378787000263301 ], [ -70.638513999630405, -33.378406000304402 ], [ -70.638138999482507, -33.377485000549399 ], [ -70.637808999489593, -33.3766790002202 ], [ -70.637414999815903, -33.375706999847502 ], [ -70.637076999888393, -33.374866999713099 ] ] } },
{ "type": "Feature", "properties": { "FID": 76, "objectid_1": 76, "objectid": 76, "oid_": 0, "name": "* Renato Sánchez", "folderpath": "Ciclovías Santiago 2015 - 2016", "popupinfo": "Calle / Ambos sentidos / Américo Vespucio a Alcántara", "longitud": 0.51, "Shape__Length": 610.82753394135318 }, "geometry": { "type": "LineString", "coordinates": [ [ -70.588847999943795, -33.4182539999601 ], [ -70.588115999648906, -33.418113000707699 ], [ -70.587263000162295, -33.417929000203202 ], [ -70.587016000142, -33.417893000441502 ], [ -70.586106999389898, -33.417721000411902 ], [ -70.585972999668797, -33.4176740002003 ], [ -70.585651000180206, -33.417587000805497 ], [ -70.584774000278102, -33.417380999931403 ], [ -70.583967000311006, -33.417124999906299 ], [ -70.583620999859704, -33.417018000344399 ], [ -70.583582999625506, -33.416998000227501 ] ] } },
{ "type": "Feature", "properties": { "FID": 77, "objectid_1": 77, "objectid": 77, "oid_": 0, "name": "* República", "folderpath": "Ciclovías Santiago 2015 - 2016", "popupinfo": "Calle / Ambos sentidos / Alameda a Blanco Encalada", "longitud": 0.99, "Shape__Length": 1196.462840725472 }, "geometry": { "type": "LineString", "coordinates": [ [ -70.666616000132507, -33.457046999519903 ], [ -70.666680000118205, -33.456702999813402 ], [ -70.666752999726299, -33.456328999924999 ], [ -70.666871000390699, -33.455659999949397 ], [ -70.666975000183598, -33.4551969998667 ], [ -70.667104000017304, -33.454511999486002 ], [ -70.667261999831098, -33.453662000397102 ], [ -70.667356000387599, -33.453207000111099 ], [ -70.667496000087993, -33.452475999975199 ], [ -70.667659000488598, -33.451683000232499 ], [ -70.667894999716793, -33.450496999961501 ], [ -70.668002999518606, -33.449959999302898 ], [ -70.668104999972599, -33.449435999655599 ], [ -70.668235999740304, -33.448749000425302 ], [ -70.668311000045605, -33.448376000564799 ], [ -70.668343000922604, -33.448241000093802 ], [ -70.668343000628397, -33.448197000225903 ] ] } },
{ "type": "Feature", "properties": { "FID": 78, "objectid_1": 78, "objectid": 78, "oid_": 0, "name": "* Ricardo Lyon", "folderpath": "Ciclovías Santiago 2015 - 2016", "popupinfo": "Calle / Ambos sentidos / Lota a Dr. Pedro Lautaro Ferrer", "longitud": 2.4, "Shape__Length": 2891.202253431984 }, "geometry": { "type": "LineString", "coordinates": [ [ -70.6089649992484, -33.424110999825601 ], [ -70.608536000057498, -33.425200000185697 ], [ -70.6082459997928, -33.426012999825097 ], [ -70.607771000063806, -33.427321999769703 ], [ -70.607304999550706, -33.428521999988597 ], [ -70.606814000676493, -33.4298110007175 ], [ -70.606425000357703, -33.430762999885403 ], [ -70.606008999941395, -33.4319000000229 ], [ -70.605470000272803, -33.433308999295299 ], [ -70.605147999852093, -33.434173999931502 ], [ -70.604971000404205, -33.434667000083401 ], [ -70.604606000154305, -33.4356659994476 ], [ -70.604199000004598, -33.4367109999056 ], [ -70.604075000470402, -33.437046000641999 ], [ -70.603831000822794, -33.4376480003924 ], [ -70.603812000862206, -33.437819000387897 ], [ -70.603608999608497, -33.4382970001259 ], [ -70.603170999587903, -33.439406000013101 ], [ -70.603050999887401, -33.439694000313899 ], [ -70.603091000077001, -33.440631000195403 ], [ -70.603111999646401, -33.441807000740297 ], [ -70.603141999813204, -33.443107999691797 ], [ -70.602993999124394, -33.444304999991303 ], [ -70.6028979998447, -33.445004999939499 ] ] } },
{ "type": "Feature", "properties": { "FID": 79, "objectid_1": 79, "objectid": 79, "oid_": 0, "name": "* Rosas / Kreutzberger / 21 De Mayo / Esmeralda", "folderpath": "Ciclovías Santiago 2015 - 2016/* Rosas / Kreutzberger / 21 De Mayo", "popupinfo": "Calle / Ambos sentidos / Diagonal Cervantes a Matucana", "longitud": 2.9, "Shape__Length": 3473.8273696725491 }, "geometry": { "type": "LineString", "coordinates": [ [ -70.680072999969894, -33.437398000554303 ], [ -70.679030000182493, -33.437329999638401 ], [ -70.677958999648794, -33.437263000135999 ], [ -70.676894999713298, -33.437178000015798 ], [ -70.675939999971803, -33.437127000470397 ], [ -70.674496999996904, -33.437026000366899 ], [ -70.673635999418096, -33.4369680004231 ], [ -70.672731999297696, -33.436903000192302 ], [ -70.671856999275903, -33.436844999951497 ], [ -70.670790000353705, -33.436777999734701 ], [ -70.669869999494196, -33.436713000269002 ], [ -70.668840000093695, -33.436639000774903 ], [ -70.668694999935994, -33.436631999957797 ], [ -70.668065000710797, -33.436581000207298 ], [ -70.667204000043199, -33.436504999199002 ], [ -70.666237999477801, -33.436422000094701 ], [ -70.664897000201194, -33.436311999349499 ], [ -70.664834999235794, -33.436269000534701 ], [ -70.664594000151297, -33.436273999344401 ], [ -70.664452000367106, -33.4362399995522 ], [ -70.663799999660398, -33.436192999702897 ], [ -70.663078999071004, -33.436131000230297 ], [ -70.662694999867099, -33.436101999997298 ], [ -70.661335000498198, -33.4359960002704 ], [ -70.661217000140397, -33.435984999954101 ], [ -70.660564999613698, -33.435934000552798 ], [ -70.6602329993664, -33.435896000349203 ], [ -70.659926999745693, -33.435866999480403 ], [ -70.659755000246506, -33.435875999884402 ], [ -70.659203000231003, -33.435837000716198 ], [ -70.658530000137304, -33.435798999930903 ], [ -70.657824000264895, -33.435752000014801 ], [ -70.657178000408607, -33.435707999851402 ], [ -70.656217000034701, -33.435626999983199 ], [ -70.655799000146303, -33.4355889993641 ], [ -70.655404999873696, -33.435550999762398 ], [ -70.654741999800507, -33.435481999673897 ], [ -70.6543609993209, -33.435440999625797 ], [ -70.6542680001278, -33.435441000437201 ], [ -70.653355999961605, -33.435286999870698 ], [ -70.652789999967297, -33.4351999993753 ], [ -70.652261000106904, -33.435137000433798 ], [ -70.651638999545497, -33.435054000072697 ], [ -70.651319999666597, -33.4350180004283 ], [ -70.650180000640304, -33.434875000062803 ], [ -70.650216999917603, -33.434592999766402 ], [ -70.649430999469203, -33.434592999711697 ] ] } },
{ "type": "Feature", "properties": { "FID": 80, "objectid_1": 80, "objectid": 80, "oid_": 0, "name": "* Santa Isabel", "folderpath": "Ciclovías Santiago 2015 - 2016", "popupinfo": "Calle / Poniente a Oriente / San Ignacio a Gral. Bustamante", "longitud": 2.47, "Shape__Length": 2963.3676875821807 }, "geometry": { "type": "LineString", "coordinates": [ [ -70.655880000538602, -33.453092999788701 ], [ -70.655055999994005, -33.453003999396898 ], [ -70.654602999856195, -33.452920999966899 ], [ -70.654218999781904, -33.452824999959503 ], [ -70.653482000811195, -33.452648000381501 ], [ -70.651465000263201, -33.4521440002028 ], [ -70.650413000163397, -33.451871000119397 ], [ -70.650350999627605, -33.451877999470199 ], [ -70.649350999630101, -33.451626999553397 ], [ -70.648832999629505, -33.451500000388002 ], [ -70.647846000251306, -33.451202000602997 ], [ -70.646877999383605, -33.450891000340697 ], [ -70.645406000675905, -33.450651999656898 ], [ -70.644163999186304, -33.450461000499402 ], [ -70.643902999977399, -33.450423000508302 ], [ -70.642965000517606, -33.450297999516401 ], [ -70.641597000292407, -33.449891000295402 ], [ -70.640712000128502, -33.449621999865599 ], [ -70.6403090002661, -33.449504000159102 ], [ -70.639016000094998, -33.449188000124302 ], [ -70.637300000181, -33.448742999718903 ], [ -70.636022999774696, -33.448401999740497 ], [ -70.635282999704103, -33.448220999910497 ], [ -70.634422000284403, -33.447977000244201 ], [ -70.633269000248802, -33.447667999977803 ], [ -70.632288999621494, -33.447404000243701 ], [ -70.631942999443396, -33.447356999791403 ], [ -70.6319169992951, -33.447355000008898 ], [ -70.631726000265701, -33.447494000432798 ], [ -70.630838000002697, -33.447346000483101 ], [ -70.630661000368207, -33.4471539992239 ], [ -70.630478999771199, -33.447122000038398 ] ] } },
{ "type": "Feature", "properties": { "FID": 81, "objectid_1": 81, "objectid": 81, "oid_": 0, "name": "* Simón Bolívar", "folderpath": "Ciclovías Santiago 2015 - 2016", "popupinfo": "Vereda / Ambos sentidos / Ossa a Antonio Varas", "longitud": 3.56, "Shape__Length": 4266.2678124591566 }, "geometry": { "type": "LineString", "coordinates": [ [ -70.609767999828307, -33.450948000025697 ], [ -70.609134000325597, -33.450861999900397 ], [ -70.609100000086599, -33.4508619993438 ], [ -70.608264999787394, -33.450750000248597 ], [ -70.6073819999107, -33.450626999578702 ], [ -70.6061800001699, -33.450475000079699 ], [ -70.605134000325194, -33.450335999852399 ], [ -70.6037020001569, -33.450120999419397 ], [ -70.603629999860104, -33.450116999621599 ], [ -70.602301999875394, -33.4499129998038 ], [ -70.601204999679595, -33.449752000160103 ], [ -70.599785999710306, -33.449539000194797 ], [ -70.599246999903997, -33.4494539993307 ], [ -70.598001999615207, -33.449277999787398 ], [ -70.596887000496395, -33.449097999897504 ], [ -70.595900000038199, -33.448952999925702 ], [ -70.594894000300002, -33.448777999759002 ], [ -70.593836999923695, -33.4486080002196 ], [ -70.593302999581496, -33.448520999823302 ], [ -70.593115000173299, -33.4485009999268 ], [ -70.5924049993816, -33.448500999998799 ], [ -70.591323999901803, -33.448498999615701 ], [ -70.590237000730497, -33.448492000249303 ], [ -70.5897060002671, -33.448488000322499 ], [ -70.588565999692094, -33.448482999749999 ], [ -70.587943999689799, -33.448480999733803 ], [ -70.587042999835802, -33.448476000569599 ], [ -70.586177000324597, -33.448464999834798 ], [ -70.585191999747295, -33.4484409997089 ], [ -70.584087000119396, -33.448404999410599 ], [ -70.583264000226393, -33.448380000487802 ], [ -70.582310999422006, -33.448338000056097 ], [ -70.581131000758603, -33.448307999813203 ], [ -70.579715000275996, -33.448249999706299 ], [ -70.578610000164801, -33.448205999878397 ], [ -70.577544999480196, -33.448165000150198 ], [ -70.576789000318499, -33.448131999942603 ], [ -70.575718999995402, -33.4480999997186 ], [ -70.575402000120505, -33.448079999955297 ], [ -70.573963999681695, -33.448048999948099 ], [ -70.572960999088394, -33.448040000469099 ], [ -70.571713999993406, -33.448017999550501 ] ] } },
{ "type": "Feature", "properties": { "FID": 82, "objectid_1": 82, "objectid": 82, "oid_": 0, "name": "* Teatinos / Pdte. Balmaceda", "folderpath": "Ciclovías Santiago 2015 - 2016/* Teatinos", "popupinfo": "Calle / Ambos sentidos / Alameda a Amunátegui", "longitud": 1.53, "Shape__Length": 1837.0118565109101 }, "geometry": { "type": "LineString", "coordinates": [ [ -70.657345999213305, -33.431970000256001 ], [ -70.655672999314106, -33.432328000086201 ], [ -70.655859999998697, -33.4324309994877 ], [ -70.655935000293695, -33.432520000119702 ], [ -70.655908999946305, -33.432834000568803 ], [ -70.655898000388007, -33.433074999884298 ], [ -70.655968000302906, -33.433209999947003 ], [ -70.655957000064603, -33.434149999836201 ], [ -70.655940999893701, -33.434364999526601 ], [ -70.655849999399706, -33.4344769995907 ], [ -70.655871000443994, -33.4347410000208 ], [ -70.6558169996553, -33.435295999384699 ], [ -70.655709999844504, -33.436199999528299 ], [ -70.655629999965896, -33.4368359997558 ], [ -70.655516999524494, -33.437694999281803 ], [ -70.655307999616298, -33.439114000697103 ], [ -70.655217000101203, -33.4399470004061 ], [ -70.655141999781407, -33.440314000126001 ], [ -70.654915999641503, -33.441132999936599 ], [ -70.654884000638205, -33.441249999653799 ], [ -70.654743999773999, -33.441819999938801 ], [ -70.654658999810593, -33.442321999787502 ], [ -70.654462999487507, -33.443277000185198 ], [ -70.654446999798395, -33.443416000009101 ], [ -70.654393000408007, -33.443443000688298 ], [ -70.654200000592397, -33.444386999789003 ] ] } },
{ "type": "Feature", "properties": { "FID": 83, "objectid_1": 83, "objectid": 83, "oid_": 0, "name": "* Vicuña Mackenna (1)", "folderpath": "Ciclovías Santiago 2015 - 2016", "popupinfo": "Vereda / Ambos sentidos / Frontis supermercado Lider", "longitud": 0.1, "Shape__Length": 126.0861317759272 }, "geometry": { "type": "LineString", "coordinates": [ [ -70.620827999974694, -33.483408999635699 ], [ -70.620576000370207, -33.484329999577398 ] ] } },
{ "type": "Feature", "properties": { "FID": 84, "objectid_1": 84, "objectid": 84, "oid_": 0, "name": "* Vicuña Mackenna (2)", "folderpath": "Ciclovías Santiago 2015 - 2016", "popupinfo": "Vereda y Bandejón / Ambos sentidos / Bahía Catalina a Cardenal Raúl Silva Henríquez", "longitud": 0.34, "Shape__Length": 401.93726923618567 }, "geometry": { "type": "LineString", "coordinates": [ [ -70.618478000087094, -33.5464269999298 ], [ -70.617473000338506, -33.546419999886801 ], [ -70.617411000106301, -33.5462370006532 ], [ -70.616877000422605, -33.546343999916502 ], [ -70.616404999959997, -33.546377999549101 ], [ -70.615969999421495, -33.546429000633402 ], [ -70.615667000399498, -33.546448999904698 ], [ -70.615157999967593, -33.546510000165803 ], [ -70.615061000188206, -33.546512000726501 ] ] } },
{ "type": "Feature", "properties": { "FID": 85, "objectid_1": 85, "objectid": 85, "oid_": 0, "name": "* Vicuña Mackenna Oriente", "folderpath": "Ciclovías Santiago 2015 - 2016", "popupinfo": "Bandejón / Ambos sentidos / Mirador Azul a Marathon", "longitud": 0.54, "Shape__Length": 652.30571670169547 }, "geometry": { "type": "LineString", "coordinates": [ [ -70.606512999762501, -33.512841999604802 ], [ -70.606714999954306, -33.512593000055901 ], [ -70.607264000890197, -33.512103999778297 ], [ -70.608192999863803, -33.511359000344001 ], [ -70.608815000099199, -33.510842000690197 ], [ -70.609645999628398, -33.510171000160902 ], [ -70.610354000365703, -33.509564999775499 ], [ -70.610631000055605, -33.509377000314203 ] ] } },
{ "type": "Feature", "properties": { "FID": 86, "objectid_1": 86, "objectid": 86, "oid_": 0, "name": "* Vicuña Mackenna / Concha y Toro", "folderpath": "Ciclovías Santiago 2015 - 2016/* Vicuña Mackenna", "popupinfo": "Vereda y bandejón / Ambos sentidos / Vicente Valdés a Eduardo Cordero", "longitud": 9.06, "Shape__Length": 10913.787526705337 }, "geometry": { "type": "LineString", "coordinates": [ [ -70.596884000684497, -33.526532999852897 ], [ -70.596577999207, -33.527305000071699 ], [ -70.596454999796194, -33.5276199994086 ], [ -70.596129999627294, -33.528389000512902 ], [ -70.596019999629803, -33.528646000612497 ], [ -70.595731000511904, -33.529356999390302 ], [ -70.595593999538295, -33.5296770003674 ], [ -70.5954810003456, -33.529860999959197 ], [ -70.595008999694201, -33.531067999613697 ], [ -70.594465000328398, -33.532333000160598 ], [ -70.593939000402997, -33.533576000216101 ], [ -70.593410000466704, -33.534756999346698 ], [ -70.592869000708404, -33.5359550002918 ], [ -70.592331999924298, -33.537111000075697 ], [ -70.591739000186806, -33.538428000342698 ], [ -70.591215999388993, -33.539584000231201 ], [ -70.590674999748302, -33.540769000054603 ], [ -70.590130000273206, -33.541966999998401 ], [ -70.589861999919094, -33.542544000404 ], [ -70.589575000897696, -33.543208000429999 ], [ -70.589485999654002, -33.5434129993087 ], [ -70.589414000046105, -33.543523000083901 ], [ -70.589028000220097, -33.544414999827403 ], [ -70.588461999916603, -33.545723000367502 ], [ -70.587932999870802, -33.546907000198601 ], [ -70.587801999129795, -33.547206999824198 ], [ -70.587713000194, -33.547378999728998 ], [ -70.587582000584504, -33.548097000097897 ], [ -70.587423999937002, -33.549161000592797 ], [ -70.587236000196, -33.550264999792397 ], [ -70.587209000072903, -33.550448000152201 ], [ -70.587137000265997, -33.550834999696001 ], [ -70.587010999797002, -33.551572999791603 ], [ -70.5868179997195, -33.552718999663497 ], [ -70.586705000169502, -33.553379000027 ], [ -70.586618999553295, -33.553969000166397 ], [ -70.586436999829203, -33.555061999726803 ], [ -70.586226999655594, -33.556294000191102 ], [ -70.586042000468694, -33.557267999676299 ], [ -70.586037000426799, -33.557336999876497 ], [ -70.585990999489994, -33.557593999697097 ], [ -70.585776999732403, -33.558689999833298 ], [ -70.585760999355003, -33.558828000414799 ], [ -70.585628999902298, -33.5595390000896 ], [ -70.5856029998981, -33.559735999632103 ], [ -70.585407000113506, -33.560814999877699 ], [ -70.585275000060506, -33.561633000122299 ], [ -70.585200000143004, -33.562145000129902 ], [ -70.585129999964295, -33.562402000300501 ], [ -70.585081999755005, -33.562701999750701 ], [ -70.584966999872094, -33.563430000133899 ], [ -70.5848490004892, -33.564076000148297 ], [ -70.584615000360301, -33.565325999812401 ], [ -70.584532000040795, -33.565959999860802 ], [ -70.584406000316605, -33.566608000084699 ], [ -70.584330999189206, -33.567013000173198 ], [ -70.584185999923093, -33.567756999540102 ], [ -70.584086999720398, -33.568271000350798 ], [ -70.584126999863301, -33.568415999717203 ], [ -70.583993000342204, -33.569184999803298 ], [ -70.583866999803504, -33.5698240000564 ], [ -70.583838000489706, -33.569965000135802 ], [ -70.5836770003054, -33.570626999925899 ], [ -70.583644999791602, -33.570753999729497 ], [ -70.583583000135107, -33.570926000067097 ], [ -70.583521000426202, -33.571217000024298 ], [ -70.583407999976004, -33.571208000207903 ], [ -70.583296000707605, -33.571797999725497 ], [ -70.583147999486698, -33.572548999882102 ], [ -70.582942000112396, -33.573619000255398 ], [ -70.582757000186305, -33.5744950000012 ], [ -70.582514999854794, -33.575714999706904 ], [ -70.5823619994203, -33.576533000186103 ], [ -70.5821669992051, -33.5775050000655 ], [ -70.581968000531006, -33.578597999976601 ], [ -70.581839000248095, -33.5792569996552 ], [ -70.581630000241702, -33.580363000198901 ], [ -70.581442000117207, -33.581290999606203 ], [ -70.581230999298896, -33.582304999675998 ], [ -70.581036999277998, -33.583281999584699 ], [ -70.580965000430297, -33.5836950002668 ], [ -70.581056000151705, -33.583786999796899 ], [ -70.580943999889001, -33.584225000498797 ], [ -70.580777000436996, -33.585065000452602 ], [ -70.5805710000311, -33.586095000202903 ], [ -70.580348000509204, -33.587231999180503 ], [ -70.580259999625795, -33.587662999303397 ], [ -70.580249000662903, -33.587801999967802 ], [ -70.580166000383102, -33.588210999402399 ], [ -70.580084999958302, -33.588651000280898 ], [ -70.580063999707093, -33.588986000845701 ], [ -70.580004999892395, -33.589332000105102 ], [ -70.579827999894505, -33.590298000119603 ], [ -70.579753000297401, -33.590614999971002 ], [ -70.579709999258299, -33.590786999997697 ], [ -70.579586000416995, -33.591376999679099 ], [ -70.5793819995814, -33.592445000173001 ], [ -70.579200000466102, -33.593376999422702 ], [ -70.579035999658998, -33.594200999592999 ], [ -70.578996000191907, -33.5943260006703 ], [ -70.5788140000802, -33.595260000366999 ], [ -70.578653000596006, -33.596070999786903 ], [ -70.578471000182205, -33.596996000525301 ], [ -70.578274999612205, -33.597890000132303 ], [ -70.578248000182697, -33.597986000370803 ], [ -70.578180999865694, -33.598309999755699 ], [ -70.577968999833502, -33.599281000770297 ], [ -70.577925999821105, -33.5994780002409 ], [ -70.577797000805802, -33.600296000301697 ], [ -70.577757000373694, -33.600492000099401 ], [ -70.577568999369106, -33.601339000047197 ], [ -70.577397999572497, -33.602201000106199 ], [ -70.5772900001473, -33.602627999705398 ], [ -70.5772230000332, -33.6029210003137 ], [ -70.577174999906703, -33.603202000723201 ], [ -70.577037999374099, -33.603924000585302 ], [ -70.576967999469005, -33.604254000229801 ], [ -70.576947000123198, -33.6043569993017 ], [ -70.576786000110104, -33.604336999754203 ], [ -70.576726999689598, -33.604721000497101 ], [ -70.576680999734705, -33.605085000020502 ], [ -70.576566000450001, -33.605677000623601 ], [ -70.576558000101599, -33.605761999603097 ], [ -70.576590000051695, -33.6058320001233 ] ] } },
{ "type": "Feature", "properties": { "FID": 87, "objectid_1": 87, "objectid": 87, "oid_": 0, "name": "* Walker Martínez", "folderpath": "Ciclovías Santiago 2015 - 2016", "popupinfo": "Vereda / Ambos sentidos / La Concepción a Colombia", "longitud": 0.51, "Shape__Length": 611.7788012676574 }, "geometry": { "type": "LineString", "coordinates": [ [ -70.595516000446494, -33.522720999193297 ], [ -70.595119000238796, -33.522702999896701 ], [ -70.593553000775401, -33.522730000432801 ], [ -70.592339999826706, -33.522684999577997 ], [ -70.590923999985705, -33.522676000366502 ], [ -70.590023000754201, -33.522649999718098 ] ] } },
{ "type": "Feature", "properties": { "FID": 88, "objectid_1": 88, "objectid": 88, "oid_": 0, "name": "* Parque Bicentenario", "folderpath": "Ciclovías Santiago 2015 - 2016", "popupinfo": "Isabel Montt a Rotonda Pérez Zujovic", "longitud": 1.52, "Shape__Length": 1832.5358283662201 }, "geometry": { "type": "LineString", "coordinates": [ [ -70.600971999980999, -33.407452999471403 ], [ -70.601142999583899, -33.406673999659397 ], [ -70.601303999891897, -33.405777999592097 ], [ -70.601612999909506, -33.404438999832401 ], [ -70.601904999733605, -33.403688999865601 ], [ -70.601829999898996, -33.403185999769903 ], [ -70.601618000210806, -33.401998999729997 ], [ -70.601376999837498, -33.4005770004078 ], [ -70.601140999180103, -33.3992829996456 ], [ -70.600901999725096, -33.398032999671301 ], [ -70.600564000357593, -33.396823999506701 ], [ -70.600105000250494, -33.395686000410699 ], [ -70.5995610007772, -33.394560000175602 ], [ -70.599376000180399, -33.394065000032597 ] ] } },
{ "type": "Feature", "properties": { "FID": 89, "objectid_1": 89, "objectid": 89, "oid_": 0, "name": "* Parque de Los Reyes", "folderpath": "Ciclovías Santiago 2015 - 2016", "popupinfo": "Estación Mapocho a Esperanza", "longitud": 1.98, "Shape__Length": 2373.7948160428627 }, "geometry": { "type": "LineString", "coordinates": [ [ -70.676433000382801, -33.426239000555 ], [ -70.664059999697798, -33.430399999698501 ], [ -70.662149999778507, -33.430349999919599 ], [ -70.658880000190806, -33.431319999526799 ], [ -70.656399999913106, -33.431979999484199 ] ] } },
{ "type": "Feature", "properties": { "FID": 90, "objectid_1": 90, "objectid": 90, "oid_": 0, "name": "* Parques: Forestal / Balmaceda / Uruguay", "folderpath": "Ciclovías Santiago 2015 - 2016/* Parques: Forestal / Balmaceda", "popupinfo": "Mac Iver a El Cerro", "longitud": 5.0, "Shape__Length": 5994.5315217483585 }, "geometry": { "type": "LineString", "coordinates": [ [ -70.647701000049807, -33.433877000004202 ], [ -70.647559999728003, -33.433930000008402 ], [ -70.643149999839096, -33.435840000750801 ], [ -70.640379999249205, -33.436420000304501 ], [ -70.640140000308605, -33.436609999789198 ], [ -70.635469999930706, -33.4367300003656 ], [ -70.634455999905498, -33.436513000001199 ], [ -70.632850000455605, -33.436530000136898 ], [ -70.627899999768701, -33.434419999575702 ], [ -70.623738000507899, -33.430811999797797 ], [ -70.624094999759905, -33.430477000655401 ], [ -70.624335999734001, -33.430221000061003 ], [ -70.624444000483507, -33.430147999669799 ], [ -70.624130000519799, -33.429619999464698 ], [ -70.623280000303495, -33.428859999910301 ], [ -70.621573999765204, -33.424880000554801 ], [ -70.6211100006647, -33.4244100000776 ], [ -70.619309999642098, -33.423310000148298 ], [ -70.616780000848607, -33.422480000467402 ], [ -70.614460000632903, -33.421810000287699 ], [ -70.612360000269206, -33.420849999466803 ], [ -70.611100000140596, -33.419979999854498 ], [ -70.6096699994049, -33.418890000003302 ], [ -70.606930000837806, -33.415939999962703 ] ] } },
{ "type": "Feature", "properties": { "FID": 91, "objectid_1": 91, "objectid": 91, "oid_": 0, "name": "* Parque por Agustinas", "folderpath": "Ciclovías Santiago 2015 - 2016", "popupinfo": "Matucana a García Reyes", "longitud": 0.81, "Shape__Length": 967.87581662461378 }, "geometry": { "type": "LineString", "coordinates": [ [ -70.670905000171899, -33.442841000312399 ], [ -70.672363999248304, -33.4430109998559 ], [ -70.674172000769602, -33.443212000700001 ], [ -70.675752000763495, -33.443403000516803 ], [ -70.677248000385205, -33.443563999202901 ], [ -70.678689000095204, -33.443728999876498 ], [ -70.679517000447504, -33.443836999755199 ] ] } },
{ "type": "Feature", "properties": { "FID": 92, "objectid_1": 92, "objectid": 92, "oid_": 0, "name": "* Parque por Escrivá de Balaguer (a)", "folderpath": "Ciclovías Santiago 2015 - 2016", "popupinfo": "Lo Arcaya a Lo Curro", "longitud": 1.69, "Shape__Length": 2025.5081157129607 }, "geometry": { "type": "LineString", "coordinates": [ [ -70.585738999780602, -33.383296999758599 ], [ -70.585953999999106, -33.382461999874302 ], [ -70.585967000550696, -33.382389999966698 ], [ -70.584663999468304, -33.382192999265698 ], [ -70.582914999480295, -33.381933000103601 ], [ -70.581214000015095, -33.381668999674197 ], [ -70.5796429996809, -33.381451999917999 ], [ -70.578409000203706, -33.3812839995161 ], [ -70.577442999932202, -33.381119999797797 ], [ -70.576238999789695, -33.380732999449698 ], [ -70.575139000101601, -33.380401000150698 ], [ -70.574154999848403, -33.380049999349303 ], [ -70.573041999613594, -33.379593000274802 ], [ -70.5720440004511, -33.379176000283202 ], [ -70.571190999724095, -33.378912000038497 ], [ -70.570185000191501, -33.378627999537699 ], [ -70.569645999537101, -33.378477000169298 ] ] } },
{ "type": "Feature", "properties": { "FID": 93, "objectid_1": 93, "objectid": 93, "oid_": 0, "name": "* Parque por Escrivá de Balaguer (b)", "folderpath": "Ciclovías Santiago 2015 - 2016", "popupinfo": "Padre Hurtado a La Aurora", "longitud": 1.4, "Shape__Length": 1674.7325540039992 }, "geometry": { "type": "LineString", "coordinates": [ [ -70.557064000341896, -33.3768850004016 ], [ -70.556502999431004, -33.376847000282702 ], [ -70.555534999753704, -33.376711999382003 ], [ -70.554072999591696, -33.3765019996288 ], [ -70.552820999866398, -33.3763069998259 ], [ -70.551870999727996, -33.376051999751297 ], [ -70.550693999812395, -33.375683999540797 ], [ -70.549842999946407, -33.375395000395898 ], [ -70.549083999882299, -33.375185000019599 ], [ -70.547628000927901, -33.375086000167499 ], [ -70.546464000136297, -33.375175999640398 ], [ -70.545616000454601, -33.375385999274599 ], [ -70.544518999732801, -33.375834000637099 ], [ -70.543644999845, -33.3763160000616 ], [ -70.5427810003019, -33.376714999655697 ] ] } },
{ "type": "Feature", "properties": { "FID": 94, "objectid_1": 94, "objectid": 94, "oid_": 0, "name": "* Parque por Card. José María Caro / Diagonal Cervantes", "folderpath": "Ciclovías Santiago 2015 - 2016/* Parque por Card. José María Caro", "popupinfo": "Parque, Calle y Vereda / Ambos sentidos / Vicuña Mackenna a Esmeralda", "longitud": 1.51, "Shape__Length": 1807.1316843040254 }, "geometry": { "type": "LineString", "coordinates": [ [ -70.649611999585602, -33.434944999756702 ], [ -70.649393000315499, -33.434560999754098 ], [ -70.649185999713396, -33.434198000184502 ], [ -70.649118999378999, -33.434078000522 ], [ -70.649038999858305, -33.434035000333601 ], [ -70.648970000323104, -33.433779000105197 ], [ -70.648762000564105, -33.433825000571098 ], [ -70.648659000559803, -33.433496000240297 ], [ -70.648589999771502, -33.433255999985803 ], [ -70.648210000234997, -33.433381000168403 ], [ -70.647979000547096, -33.433448000170003 ], [ -70.6476580001613, -33.433525999489 ], [ -70.647075999913895, -33.433666000159597 ], [ -70.646600999258496, -33.433784000252103 ], [ -70.646046999974402, -33.433916999469197 ], [ -70.645431999544002, -33.4340650005214 ], [ -70.644839000727202, -33.434203999545602 ], [ -70.644314999956606, -33.434321999773701 ], [ -70.643903000711703, -33.434417000734797 ], [ -70.643428000255199, -33.434526000272697 ], [ -70.642822999672603, -33.434665000019301 ], [ -70.642207000713199, -33.434813000264498 ], [ -70.641637000383199, -33.434950999539097 ], [ -70.640973000515501, -33.435112000509697 ], [ -70.640431999759699, -33.435238999588996 ], [ -70.640012000267603, -33.435340999791002 ], [ -70.639403999508502, -33.435487000144597 ], [ -70.638922999663905, -33.435601000326002 ], [ -70.638382000271307, -33.435725999292004 ], [ -70.637780000502005, -33.435863999819503 ], [ -70.637271000289303, -33.435978999294598 ], [ -70.636727000422297, -33.436104000065903 ], [ -70.636298000045798, -33.436201999696898 ], [ -70.635827999824897, -33.436308999745599 ], [ -70.635555000658897, -33.436369999908301 ], [ -70.635490000139995, -33.436386000831199 ], [ -70.635364000248899, -33.436375000195603 ] ] } },
{ "type": "Feature", "properties": { "FID": 95, "objectid_1": 95, "objectid": 95, "oid_": 0, "name": "* Parque por Combarbalá", "folderpath": "Ciclovías Santiago 2015 - 2016", "popupinfo": "* La Serena a Elqui", "longitud": 0.79, "Shape__Length": 952.37086822401534 }, "geometry": { "type": "LineString", "coordinates": [ [ -70.632187000036694, -33.530544999994198 ], [ -70.631001999763299, -33.530435000196803 ], [ -70.630100000584804, -33.5303370002446 ], [ -70.628749000030396, -33.530209000355498 ], [ -70.626777000228799, -33.530038999633298 ], [ -70.625179000141102, -33.529885000125297 ], [ -70.623693000188098, -33.5297000001149 ] ] } },
{ "type": "Feature", "properties": { "FID": 96, "objectid_1": 96, "objectid": 96, "oid_": 0, "name": "* Parque por Domingo Tocornal", "folderpath": "Ciclovías Santiago 2015 - 2016", "popupinfo": "Las Lilas a Coquimbo", "longitud": 0.74, "Shape__Length": 883.00396309004475 }, "geometry": { "type": "LineString", "coordinates": [ [ -70.583155999885903, -33.6037199995802 ], [ -70.584293999247294, -33.603867999501503 ], [ -70.585828000296502, -33.604050999728003 ], [ -70.587670999956899, -33.604272000586498 ], [ -70.589268999550796, -33.604466999816403 ], [ -70.590446999893601, -33.604596000167703 ], [ -70.590586000157103, -33.604615999642299 ], [ -70.591007000063001, -33.604660999913598 ] ] } },
{ "type": "Feature", "properties": { "FID": 97, "objectid_1": 97, "objectid": 97, "oid_": 0, "name": "* Parque por Ejército Libertador (b)", "folderpath": "Ciclovías Santiago 2015 - 2016", "popupinfo": "Domingo Tocornal a Eyzaguirre", "longitud": 1.07, "Shape__Length": 1284.8988284584495 }, "geometry": { "type": "LineString", "coordinates": [ [ -70.592841999437397, -33.604897999947198 ], [ -70.592650999687507, -33.605857999992097 ], [ -70.592461000430404, -33.606735999308498 ], [ -70.592260000601897, -33.6078170001499 ], [ -70.592045000322997, -33.608933999920502 ], [ -70.591811999790096, -33.610045000273701 ], [ -70.591572999545406, -33.611110000069701 ], [ -70.591356000062206, -33.612195999926101 ], [ -70.5911490005753, -33.613307999782499 ], [ -70.590977999892402, -33.614161000760099 ], [ -70.5908700001835, -33.614362000085499 ] ] } },
{ "type": "Feature", "properties": { "FID": 98, "objectid_1": 98, "objectid": 98, "oid_": 0, "name": "* Parque por Elías Fernández Albano", "folderpath": "Ciclovías Santiago 2015 - 2016", "popupinfo": "Santa Rosa a Gran Avenida", "longitud": 2.35, "Shape__Length": 2814.8620321538824 }, "geometry": { "type": "LineString", "coordinates": [ [ -70.660465999362501, -33.5234990002823 ], [ -70.659244999898903, -33.523742999987299 ], [ -70.657936000260193, -33.524010999926801 ], [ -70.657034999183594, -33.524190000224003 ], [ -70.655889999645694, -33.524422999477402 ], [ -70.654892000234895, -33.524625999873003 ], [ -70.653545999759302, -33.524891999858802 ], [ -70.652344000298896, -33.525139999848598 ], [ -70.650908999594606, -33.525403999932799 ], [ -70.649680000201698, -33.525647999223899 ], [ -70.648364000068696, -33.525924999401703 ], [ -70.647137999645096, -33.526152999580397 ], [ -70.646630999866602, -33.5262760002067 ], [ -70.646051000272095, -33.526606999800997 ], [ -70.645778000540005, -33.526737000858098 ], [ -70.645165999599897, -33.526851000403802 ], [ -70.644227999582696, -33.526996000143498 ], [ -70.6427579991485, -33.527224000186202 ], [ -70.641493999690297, -33.527427999955798 ], [ -70.640116000133105, -33.527644999631498 ], [ -70.638756000116501, -33.527839000243098 ], [ -70.637245999796306, -33.528066999297202 ], [ -70.636196999868304, -33.528210000067403 ], [ -70.635905000341296, -33.528180999653799 ] ] } },
{ "type": "Feature", "properties": { "FID": 99, "objectid_1": 99, "objectid": 99, "oid_": 0, "name": "* Parque por El Parrón / Salvador Allende", "folderpath": "Ciclovías Santiago 2015 - 2016/* Parque por El Parrón", "popupinfo": "Américo Vespucio a Clotario Blest", "longitud": 1.01, "Shape__Length": 1210.4833215408648 }, "geometry": { "type": "LineString", "coordinates": [ [ -70.677119000196996, -33.521030999442502 ], [ -70.677637000423005, -33.5204560002935 ], [ -70.678304999997493, -33.519667000262899 ], [ -70.678647999982402, -33.519270999874898 ], [ -70.678941000051694, -33.518923999958702 ], [ -70.679246000132295, -33.518661999994897 ], [ -70.679723999726704, -33.518420999833303 ], [ -70.680321999738993, -33.518238000054801 ], [ -70.681156000963497, -33.517962999830203 ], [ -70.682079000118094, -33.517673999397203 ], [ -70.683262000152297, -33.517336000019597 ], [ -70.684225000089398, -33.517018999825197 ], [ -70.684997000797196, -33.516799999885698 ], [ -70.686069999999205, -33.516478000609801 ] ] } },
{ "type": "Feature", "properties": { "FID": 100, "objectid_1": 100, "objectid": 100, "oid_": 0, "name": "* Parque por Eyzaguirre", "folderpath": "Ciclovías Santiago 2015 - 2016", "popupinfo": "Laja a Pie Andino", "longitud": 1.49, "Shape__Length": 1782.5327296112384 }, "geometry": { "type": "LineString", "coordinates": [ [ -70.566747000055699, -33.611741999843602 ], [ -70.565502000260494, -33.611564000328798 ], [ -70.564538999524302, -33.611417999594103 ], [ -70.563480000075302, -33.611188000283597 ], [ -70.562058000836501, -33.610895999510397 ], [ -70.560760000084699, -33.6106409999365 ], [ -70.559215000179904, -33.610319000643003 ], [ -70.558208999821801, -33.610133999802201 ], [ -70.557201000642095, -33.610100000227398 ], [ -70.555610000131793, -33.610053999896103 ], [ -70.554116000579697, -33.610007000071299 ], [ -70.552484999954501, -33.609944000145802 ], [ -70.550959000720496, -33.609907999842399 ] ] } },
{ "type": "Feature", "properties": { "FID": 101, "objectid_1": 101, "objectid": 101, "oid_": 0, "name": "* Parque por Francisco Bilbao", "folderpath": "Ciclovías Santiago 2015 - 2016", "popupinfo": "Tomás Moro a Padre Hurtado Sur", "longitud": 1.4, "Shape__Length": 1674.0495806740262 }, "geometry": { "type": "LineString", "coordinates": [ [ -70.554062000200105, -33.430452000148897 ], [ -70.552592999734898, -33.430312999971797 ], [ -70.551355999685896, -33.430176999779299 ], [ -70.549591000170807, -33.429986000233299 ], [ -70.548040999417907, -33.429817999615899 ], [ -70.546870999597999, -33.429691000401 ], [ -70.545366999204006, -33.4295069996301 ], [ -70.544000999923597, -33.4293569997606 ], [ -70.542684000159994, -33.4291890002252 ], [ -70.5412759993267, -33.429038999348599 ], [ -70.539477000015793, -33.4288380001028 ], [ -70.539155000337004, -33.428801999324598 ] ] } },
{ "type": "Feature", "properties": { "FID": 102, "objectid_1": 102, "objectid": 102, "oid_": 0, "name": "* Parque por Gran Avenida", "folderpath": "Ciclovías Santiago 2015 - 2016", "popupinfo": "Salesianos a Isabel Riquelme", "longitud": 1.76, "Shape__Length": 2115.058216495318 }, "geometry": { "type": "LineString", "coordinates": [ [ -70.652016999760804, -33.492210999874999 ], [ -70.651912999659103, -33.491693999667604 ], [ -70.651733000217106, -33.490891000643401 ], [ -70.651508000226997, -33.490056999547399 ], [ -70.651317000302697, -33.489289999860901 ], [ -70.651084000952395, -33.488422000176797 ], [ -70.650836999370199, -33.487593999958897 ], [ -70.650589999811103, -33.486706000080602 ], [ -70.650381000276099, -33.485896000348603 ], [ -70.650152999983106, -33.485063999854503 ], [ -70.649919999818707, -33.484271999737402 ], [ -70.649670000334297, -33.483410999829701 ], [ -70.649414999508394, -33.4825270008429 ], [ -70.649169000486296, -33.481654999977302 ], [ -70.648910999740195, -33.4807960000661 ], [ -70.648664000013895, -33.479920999938898 ], [ -70.648522000363201, -33.479478000241002 ], [ -70.648521999866006, -33.479024000138502 ], [ -70.648510999387099, -33.478260999385803 ], [ -70.648535999722796, -33.477479999916 ], [ -70.648553999437695, -33.476696999465197 ] ] } },
{ "type": "Feature", "properties": { "FID": 103, "objectid_1": 103, "objectid": 103, "oid_": 0, "name": "* Parque por Las Torres (2)", "folderpath": "Ciclovías Santiago 2015 - 2016", "popupinfo": "Los Cerezos a General Horacio Toro", "longitud": 0.94, "Shape__Length": 1128.7312167848306 }, "geometry": { "type": "LineString", "coordinates": [ [ -70.583928999415306, -33.500861000077897 ], [ -70.582676000148794, -33.501091000619901 ], [ -70.581957000104296, -33.501223000562099 ], [ -70.5807370006887, -33.501460000290201 ], [ -70.579930000243905, -33.501620999680704 ], [ -70.579297000458794, -33.501735000612001 ], [ -70.57826100074, -33.501925000350802 ], [ -70.577273999267803, -33.502120000427396 ], [ -70.576365000434393, -33.502301000190698 ], [ -70.5751980000488, -33.502511000085299 ], [ -70.574042000108705, -33.502734999905698 ] ] } },
{ "type": "Feature", "properties": { "FID": 104, "objectid_1": 104, "objectid": 104, "oid_": 0, "name": "* Parque por Linares", "folderpath": "Ciclovías Santiago 2015 - 2016", "popupinfo": "Villarrica a La serena", "longitud": 0.91, "Shape__Length": 1086.7434295564715 }, "geometry": { "type": "LineString", "coordinates": [ [ -70.624290999372107, -33.5274370006859 ], [ -70.624014000520702, -33.527431999972798 ], [ -70.623041000073201, -33.527329000089601 ], [ -70.622260000033805, -33.527270999464399 ], [ -70.621642999596901, -33.527221999905599 ], [ -70.620670000224393, -33.527133000054299 ], [ -70.619605000791495, -33.5270719997798 ], [ -70.618661000238902, -33.527006999888002 ], [ -70.617734999831796, -33.526911000130902 ], [ -70.616917000664699, -33.526843999755698 ], [ -70.615587000528507, -33.526718999398803 ], [ -70.614577999063798, -33.526639000174697 ] ] } },
{ "type": "Feature", "properties": { "FID": 105, "objectid_1": 105, "objectid": 105, "oid_": 0, "name": "* Parque por Marathon", "folderpath": "Ciclovías Santiago 2015 - 2016", "popupinfo": "Escuela Agrícola a Los Alerces", "longitud": 2.1, "Shape__Length": 2526.8749752953809 }, "geometry": { "type": "LineString", "coordinates": [ [ -70.611659999402207, -33.490886999995197 ], [ -70.611737999939294, -33.490111000269501 ], [ -70.611871999322702, -33.489119999816097 ], [ -70.611938999671594, -33.488133000165703 ], [ -70.612041000307201, -33.487201000077 ], [ -70.6121239993616, -33.4866410006397 ], [ -70.612236999917002, -33.486356999782501 ], [ -70.612368000404899, -33.486177999606397 ], [ -70.612743999918706, -33.4856299999566 ], [ -70.612816000266307, -33.4850730001748 ], [ -70.612880999429393, -33.48404000008 ], [ -70.612968999976204, -33.483211999439 ], [ -70.613036000634096, -33.481993000050601 ], [ -70.613133000698497, -33.480887000201001 ], [ -70.613208000176797, -33.479958999710902 ], [ -70.613264000168201, -33.478861000398403 ], [ -70.613373999662102, -33.477815999855402 ], [ -70.613444000435607, -33.476597000052401 ], [ -70.613515999911797, -33.475485000196102 ], [ -70.613594000076503, -33.474387999667599 ], [ -70.613677000084493, -33.473179999987202 ], [ -70.613677000292199, -33.472700999481901 ], [ -70.613703999231902, -33.472128999876801 ] ] } },
{ "type": "Feature", "properties": { "FID": 106, "objectid_1": 106, "objectid": 106, "oid_": 0, "name": "* Parque por Perú", "folderpath": "Ciclovías Santiago 2015 - 2016", "popupinfo": "Dominica a San Cristóbal", "longitud": 0.7, "Shape__Length": 847.54598278380274 }, "geometry": { "type": "LineString", "coordinates": [ [ -70.640116000467302, -33.427316000575203 ], [ -70.639935999406902, -33.426615000170798 ], [ -70.639789000552497, -33.426070999897703 ], [ -70.639761999420102, -33.4259610000462 ], [ -70.639748000097299, -33.425817999862502 ], [ -70.639770000561995, -33.425605999929303 ], [ -70.639855999621702, -33.425053000676797 ], [ -70.639939000315394, -33.424579999923402 ], [ -70.640059000016194, -33.423855000268397 ], [ -70.640109999471704, -33.423528000455903 ], [ -70.640253000006496, -33.422787000006601 ], [ -70.640286999832298, -33.4225299995204 ], [ -70.640426999553796, -33.421754999830497 ], [ -70.640563999836303, -33.4210429999845 ] ] } },
{ "type": "Feature", "properties": { "FID": 107, "objectid_1": 107, "objectid": 107, "oid_": 0, "name": "* Parque por Presidente Errázuriz", "folderpath": "Ciclovías Santiago 2015 - 2016", "popupinfo": "Vespucio a San Crescente", "longitud": 1.03, "Shape__Length": 1233.9488560117875 }, "geometry": { "type": "LineString", "coordinates": [ [ -70.593453000133707, -33.421138999291799 ], [ -70.591669999459896, -33.420795000199597 ], [ -70.590326000473993, -33.420525999889399 ], [ -70.588847999951497, -33.420228000319497 ], [ -70.587144999754898, -33.419876999882199 ], [ -70.585361000538597, -33.419520999553399 ], [ -70.585135999478098, -33.419480999322801 ], [ -70.583890999717099, -33.419115999669302 ], [ -70.582774999578305, -33.418717000201802 ] ] } },
{ "type": "Feature", "properties": { "FID": 108, "objectid_1": 108, "objectid": 108, "oid_": 0, "name": "* Parque por Rodrigo de Araya", "folderpath": "Ciclovías Santiago 2015 - 2016", "popupinfo": "Premio Nobel a Rotonda Grecia", "longitud": 1.95, "Shape__Length": 2331.7861301321855 }, "geometry": { "type": "LineString", "coordinates": [ [ -70.596475999992407, -33.473521999337898 ], [ -70.595704000248503, -33.473576000508402 ], [ -70.594937000269297, -33.473636999280799 ], [ -70.593772999832396, -33.473690000686297 ], [ -70.592170999587196, -33.4737660004091 ], [ -70.591006999395901, -33.473897999774699 ], [ -70.589037999697396, -33.474093000093397 ], [ -70.588639000866493, -33.4741239992426 ], [ -70.588410999363205, -33.474303000151899 ], [ -70.587874000334196, -33.4744019998098 ], [ -70.587530999224199, -33.474399999495297 ], [ -70.587256999510601, -33.474325999551297 ], [ -70.586957000651097, -33.474047999262403 ], [ -70.586876999668505, -33.4738829999853 ], [ -70.586838999968805, -33.473675000043301 ], [ -70.5856320007384, -33.473556000095201 ], [ -70.584602000669094, -33.473455000183797 ], [ -70.584062999291206, -33.473325999376797 ], [ -70.583332999890501, -33.473018999674302 ], [ -70.581972999595493, -33.472320999810101 ], [ -70.580691000218707, -33.471656999788301 ], [ -70.579408999754406, -33.470971999535898 ], [ -70.578134999338403, -33.470320999229401 ], [ -70.577374000125403, -33.469902000473397 ] ] } },
{ "type": "Feature", "properties": { "FID": 109, "objectid_1": 109, "objectid": 109, "oid_": 0, "name": "* Parque por Sánchez Fontecilla (a)", "folderpath": "Ciclovías Santiago 2015 - 2016", "popupinfo": "Pdte. Errázuriz a Ossa", "longitud": 2.79, "Shape__Length": 3350.391688321019 }, "geometry": { "type": "LineString", "coordinates": [ [ -70.596607999891006, -33.421498999744003 ], [ -70.596529999727295, -33.421532999432102 ], [ -70.596194999941403, -33.421783999378903 ], [ -70.595836000821706, -33.4220679997904 ], [ -70.595532999585004, -33.422303000674802 ], [ -70.595152000689893, -33.422598000534798 ], [ -70.594829999681906, -33.422846999860496 ], [ -70.5945159994953, -33.423089000048499 ], [ -70.594029999343306, -33.423464999582798 ], [ -70.5936820004694, -33.4237400000818 ], [ -70.593126999670801, -33.4241590004996 ], [ -70.592798999875995, -33.4244090006395 ], [ -70.592732000650102, -33.4244719995948 ], [ -70.592644000180599, -33.424529999688197 ], [ -70.592389000254201, -33.424743000345799 ], [ -70.592085999968504, -33.424974000569698 ], [ -70.591487999689306, -33.425432999476399 ], [ -70.590994000094597, -33.425826999675202 ], [ -70.590698999647898, -33.426084000373898 ], [ -70.590627000367107, -33.426130999717799 ], [ -70.590393000694107, -33.426305999511598 ], [ -70.589869999918406, -33.426710999948597 ], [ -70.589505999869402, -33.426992999439499 ], [ -70.589339000438997, -33.427124999188401 ], [ -70.588822000131799, -33.427528000201299 ], [ -70.588614999714693, -33.427689000572101 ], [ -70.588134999376905, -33.428069999714701 ], [ -70.587848000207899, -33.4282959997619 ], [ -70.587523000493306, -33.428578000120503 ], [ -70.587230999983603, -33.428803999674599 ], [ -70.586703000313307, -33.429275999956602 ], [ -70.586260000210402, -33.4296859996861 ], [ -70.585847000736095, -33.430066000536101 ], [ -70.585726000018894, -33.430170999632502 ], [ -70.585583999500997, -33.430288000053402 ], [ -70.585280999970706, -33.430430999785003 ], [ -70.584776999985294, -33.430972999814799 ], [ -70.584463000590503, -33.431326999768899 ], [ -70.584211000706702, -33.431626000054798 ], [ -70.584053000293395, -33.431709000049203 ], [ -70.583966999574201, -33.431792000023002 ], [ -70.583803000600696, -33.431943999349002 ], [ -70.583666000299601, -33.432116999270598 ], [ -70.583543000031895, -33.4322579997825 ], [ -70.5833039997448, -33.432493000125802 ], [ -70.583060000298403, -33.432759000517997 ], [ -70.582966000091005, -33.432871000462903 ], [ -70.582810999958099, -33.433025000249202 ], [ -70.582725000432006, -33.433088000196399 ], [ -70.582614999137107, -33.433205000100202 ], [ -70.582213000322994, -33.433461999404003 ], [ -70.582087000901495, -33.433527000054497 ], [ -70.581195999310694, -33.434081999989502 ], [ -70.580755999991098, -33.4343619999674 ], [ -70.580618999784306, -33.434441999899903 ], [ -70.579976000197405, -33.434768999393199 ], [ -70.5793160007821, -33.435109000218901 ], [ -70.578755000089998, -33.435397999803399 ], [ -70.578432999703097, -33.435570000068502 ], [ -70.578188999497897, -33.435697999844201 ], [ -70.577896999738201, -33.4358169999891 ], [ -70.577392999545097, -33.4359940001235 ], [ -70.576481000484307, -33.436203999978602 ], [ -70.576309000629095, -33.436251000027099 ], [ -70.576140000069302, -33.436327000039498 ], [ -70.575531000055904, -33.436606999848898 ], [ -70.574626999554795, -33.437015999930999 ], [ -70.5742460007326, -33.437237999931099 ], [ -70.574091000071604, -33.437330000253503 ], [ -70.573934999970902, -33.437336000120901 ], [ -70.5738819994057, -33.437301000634299 ], [ -70.573808999540503, -33.437283000335199 ] ] } },
{ "type": "Feature", "properties": { "FID": 110, "objectid_1": 110, "objectid": 110, "oid_": 0, "name": "* Parque por Sánchez Fontecilla (b)", "folderpath": "Ciclovías Santiago 2015 - 2016", "popupinfo": "Las Parcelas a Quilín Norte", "longitud": 2.61, "Shape__Length": 3142.1179388078153 }, "geometry": { "type": "LineString", "coordinates": [ [ -70.558528000045698, -33.492013999552697 ], [ -70.5584719994973, -33.491542000043701 ], [ -70.558418000228798, -33.491268999452103 ], [ -70.558341000292799, -33.490577999896502 ], [ -70.558306000168002, -33.490386999473102 ], [ -70.558198000777494, -33.489581999923601 ], [ -70.558093999994995, -33.488777000367797 ], [ -70.557967999235004, -33.487907000581799 ], [ -70.557867999264701, -33.487179999623102 ], [ -70.557795999914902, -33.486644999872603 ], [ -70.557769000087305, -33.486496999987502 ], [ -70.557817999508003, -33.486355999663701 ], [ -70.557801000634598, -33.486260000142103 ], [ -70.557712999236102, -33.485484000029501 ], [ -70.557672999914701, -33.485160000695501 ], [ -70.557677999783806, -33.484767999934903 ], [ -70.557656999291297, -33.4846159997591 ], [ -70.557637999487994, -33.484510999761397 ], [ -70.557637999580606, -33.484400999212902 ], [ -70.557578999713201, -33.483787999962203 ], [ -70.557500999755405, -33.482941000107999 ], [ -70.557410000057502, -33.482011999858997 ], [ -70.557313000552497, -33.481123999228203 ], [ -70.557315999732495, -33.481019000387299 ], [ -70.557229999976201, -33.4802290000504 ], [ -70.557160000125506, -33.479485999708501 ], [ -70.5571440004219, -33.479298000054897 ], [ -70.557096000487704, -33.478858000017098 ], [ -70.557009999595707, -33.4786179998177 ], [ -70.556887000302893, -33.478356999776899 ], [ -70.556637000290706, -33.477918000502903 ], [ -70.556251000066894, -33.477285000130003 ], [ -70.556054999988802, -33.476969000199901 ], [ -70.555728000162802, -33.476417000535299 ], [ -70.555609999279596, -33.476220000104298 ], [ -70.555293999602597, -33.475710000315402 ], [ -70.555210000076499, -33.475568999784898 ], [ -70.555107999761304, -33.475399000134701 ], [ -70.5550629999086, -33.475252999979197 ], [ -70.555059999240498, -33.475153000384203 ], [ -70.554843000582196, -33.474675999661699 ], [ -70.554603999766201, -33.474156999947802 ], [ -70.554451000574105, -33.473824000031897 ], [ -70.554347000015696, -33.4736000001352 ], [ -70.554382000232593, -33.473481999329202 ], [ -70.554263999565705, -33.473098999613804 ], [ -70.5541459998677, -33.472762999934297 ], [ -70.553981999949897, -33.472508000170698 ], [ -70.553678999688202, -33.472141000338603 ], [ -70.553211999999206, -33.471556999578702 ], [ -70.553041000209205, -33.471348999813799 ], [ -70.552618999932704, -33.470802999818602 ], [ -70.552138999296503, -33.470212999783698 ], [ -70.551774999880806, -33.469747000135598 ], [ -70.551715000432594, -33.469676000173301 ] ] } },
{ "type": "Feature", "properties": { "FID": 111, "objectid_1": 111, "objectid": 111, "oid_": 0, "name": "* Parque por San Luis de Macul", "folderpath": "Ciclovías Santiago 2015 - 2016", "popupinfo": "Los Soldadores a Gabriela Mistral", "longitud": 0.74, "Shape__Length": 889.95911751331209 }, "geometry": { "type": "LineString", "coordinates": [ [ -70.572017000496501, -33.507215000230701 ], [ -70.570464000482303, -33.50740699987 ], [ -70.569069000452501, -33.507584000454102 ], [ -70.567315000087703, -33.507819000001597 ], [ -70.565427000565194, -33.508069000240901 ], [ -70.564114999718299, -33.508226000208403 ] ] } },
{ "type": "Feature", "properties": { "FID": 112, "objectid_1": 112, "objectid": 112, "oid_": 0, "name": "* Parque por Santa María (a)", "folderpath": "Ciclovías Santiago 2015 - 2016", "popupinfo": "Pío Nono a Pérez Valenzuela", "longitud": 1.42, "Shape__Length": 1699.5840893080565 }, "geometry": { "type": "LineString", "coordinates": [ [ -70.635297999826605, -33.435836999868698 ], [ -70.634509999213194, -33.435919999208899 ], [ -70.634180000084697, -33.435919999482003 ], [ -70.633420000228298, -33.435740000217002 ], [ -70.629240000726497, -33.433800000281799 ], [ -70.628510000048493, -33.433409999748498 ], [ -70.627689999884097, -33.432770000108299 ], [ -70.625969999697702, -33.431120000430496 ], [ -70.625180000629499, -33.4300999999205 ], [ -70.624059999462403, -33.428230000020697 ] ] } },
{ "type": "Feature", "properties": { "FID": 113, "objectid_1": 113, "objectid": 113, "oid_": 0, "name": "* Parque por Santa María (b)", "folderpath": "Ciclovías Santiago 2015 - 2016", "popupinfo": "La Concepción a El Cerro", "longitud": 1.18, "Shape__Length": 1411.5241175489791 }, "geometry": { "type": "LineString", "coordinates": [ [ -70.618551000213102, -33.422112999559999 ], [ -70.617506999790706, -33.421781999959499 ], [ -70.615882000730807, -33.421297999356902 ], [ -70.614425999573498, -33.420843999830701 ], [ -70.613435999687795, -33.420350999845198 ], [ -70.612206999759707, -33.419532000178798 ], [ -70.611443000289199, -33.418983999812802 ], [ -70.610397000479693, -33.418172999889997 ], [ -70.609509000122699, -33.417458999895999 ], [ -70.608905999989602, -33.416865999664303 ], [ -70.608680000565201, -33.416634999346499 ], [ -70.608360999595405, -33.416210000340698 ] ] } },
{ "type": "Feature", "properties": { "FID": 114, "objectid_1": 114, "objectid": 114, "oid_": 0, "name": "* Parque por Santa María (c)", "folderpath": "Ciclovías Santiago 2015 - 2016", "popupinfo": "Acceso Club De Polo a Del Sembrador", "longitud": 1.41, "Shape__Length": 1689.5230080315509 }, "geometry": { "type": "LineString", "coordinates": [ [ -70.573709999499002, -33.378121000155502 ], [ -70.574509000108705, -33.3783339996019 ], [ -70.575338000005999, -33.378563000479602 ], [ -70.576098999858601, -33.378779999946602 ], [ -70.576773000328302, -33.378994999561499 ], [ -70.577328000305002, -33.379091000573801 ], [ -70.577839999560595, -33.379217000138297 ], [ -70.578693000223296, -33.379291000103599 ], [ -70.579511000207702, -33.379334999648698 ], [ -70.580555000427296, -33.379372999660497 ], [ -70.581307999147995, -33.379408999646998 ], [ -70.581782999463698, -33.379502999520497 ], [ -70.582498999833703, -33.379691000102497 ], [ -70.583716999784301, -33.3800650006214 ], [ -70.584628999563805, -33.3803519998377 ], [ -70.585899999499304, -33.380722000114098 ], [ -70.587543999839397, -33.381246000076501 ], [ -70.588238999691697, -33.381471999522397 ] ] } },
{ "type": "Feature", "properties": { "FID": 115, "objectid_1": 115, "objectid": 115, "oid_": 0, "name": "* Parque por Tobalaba (a)", "folderpath": "Ciclovías Santiago 2015 - 2016", "popupinfo": "Lota a Troncos Viejos", "longitud": 2.47, "Shape__Length": 2968.8253054907013 }, "geometry": { "type": "LineString", "coordinates": [ [ -70.577500000206896, -33.436465999787899 ], [ -70.578167000471197, -33.436280000313999 ], [ -70.578465000277404, -33.436172999664699 ], [ -70.578798000077001, -33.436013999936101 ], [ -70.579484000143594, -33.4356800005691 ], [ -70.579605000419605, -33.435616999731799 ], [ -70.579956000571798, -33.435407000418301 ], [ -70.580367000434606, -33.435194000661802 ], [ -70.580859999852706, -33.434917000389703 ], [ -70.581552000270506, -33.434530000612298 ], [ -70.582019000456896, -33.434231999859101 ], [ -70.582766999759102, -33.433734999564699 ], [ -70.583083999737198, -33.433507000112797 ], [ -70.583525999840703, -33.433170999279803 ], [ -70.583944999345903, -33.432785999835502 ], [ -70.584114000055806, -33.432634000450498 ], [ -70.584258999886003, -33.432457000097102 ], [ -70.584288000120196, -33.432369999870801 ], [ -70.584463000416903, -33.432116999524801 ], [ -70.5846290001667, -33.4318750000525 ], [ -70.584709000387207, -33.4317339997191 ], [ -70.584899999361198, -33.431525999868697 ], [ -70.585038999756094, -33.431367000253601 ], [ -70.585266999104903, -33.431172000358302 ], [ -70.585530000300096, -33.430941000235997 ], [ -70.585760999977794, -33.430750999664198 ], [ -70.585871000002697, -33.4306389995605 ], [ -70.586166000001199, -33.430391000469101 ], [ -70.586415000569104, -33.4301670000144 ], [ -70.586584000245907, -33.430018999729299 ], [ -70.586804000069407, -33.429825000370499 ], [ -70.5869839997101, -33.429672000590301 ], [ -70.587353999263101, -33.429345000108 ], [ -70.587696999738796, -33.4290460000121 ], [ -70.587997999304903, -33.4287839999864 ], [ -70.588199000047894, -33.428602000587397 ], [ -70.588360000250802, -33.428469999808897 ], [ -70.588561000777602, -33.428301999979602 ], [ -70.588926000458301, -33.4280089996657 ], [ -70.589322999480402, -33.4276929998505 ], [ -70.589789000269903, -33.427323999682599 ], [ -70.590239999278296, -33.426969999271101 ], [ -70.590337000008404, -33.426901000228398 ], [ -70.590425000425796, -33.426885000332803 ], [ -70.5906499996143, -33.426703999650798 ], [ -70.591123000083499, -33.426297000553298 ], [ -70.5916800004469, -33.425886999768402 ], [ -70.591970000477602, -33.425672000056203 ], [ -70.592461000051003, -33.425299999737 ], [ -70.593228000098193, -33.424718000500299 ], [ -70.593442999605998, -33.424554999579897 ], [ -70.593648999811194, -33.424371000112899 ], [ -70.594081000672503, -33.4240110003227 ], [ -70.594486000064194, -33.423674999639502 ], [ -70.595086999807705, -33.423194000003498 ], [ -70.5954109993218, -33.422927999911799 ], [ -70.596068999889397, -33.422404000409003 ], [ -70.596811000101198, -33.421792999701601 ], [ -70.597028999988495, -33.421619000368601 ] ] } },
{ "type": "Feature", "properties": { "FID": 116, "objectid_1": 116, "objectid": 116, "oid_": 0, "name": "* Parque por Tobalaba (b)", "folderpath": "Ciclovías Santiago 2015 - 2016", "popupinfo": "Ossa a Quilín Norte", "longitud": 6.86, "Shape__Length": 8243.1338289867163 }, "geometry": { "type": "LineString", "coordinates": [ [ -70.559204000489402, -33.4919709994413 ], [ -70.559123999868206, -33.491384999271702 ], [ -70.559021999394304, -33.490550999756998 ], [ -70.558924999852394, -33.489899999699702 ], [ -70.558812999593997, -33.489054000415898 ], [ -70.558697000221002, -33.488151000193398 ], [ -70.558576999562206, -33.487228999661802 ], [ -70.558511999389097, -33.486633999813698 ], [ -70.5584690004913, -33.486571000047398 ], [ -70.5584510000634, -33.486345000095703 ], [ -70.558464000613796, -33.486271000582597 ], [ -70.558434000049999, -33.485675999542202 ], [ -70.5584019996313, -33.485613999513198 ], [ -70.558386000353707, -33.485230999905603 ], [ -70.558412999383407, -33.4851690000066 ], [ -70.558401999973896, -33.484966999971903 ], [ -70.558349000335994, -33.484029999824003 ], [ -70.558287000012697, -33.483063999625699 ], [ -70.558282000329299, -33.482873000404901 ], [ -70.558240999620196, -33.482821999542701 ], [ -70.558232999971096, -33.482538000108903 ], [ -70.558214000079701, -33.482443999868103 ], [ -70.558224999915296, -33.482336000124803 ], [ -70.558200999916494, -33.4821170006174 ], [ -70.558177000775601, -33.481860000409903 ], [ -70.558193000709494, -33.481802000519899 ], [ -70.558137000418796, -33.481196000640701 ], [ -70.558080000275197, -33.480492999985202 ], [ -70.558056000332897, -33.480260000264202 ], [ -70.558019000453996, -33.479891000189802 ], [ -70.558007999581093, -33.479369999595797 ], [ -70.557981000421293, -33.478807999694602 ], [ -70.557952000401698, -33.478673999651903 ], [ -70.5578950001387, -33.478522000150797 ], [ -70.557841999714498, -33.478437000094701 ], [ -70.557431000072, -33.477778999741403 ], [ -70.556939999502205, -33.477061000067899 ], [ -70.556406999318497, -33.476262999796198 ], [ -70.556057999276106, -33.4757350000869 ], [ -70.555916000489205, -33.475530999984201 ], [ -70.555848999532301, -33.475365000363702 ], [ -70.555733000321695, -33.475067999857401 ], [ -70.555556000328593, -33.474584999778102 ], [ -70.555245000547501, -33.473743000123299 ], [ -70.555097999156899, -33.4733290002155 ], [ -70.5550090002926, -33.4731260004056 ], [ -70.554843000678702, -33.472758999713797 ], [ -70.554759999930596, -33.472569000183697 ], [ -70.5546660000457, -33.472407999196498 ], [ -70.554493999803398, -33.4721700000214 ], [ -70.554370999771805, -33.472005000356297 ], [ -70.554231000568905, -33.471839000779902 ], [ -70.553961000382699, -33.471488000267101 ], [ -70.553625000096602, -33.471087999955998 ], [ -70.553276999871997, -33.470657999694197 ], [ -70.552972999889803, -33.470283999515601 ], [ -70.552683999693599, -33.469929000830597 ], [ -70.552262999619302, -33.4694140001669 ], [ -70.551862999630799, -33.468915000564699 ], [ -70.5516269997877, -33.468628999897703 ], [ -70.551127999849299, -33.468022000064302 ], [ -70.550903000171402, -33.467731000213703 ], [ -70.550548999984997, -33.4673020001187 ], [ -70.550349999931001, -33.467029000173802 ], [ -70.550247999322295, -33.466849999237603 ], [ -70.550204999448496, -33.4667650003014 ], [ -70.550170999727101, -33.466641999786297 ], [ -70.550179000142194, -33.466247999580403 ], [ -70.550216000148197, -33.466037999736102 ], [ -70.550348000113004, -33.465496000493403 ], [ -70.550428000182606, -33.465228000155697 ], [ -70.550521999359404, -33.464914000345502 ], [ -70.550808999483905, -33.464341999763498 ], [ -70.551235000533794, -33.4634999994081 ], [ -70.551540999882405, -33.4628939998953 ], [ -70.551647999227001, -33.4626280001564 ], [ -70.551820000836003, -33.462354999877597 ], [ -70.552228000326707, -33.4617839999189 ], [ -70.552770000478901, -33.461048000395301 ], [ -70.553364999373699, -33.4602240001959 ], [ -70.553480000072597, -33.460052000232601 ], [ -70.553673999470405, -33.459815000065298 ], [ -70.553968999850596, -33.459364999391198 ], [ -70.554505000481001, -33.458573000312498 ], [ -70.554682000629896, -33.458302000499401 ], [ -70.555024999753996, -33.457786999454299 ], [ -70.555421999871697, -33.457203000078003 ], [ -70.555781999269897, -33.456686000731302 ], [ -70.555947999941196, -33.456449000408398 ], [ -70.5562189999347, -33.456051000081601 ], [ -70.556401000838903, -33.455789000394901 ], [ -70.556719999257396, -33.455299000243301 ], [ -70.556990999112003, -33.454921000188698 ], [ -70.557285999391993, -33.454495999862502 ], [ -70.557578999753105, -33.454076999575697 ], [ -70.557815000202595, -33.453734999800297 ], [ -70.558080000431005, -33.453370000706997 ], [ -70.558342999606296, -33.452994000320899 ], [ -70.558695000158806, -33.4524969996205 ], [ -70.558955000090407, -33.452132000257002 ], [ -70.559239000322407, -33.451834999351398 ], [ -70.559745999958096, -33.451282000579099 ], [ -70.560196999495801, -33.450802999856201 ], [ -70.560713999971199, -33.450244000388302 ], [ -70.561271999726301, -33.449634999415402 ], [ -70.561666000775205, -33.449199000417899 ], [ -70.562025999272606, -33.448865000186501 ], [ -70.562190000529696, -33.448726000056297 ], [ -70.562699000035494, -33.448329999947198 ], [ -70.563173999815902, -33.4479589998489 ], [ -70.563335000408202, -33.447844999910998 ], [ -70.563645999940604, -33.447612000403197 ], [ -70.564086000187402, -33.447307000298103 ], [ -70.564294999659097, -33.447141999645098 ], [ -70.564541999507895, -33.446947000063901 ], [ -70.564930999459705, -33.4466250006572 ], [ -70.565131999689996, -33.446466000341402 ], [ -70.5653870001276, -33.446249000539098 ], [ -70.565552999693494, -33.446102999616897 ], [ -70.5660439993068, -33.445637999909302 ], [ -70.566401000617503, -33.445273000068902 ], [ -70.566504999909299, -33.445161000517103 ], [ -70.566810999934305, -33.444838999756598 ], [ -70.567178000348093, -33.444492000155897 ], [ -70.567464999496394, -33.444207999847599 ], [ -70.567656000209496, -33.444031000402397 ], [ -70.568001999676596, -33.443688000298003 ], [ -70.568368999949399, -33.443356999513298 ], [ -70.5684709998106, -33.443201000343997 ], [ -70.5692520000363, -33.442512999824402 ], [ -70.569339999894893, -33.442434999616403 ], [ -70.569442000212604, -33.442383999961699 ], [ -70.569575999922606, -33.442246999714598 ], [ -70.569758999926407, -33.442041000545899 ], [ -70.569973000745307, -33.441797000039699 ], [ -70.570216999331095, -33.4415150008235 ], [ -70.570468999535294, -33.441212999792 ], [ -70.570791000100002, -33.440834999904403 ], [ -70.570986999910801, -33.440606999835197 ], [ -70.571143000756393, -33.440429999442898 ], [ -70.571426999562107, -33.440083000466799 ], [ -70.571518000009306, -33.439968999868903 ], [ -70.571685000353995, -33.439794000362198 ], [ -70.571803000092999, -33.439670999645401 ], [ -70.572008999600897, -33.439477999695903 ], [ -70.572234000000293, -33.439276999944497 ], [ -70.572480999932296, -33.4390510004596 ], [ -70.572798000595199, -33.438762000147499 ], [ -70.573015000745897, -33.4385519991351 ], [ -70.573196999154106, -33.438335000791 ] ] } },
{ "type": "Feature", "properties": { "FID": 117, "objectid_1": 117, "objectid": 117, "oid_": 0, "name": "* Parque por Tobalaba (c)", "folderpath": "Ciclovías Santiago 2015 - 2016", "popupinfo": "Quilín a Departamental", "longitud": 1.4, "Shape__Length": 1685.939946594531 }, "geometry": { "type": "LineString", "coordinates": [ [ -70.560627999891494, -33.499046999970403 ], [ -70.560736000023994, -33.4997580002996 ], [ -70.560838000093796, -33.500486999968899 ], [ -70.560917999596299, -33.500963999651901 ], [ -70.561033000284993, -33.501646000260301 ], [ -70.561063000569106, -33.502159999835698 ], [ -70.561073999669404, -33.503437000097897 ], [ -70.561070999914705, -33.504730000091399 ], [ -70.5610630001581, -33.505578000363101 ], [ -70.560985000463901, -33.506826000396501 ], [ -70.560909999397794, -33.508015000600103 ], [ -70.560861999949395, -33.5088880001164 ], [ -70.560818999365594, -33.509372999917296 ], [ -70.560685000064197, -33.510619000254501 ], [ -70.560594000235298, -33.511557999786802 ], [ -70.560566999518699, -33.511636000346599 ] ] } },
{ "type": "Feature", "properties": { "FID": 118, "objectid_1": 118, "objectid": 118, "oid_": 0, "name": "* Parque por Vespucio", "folderpath": "Ciclovías Santiago 2015 - 2016", "popupinfo": "Pdte. Miguel Iglesias a Bilbao", "longitud": 5.13, "Shape__Length": 6164.6838760171531 }, "geometry": { "type": "LineString", "coordinates": [ [ -70.595933999478206, -33.390764000459001 ], [ -70.595295999540099, -33.391068999647402 ], [ -70.593923000813405, -33.391796000390798 ], [ -70.592670000154897, -33.392468000029403 ], [ -70.591702000406897, -33.3932209998951 ], [ -70.590792999868995, -33.394029000466702 ], [ -70.590070999775193, -33.3948379998224 ], [ -70.589756999997505, -33.395190999797201 ], [ -70.589301000431902, -33.395818000510403 ], [ -70.589000999499106, -33.396237000114901 ], [ -70.588724999882302, -33.396722999780799 ], [ -70.588329999560102, -33.3976170008726 ], [ -70.587931000638207, -33.398546000100403 ], [ -70.587769999954901, -33.398918000109703 ], [ -70.587633000306894, -33.399461999667899 ], [ -70.587408000632607, -33.400314999638198 ], [ -70.587138999441706, -33.401315999787101 ], [ -70.586876999793901, -33.402226999693902 ], [ -70.586590000578298, -33.403199000096201 ], [ -70.586343000073498, -33.4041280007309 ], [ -70.586261999538095, -33.404528999816399 ], [ -70.586243999126694, -33.404948000267403 ], [ -70.586261999694003, -33.405259000212098 ], [ -70.586474000191004, -33.4059600006957 ], [ -70.586941000266705, -33.406823999488502 ], [ -70.587182000015005, -33.407229000236804 ], [ -70.587322000298201, -33.407739999407298 ], [ -70.587370000812797, -33.408041999800503 ], [ -70.587367000193396, -33.408295000152798 ], [ -70.587274000888996, -33.408770000447603 ], [ -70.587169000527197, -33.409071999818501 ], [ -70.586842000218397, -33.409732999825302 ], [ -70.586378000958604, -33.4107020001832 ], [ -70.585988999346995, -33.411519000477703 ], [ -70.585564999587902, -33.412390000085097 ], [ -70.585154999390298, -33.4132409995986 ], [ -70.584688000125794, -33.414213000046402 ], [ -70.584175999186598, -33.415263000200703 ], [ -70.583725000714097, -33.416222999343702 ], [ -70.583328000108594, -33.417031000319497 ], [ -70.582848000257002, -33.418022999522798 ], [ -70.582520999675396, -33.418714999951 ], [ -70.5822600000905, -33.419239000462298 ], [ -70.5821080000119, -33.419543000247899 ], [ -70.582050999331102, -33.41967300081 ], [ -70.581611000085402, -33.420283999415403 ], [ -70.580953999982995, -33.421160000137597 ], [ -70.580176000531196, -33.4221829998285 ], [ -70.579457999757096, -33.423122999932701 ], [ -70.5791519999988, -33.4235419995412 ], [ -70.578174999494493, -33.424520000187599 ], [ -70.577384000049506, -33.425366000663097 ], [ -70.576573999881504, -33.4261609997221 ], [ -70.575823000206498, -33.426953000133501 ], [ -70.575418000652206, -33.427404999889497 ], [ -70.5751820008755, -33.4278889999852 ], [ -70.575009999324294, -33.428760000820297 ], [ -70.574876000223199, -33.4295410002374 ], [ -70.574714999979605, -33.430550000235201 ], [ -70.574605000295307, -33.431145999371203 ] ] } },
{ "type": "Feature", "properties": { "FID": 119, "objectid_1": 119, "objectid": 119, "oid_": 0, "name": "IV Centenario (b)", "folderpath": "Ciclovías Santiago 2015 - 2016", "popupinfo": "Vereda / Ambos sentidos / Fleming a Manuel Claro Vial", "longitud": 0.45, "Shape__Length": 534.1521080168045 }, "geometry": { "type": "LineString", "coordinates": [ [ -70.542933999440606, -33.427617999837302 ], [ -70.544565000476894, -33.426069000328901 ], [ -70.546087999561905, -33.4245999998817 ] ] } },
{ "type": "Feature", "properties": { "FID": 120, "objectid_1": 120, "objectid": 120, "oid_": 0, "name": "Baldomero Lillo", "folderpath": "Ciclovías Santiago 2015 - 2016", "popupinfo": "Vereda / Ambos sentidos / Aníbal Pinto a Andrés Bello", "longitud": 0.68, "Shape__Length": 820.40209478747101 }, "geometry": { "type": "LineString", "coordinates": [ [ -70.631156999416902, -33.582769999976001 ], [ -70.634150000617296, -33.5825110001757 ], [ -70.636629000496299, -33.5823320005222 ], [ -70.638485000200902, -33.582125999412902 ] ] } },
{ "type": "Feature", "properties": { "FID": 121, "objectid_1": 121, "objectid": 121, "oid_": 0, "name": "Bernardo O'Higgins", "folderpath": "Ciclovías Santiago 2015 - 2016", "popupinfo": "Bandejón / Ambos sentidos / Colbún a San Ignacio", "longitud": 1.05, "Shape__Length": 1257.8060673746043 }, "geometry": { "type": "LineString", "coordinates": [ [ -70.728833999820793, -33.348795000145202 ], [ -70.728727000153697, -33.347530999841297 ], [ -70.728705000260504, -33.346124000221302 ], [ -70.728586999266099, -33.343256000149601 ], [ -70.728437000458996, -33.339483000272502 ], [ -70.728405000300299, -33.339366000178899 ] ] } },
{ "type": "Feature", "properties": { "FID": 122, "objectid_1": 122, "objectid": 122, "oid_": 0, "name": "Camino a Lonquén", "folderpath": "Ciclovías Santiago 2015 - 2016", "popupinfo": "Vereda / Ambos sentidos / Fuente Bella a Restorán Las Bodegas de Lonquén", "longitud": 11.4, "Shape__Length": 13725.343216487305 }, "geometry": { "type": "LineString", "coordinates": [ [ -70.769505999801297, -33.574081999872597 ], [ -70.770664000151896, -33.575618999621099 ], [ -70.772209000741896, -33.5773000004708 ], [ -70.773324999226602, -33.578908999476297 ], [ -70.776500999663796, -33.583591999976598 ], [ -70.779504999859896, -33.588061000121002 ], [ -70.781349999713399, -33.590885000093301 ], [ -70.782638000539194, -33.5936739996881 ], [ -70.784439999420499, -33.597391000063297 ], [ -70.786585999996205, -33.6014309994545 ], [ -70.787615999577298, -33.603253999908098 ], [ -70.789290000478701, -33.605327000288298 ], [ -70.790576999888799, -33.6071139997971 ], [ -70.792464999835801, -33.610688000516397 ], [ -70.794953999809096, -33.615191000246497 ], [ -70.796328000148506, -33.617800000143198 ], [ -70.797743999612393, -33.620981000203201 ], [ -70.799160000275407, -33.623803999870901 ], [ -70.804523999052194, -33.629270999791402 ], [ -70.811734000193198, -33.636382000182103 ], [ -70.813450999900297, -33.638168000733899 ], [ -70.815038999485395, -33.639026000269197 ], [ -70.816970000119298, -33.640848000033301 ], [ -70.819844999963095, -33.644313000682502 ], [ -70.823406999906695, -33.648386000733502 ], [ -70.826540000859197, -33.652066000115902 ], [ -70.8296300003624, -33.655351999188198 ], [ -70.832333999090693, -33.658530999731298 ], [ -70.834307999757698, -33.660424999709001 ] ] } },
{ "type": "Feature", "properties": { "FID": 123, "objectid_1": 123, "objectid": 123, "oid_": 0, "name": "Calera De Tango / Manuel Castillo", "folderpath": "Ciclovías Santiago 2015 - 2016/Calera De Tango", "popupinfo": "Vereda / Ambos sentidos / Los Almendros a Autopista Del Sol", "longitud": 10.06, "Shape__Length": 12074.430904090575 }, "geometry": { "type": "LineString", "coordinates": [ [ -70.749266000368394, -33.631686999748602 ], [ -70.750258999695504, -33.631612000475698 ], [ -70.750429999876999, -33.631584999597003 ], [ -70.753993000009302, -33.631335000046597 ], [ -70.755934999535697, -33.6312360001074 ], [ -70.758638999219102, -33.630968000016402 ], [ -70.759562000009893, -33.6307450001161 ], [ -70.761997000313102, -33.630047999932401 ], [ -70.765548000309295, -33.6289939998451 ], [ -70.768562999222496, -33.628073999651001 ], [ -70.768991999544298, -33.627993999298198 ], [ -70.770654999970702, -33.627109000451803 ], [ -70.771781999857794, -33.626529000008603 ], [ -70.772511000321998, -33.626287000434097 ], [ -70.773788000271495, -33.625884999639503 ], [ -70.775494000124198, -33.6255100006709 ], [ -70.777704000432706, -33.625626000240501 ], [ -70.780364999260101, -33.6256979997139 ], [ -70.782006000368895, -33.625689000211104 ], [ -70.7848170004835, -33.625376000694601 ], [ -70.785868999611296, -33.625260000398299 ], [ -70.787768000260101, -33.624714999325903 ], [ -70.790116999803004, -33.623937999470598 ], [ -70.797488000260103, -33.623955999755403 ], [ -70.803389000595999, -33.620953999799298 ], [ -70.808099000208401, -33.618415999894999 ], [ -70.813259000720095, -33.6156380004591 ], [ -70.818505999073096, -33.612797000463601 ], [ -70.822851000433801, -33.610429000257497 ], [ -70.824128000103997, -33.609776999250997 ], [ -70.826155000154301, -33.609812000137097 ], [ -70.830886999842605, -33.609802999675601 ], [ -70.837861000501107, -33.609784999859599 ], [ -70.844598000840193, -33.609803000296402 ], [ -70.8510679996742, -33.609812000017897 ] ] } },
{ "type": "Feature", "properties": { "FID": 124, "objectid_1": 124, "objectid": 124, "oid_": 0, "name": "Centenario (b)", "folderpath": "Ciclovías Santiago 2015 - 2016", "popupinfo": "Vereda / Ambos sentidos / San Ignacio a Nataniel Cox", "longitud": 0.37, "Shape__Length": 445.61602942428118 }, "geometry": { "type": "LineString", "coordinates": [ [ -70.654019999728007, -33.476515999906901 ], [ -70.650017999931606, -33.4765920005146 ] ] } },
{ "type": "Feature", "properties": { "FID": 125, "objectid_1": 125, "objectid": 125, "oid_": 0, "name": "Centenario (c)", "folderpath": "Ciclovías Santiago 2015 - 2016", "popupinfo": "Vereda y Bandejón / Ambos sentidos / San Diego a Santa Rosa", "longitud": 0.57, "Shape__Length": 676.77071039966631 }, "geometry": { "type": "LineString", "coordinates": [ [ -70.648195000432494, -33.476502999178599 ], [ -70.646489000232293, -33.476493999697098 ], [ -70.643785000523494, -33.4763589998458 ], [ -70.642121999542297, -33.476296999992897 ] ] } },
{ "type": "Feature", "properties": { "FID": 126, "objectid_1": 126, "objectid": 126, "oid_": 0, "name": "Costanera Sur", "folderpath": "Ciclovías Santiago 2015 - 2016", "popupinfo": "Vereda y Bandejón / Ambos sentidos / Santos Luis Medel a Pdte. Balmaceda", "longitud": 6.16, "Shape__Length": 7385.6230755376073 }, "geometry": { "type": "LineString", "coordinates": [ [ -70.732919999798895, -33.4137649998816 ], [ -70.730238000640597, -33.414052000612102 ], [ -70.727533999724301, -33.414373999699897 ], [ -70.725560000056106, -33.414034000482701 ], [ -70.723565000011803, -33.413101999137297 ], [ -70.722276999910207, -33.412690000782199 ], [ -70.721203999615, -33.412081000267399 ], [ -70.720604000565103, -33.411365000395797 ], [ -70.719830999412906, -33.410971000261803 ], [ -70.7185859997591, -33.410953000597203 ], [ -70.717041999285399, -33.410738000129797 ], [ -70.716011999781699, -33.410792000383999 ], [ -70.715388999964901, -33.410559000355903 ], [ -70.714166000186097, -33.409914000116103 ], [ -70.713329000281206, -33.409017999893102 ], [ -70.712857000066904, -33.4084089996499 ], [ -70.712042000736204, -33.408177000258704 ], [ -70.709573999869804, -33.408229999383401 ], [ -70.707406999748102, -33.408320000660403 ], [ -70.706291000734396, -33.408320000500503 ], [ -70.704617999201602, -33.408570999725299 ], [ -70.7032870007192, -33.408839000030902 ], [ -70.701698999978603, -33.409878000409897 ], [ -70.699789999725198, -33.411095999986799 ], [ -70.698694999834302, -33.4119379999537 ], [ -70.697944000283201, -33.412833000045303 ], [ -70.696893000892302, -33.413621999942698 ], [ -70.695305000078207, -33.414516999851898 ], [ -70.6939319997132, -33.415412999887003 ], [ -70.693351999973601, -33.415680999982001 ], [ -70.692966000107504, -33.416254000342597 ], [ -70.692387000317396, -33.417024999379002 ], [ -70.691228000213499, -33.418331999454097 ], [ -70.690048000766396, -33.419084000342899 ], [ -70.688953000429194, -33.419836999804701 ], [ -70.6871299999912, -33.420982999568899 ], [ -70.685777999460399, -33.421358999850099 ], [ -70.684383000327799, -33.422038999355898 ], [ -70.683695999374095, -33.4230959995866 ], [ -70.683051999752095, -33.424026999749401 ], [ -70.682066000566806, -33.424994000549802 ], [ -70.679854999391395, -33.425675000402997 ], [ -70.678868000287295, -33.425961999604098 ], [ -70.678009999905001, -33.426229999989701 ], [ -70.677688000124704, -33.426569999849598 ] ] } },
{ "type": "Feature", "properties": { "FID": 127, "objectid_1": 127, "objectid": 127, "oid_": 0, "name": "Cuatro Oriente / Caletera Acceso Sur (b)", "folderpath": "Ciclovías Santiago 2015 - 2016/Cuatro Oriente", "popupinfo": "Vereda / Ambos sentidos / Cerro Yaretas a Camino El Retiro", "longitud": 3.65, "Shape__Length": 4389.5222049648683 }, "geometry": { "type": "LineString", "coordinates": [ [ -70.597785999990506, -33.623624999281198 ], [ -70.597689000281306, -33.623838999651298 ], [ -70.597609000580306, -33.6244560004641 ], [ -70.5975929999112, -33.625081000323803 ], [ -70.597646000058901, -33.625939000266897 ], [ -70.597774999436098, -33.626528999266903 ], [ -70.598021999637595, -33.627239000030798 ], [ -70.598289999887797, -33.627869000600498 ], [ -70.598611999427405, -33.628391000481002 ], [ -70.598912999726593, -33.628814999891702 ], [ -70.599426999312797, -33.6294139998516 ], [ -70.599952999189796, -33.629914000316603 ], [ -70.600720000232897, -33.630481000418101 ], [ -70.601111999891501, -33.630717999940103 ], [ -70.601980999811303, -33.631174000205803 ], [ -70.602399000230093, -33.631344000527797 ], [ -70.603257999530399, -33.631629000315399 ], [ -70.603848000060296, -33.631780999690697 ], [ -70.604539999881993, -33.6319379995956 ], [ -70.605704000610203, -33.632134000093203 ], [ -70.608273000465502, -33.632509000341003 ], [ -70.609486000420802, -33.632674999839701 ], [ -70.610274000098102, -33.632709999840799 ], [ -70.611025000384302, -33.632776999595698 ], [ -70.611095000046902, -33.632777000066604 ], [ -70.611176000435606, -33.632817000171201 ], [ -70.611523999775798, -33.632884000439098 ], [ -70.611786999963797, -33.632888999425099 ], [ -70.612628999829099, -33.633053999929501 ], [ -70.612989000518695, -33.633166000159598 ], [ -70.615081000518998, -33.633479000011498 ], [ -70.617339000594896, -33.6338000002238 ], [ -70.620402000629099, -33.634224000131198 ], [ -70.622446000325397, -33.634523999831501 ], [ -70.623830000206596, -33.6347160002911 ], [ -70.6244519996511, -33.634805000232703 ], [ -70.6245970002212, -33.634826999919198 ], [ -70.624655999908398, -33.634814000642997 ], [ -70.624721000112999, -33.634840999565597 ], [ -70.626050999499697, -33.635036999649998 ], [ -70.627011000249695, -33.635166999579099 ], [ -70.628072999333796, -33.635256000118403 ], [ -70.6291360005158, -33.6352740000399 ], [ -70.629785000772401, -33.635261000147402 ], [ -70.630031000030201, -33.635246999307398 ], [ -70.6301170000648, -33.635193999963903 ], [ -70.630117000703194, -33.635188999456197 ] ] } },
{ "type": "Feature", "properties": { "FID": 128, "objectid_1": 128, "objectid": 128, "oid_": 0, "name": "El Mariscal", "folderpath": "Ciclovías Santiago 2015 - 2016", "popupinfo": "Berma y Bandejón / Ambos sentidos / Padre Hurtado a Santa Rosa", "longitud": 5.21, "Shape__Length": 6245.7230943849372 }, "geometry": { "type": "LineString", "coordinates": [ [ -70.626819000054596, -33.611437999518301 ], [ -70.645958999825694, -33.609651000209098 ], [ -70.664541999607394, -33.608006999495302 ], [ -70.670549999224804, -33.607471000385601 ], [ -70.6822660001624, -33.604898000552097 ] ] } },
{ "type": "Feature", "properties": { "FID": 129, "objectid_1": 129, "objectid": 129, "oid_": 0, "name": "El Observatorio", "folderpath": "Ciclovías Santiago 2015 - 2016", "popupinfo": "Bandejón / Ambos sentidos / Santa Rosa a San Francisco", "longitud": 2.47, "Shape__Length": 2956.0616825224406 }, "geometry": { "type": "LineString", "coordinates": [ [ -70.656746999843193, -33.562406999904603 ], [ -70.649730999776907, -33.563344999333999 ], [ -70.643110999950295, -33.564213000071902 ], [ -70.637402999906399, -33.564946000163403 ], [ -70.632833000135093, -33.565588999889798 ], [ -70.630515000198002, -33.5658399995216 ] ] } },
{ "type": "Feature", "properties": { "FID": 130, "objectid_1": 130, "objectid": 130, "oid_": 0, "name": "Gabriela", "folderpath": "Ciclovías Santiago 2015 - 2016", "popupinfo": "Vereda y Calle / Ambos sentidos / Santa Rosa a Cuatro Oriente", "longitud": 1.74, "Shape__Length": 2089.523634849078 }, "geometry": { "type": "LineString", "coordinates": [ [ -70.628317999555406, -33.585630000159398 ], [ -70.619134000056107, -33.584343000032398 ], [ -70.609799999124704, -33.583074000436604 ] ] } },
{ "type": "Feature", "properties": { "FID": 131, "objectid_1": 131, "objectid": 131, "oid_": 0, "name": "Huérfanos", "folderpath": "Ciclovías Santiago 2015 - 2016", "popupinfo": "Calle / Oriente a Poniente / Gral. Bulnes a Manuel Rodríguez", "longitud": 0.91, "Shape__Length": 1087.2067295166489 }, "geometry": { "type": "LineString", "coordinates": [ [ -70.669946999269897, -33.441638999726599 ], [ -70.668192999292302, -33.441459999771602 ], [ -70.6665889999868, -33.4412179998453 ], [ -70.665023000070406, -33.441044000004901 ], [ -70.664716999527798, -33.4410389998421 ], [ -70.663623000715901, -33.440931999685503 ], [ -70.6620990000429, -33.440743999809499 ], [ -70.660269999477805, -33.440564999680802 ] ] } },
{ "type": "Feature", "properties": { "FID": 132, "objectid_1": 132, "objectid": 132, "oid_": 0, "name": "Jorge Canning / Comandante Riesle", "folderpath": "Ciclovías Santiago 2015 - 2016/Jorge Canning", "popupinfo": "Vereda / Ambos sentidos / Santa Rosa a Alcalde Pedro Alarcón", "longitud": 1.07, "Shape__Length": 1277.9481928459627 }, "geometry": { "type": "LineString", "coordinates": [ [ -70.640931000021396, -33.486238999704703 ], [ -70.638623999714795, -33.486238999652898 ], [ -70.638237999620102, -33.486318999530198 ], [ -70.636178000408293, -33.487241000507098 ], [ -70.634761999308395, -33.487929999523303 ], [ -70.632938000091997, -33.4888340002436 ], [ -70.631188999870204, -33.489719000329401 ], [ -70.631103999696194, -33.489870999767 ], [ -70.631114000251898, -33.490229000791402 ] ] } },
{ "type": "Feature", "properties": { "FID": 133, "objectid_1": 133, "objectid": 133, "oid_": 0, "name": "José Manuel Balmaceda", "folderpath": "Ciclovías Santiago 2015 - 2016", "popupinfo": "Calle / Ambos sentidos / Traiguén a Manuel Rodríguez", "longitud": 0.93, "Shape__Length": 1112.4013863266443 }, "geometry": { "type": "LineString", "coordinates": [ [ -70.731140999547193, -33.4018439998828 ], [ -70.729702999758501, -33.402013999786497 ], [ -70.7280300000007, -33.401915999523503 ], [ -70.726667000240298, -33.401763999876998 ], [ -70.725958999609901, -33.401826000241002 ], [ -70.723834999925799, -33.401888999905402 ], [ -70.723426999755702, -33.401870999865203 ], [ -70.721228000462304, -33.401504000026002 ] ] } },
{ "type": "Feature", "properties": { "FID": 134, "objectid_1": 134, "objectid": 134, "oid_": 0, "name": "José Miguel Infante", "folderpath": "Ciclovías Santiago 2015 - 2016", "popupinfo": "Calle / Oriente a Poniente / Esmeralda a Baldomero Dublé", "longitud": 0.5, "Shape__Length": 593.63517689643572 }, "geometry": { "type": "LineString", "coordinates": [ [ -70.741348999713097, -33.406474999808196 ], [ -70.7404470002637, -33.406648999240403 ], [ -70.739610000155693, -33.406846999510101 ], [ -70.739160000249498, -33.406972000226602 ], [ -70.738633999881003, -33.4070569996411 ], [ -70.738167000398903, -33.407147000297101 ], [ -70.737646999740207, -33.407083999535999 ], [ -70.736943999925103, -33.406725999347898 ], [ -70.736332999439995, -33.406442999864502 ] ] } },
{ "type": "Feature", "properties": { "FID": 135, "objectid_1": 135, "objectid": 135, "oid_": 0, "name": "Juanita", "folderpath": "Ciclovías Santiago 2015 - 2016", "popupinfo": "Bandejón / Ambos sentidos / Rosa Ester a Batallón Chacabuco", "longitud": 0.7, "Shape__Length": 846.740019486449 }, "geometry": { "type": "LineString", "coordinates": [ [ -70.618833000113895, -33.590796000524897 ], [ -70.619326999515394, -33.5858800004819 ], [ -70.619519999637205, -33.584486000127001 ] ] } },
{ "type": "Feature", "properties": { "FID": 136, "objectid_1": 136, "objectid": 136, "oid_": 0, "name": "Laguna Sur", "folderpath": "Ciclovías Santiago 2015 - 2016", "popupinfo": "Bandejón / Ambos sentidos / Oceanía a Teniente Cruz", "longitud": 1.71, "Shape__Length": 2045.6851894853176 }, "geometry": { "type": "LineString", "coordinates": [ [ -70.7559230004358, -33.459407999785 ], [ -70.746799999427594, -33.4610500000203 ], [ -70.746119999471702, -33.461250000073903 ], [ -70.738009999548794, -33.462810000206098 ] ] } },
{ "type": "Feature", "properties": { "FID": 137, "objectid_1": 137, "objectid": 137, "oid_": 0, "name": "La Florida", "folderpath": "Ciclovías Santiago 2015 - 2016", "popupinfo": "Parque / Ambos sentidos / Departamental a Viña del Mar", "longitud": 0.42, "Shape__Length": 506.06165078883441 }, "geometry": { "type": "LineString", "coordinates": [ [ -70.588477999687399, -33.510636000185798 ], [ -70.588113000771799, -33.5109849994058 ], [ -70.587726999691199, -33.511486000154903 ], [ -70.586826000193497, -33.512621999525003 ], [ -70.585924000660199, -33.513767000162403 ] ] } },
{ "type": "Feature", "properties": { "FID": 138, "objectid_1": 138, "objectid": 138, "oid_": 0, "name": "Las Perdices", "folderpath": "Ciclovías Santiago 2015 - 2016", "popupinfo": "Vereda y Bandejón / Ambos sentidos / Valenzuela LLanos a Departamental", "longitud": 8.34, "Shape__Length": 10033.424270454854 }, "geometry": { "type": "LineString", "coordinates": [ [ -70.541990000415097, -33.512184000191603 ], [ -70.542398000037196, -33.510968000029997 ], [ -70.542761999731397, -33.509572000058597 ], [ -70.543277000302794, -33.508695000458403 ], [ -70.543642000336803, -33.507210000348898 ], [ -70.543814000227798, -33.505421000630598 ], [ -70.544113999827303, -33.504115000769097 ], [ -70.543598999957595, -33.502648000150899 ], [ -70.543555999596094, -33.501163000107397 ], [ -70.543470000397505, -33.499821000342898 ], [ -70.543126999447296, -33.498335999720602 ], [ -70.542612000775506, -33.496582000435801 ], [ -70.542354999639798, -33.495829999378699 ], [ -70.542161999727796, -33.494381000636899 ], [ -70.542076000077003, -33.4938980000356 ], [ -70.540981000026704, -33.491607000445903 ], [ -70.540229999996598, -33.489156000259399 ], [ -70.5397149993711, -33.488224999898001 ], [ -70.539285999652293, -33.487365999255601 ], [ -70.538750000563695, -33.4866139996413 ], [ -70.537806000322604, -33.485593999533599 ], [ -70.537677000043104, -33.484682000368302 ], [ -70.537248000652596, -33.483948000084403 ], [ -70.536239000624306, -33.483070999876702 ], [ -70.535853000101397, -33.482068999759598 ], [ -70.535273999520697, -33.4808519991862 ], [ -70.534908999751295, -33.480010000421899 ], [ -70.534673000533402, -33.478900999200299 ], [ -70.534564999822294, -33.478112999753797 ], [ -70.534586999911795, -33.476968000010601 ], [ -70.534522000731002, -33.476000999698101 ], [ -70.534414999531805, -33.474962999651403 ], [ -70.534221999512496, -33.474049999577801 ], [ -70.533729000151098, -33.472797999786401 ], [ -70.533556999872303, -33.471776999767798 ], [ -70.533020000760004, -33.4699160001975 ], [ -70.532591000779703, -33.468984999966601 ], [ -70.532355000159498, -33.468071999806298 ], [ -70.532075999648299, -33.467285000310099 ], [ -70.531389999571701, -33.465423000546899 ], [ -70.530939000129194, -33.464492000005698 ], [ -70.530702999266396, -33.464008999920701 ], [ -70.530616999712706, -33.4630780005497 ], [ -70.530510000224695, -33.4618070000909 ], [ -70.530231000657096, -33.460696999739604 ], [ -70.529609000033304, -33.459086000604998 ], [ -70.529436999648496, -33.458584999475001 ], [ -70.529436999961604, -33.457528999302198 ], [ -70.529587000364202, -33.456544000000903 ], [ -70.529394000621906, -33.455845999894201 ], [ -70.529307999747303, -33.454718000066201 ], [ -70.528685999929493, -33.453535999783 ], [ -70.528535999965797, -33.452928000160597 ], [ -70.528472000177203, -33.452085999603 ], [ -70.5281920000143, -33.451387999928997 ], [ -70.528149999345402, -33.450868999684701 ], [ -70.528536000834706, -33.449847999821898 ], [ -70.528321000222803, -33.449114000509603 ], [ -70.528278000155694, -33.448416000565203 ], [ -70.528708000568201, -33.447215999420202 ], [ -70.529008000222802, -33.446715000327799 ], [ -70.529373000503597, -33.446536000002901 ], [ -70.530080999699905, -33.4460350004953 ], [ -70.530789000088802, -33.445533000480097 ], [ -70.531196999759402, -33.445050000068399 ], [ -70.531518000336703, -33.444531000011601 ], [ -70.532227000243296, -33.443385000427398 ], [ -70.532912999680903, -33.4424900007281 ], [ -70.533450000667401, -33.442148999881098 ], [ -70.534437000242704, -33.441898999768 ] ] } },
{ "type": "Feature", "properties": { "FID": 139, "objectid_1": 139, "objectid": 139, "oid_": 0, "name": "Latadía", "folderpath": "Ciclovías Santiago 2015 - 2016", "popupinfo": "Calle / Ambos sentidos / Tomás Moro a Américo vespucio", "longitud": 1.94, "Shape__Length": 2324.7475493492243 }, "geometry": { "type": "LineString", "coordinates": [ [ -70.554265000291494, -33.427438999337099 ], [ -70.556528999964996, -33.427125999879202 ], [ -70.556980000195395, -33.427205999887299 ], [ -70.558042000105701, -33.427026999200201 ], [ -70.559403999919496, -33.426866000522402 ], [ -70.560960000259499, -33.426954999932597 ], [ -70.561807999569893, -33.427017999898702 ], [ -70.564222000301598, -33.427233000419498 ], [ -70.569263999773497, -33.427653999541498 ], [ -70.569692999469297, -33.4274569999058 ], [ -70.570047000080905, -33.4274930003441 ], [ -70.570465999770093, -33.427752000156502 ], [ -70.574843000118406, -33.4280839998356 ] ] } },
{ "type": "Feature", "properties": { "FID": 140, "objectid_1": 140, "objectid": 140, "oid_": 0, "name": "Lo Blanco (a)", "folderpath": "Ciclovías Santiago 2015 - 2016", "popupinfo": "Bandejón / Ambos sentidos / Ochagavía a Pdte. Jorge Alessandri Rodríguez", "longitud": 1.07, "Shape__Length": 1282.3637189317135 }, "geometry": { "type": "LineString", "coordinates": [ [ -70.712223999474304, -33.573983000338998 ], [ -70.710357000135204, -33.573705999684201 ], [ -70.708083000445399, -33.573340000031699 ], [ -70.706644999861496, -33.573115999511103 ], [ -70.7057329998418, -33.573097999426103 ], [ -70.703994999637203, -33.573017999931501 ], [ -70.702204000297499, -33.572919999930903 ], [ -70.701238000170093, -33.572964000236901 ], [ -70.700809000651205, -33.572954999969902 ] ] } },
{ "type": "Feature", "properties": { "FID": 141, "objectid_1": 141, "objectid": 141, "oid_": 0, "name": "Lo Blanco (b)", "folderpath": "Ciclovías Santiago 2015 - 2016", "popupinfo": "Bandejón / Ambos sentidos / Gran Avenida a Los Morros", "longitud": 1.58, "Shape__Length": 1893.76083327064 }, "geometry": { "type": "LineString", "coordinates": [ [ -70.692086000055298, -33.576414999628497 ], [ -70.6902190006479, -33.577120999874303 ], [ -70.688148999617795, -33.577969999323699 ], [ -70.685971000375602, -33.578791999899899 ], [ -70.684339999949998, -33.579445000327503 ], [ -70.681390000635602, -33.580651999904802 ], [ -70.677409000201195, -33.582206999683997 ], [ -70.676709000322802, -33.582474999702796 ] ] } },
{ "type": "Feature", "properties": { "FID": 142, "objectid_1": 142, "objectid": 142, "oid_": 0, "name": "Lo Martínez (a)", "folderpath": "Ciclovías Santiago 2015 - 2016", "popupinfo": "Vereda / Ambos sentidos / Gran Avenida a Los Morros", "longitud": 1.16, "Shape__Length": 1393.821093501881 }, "geometry": { "type": "LineString", "coordinates": [ [ -70.685348999436002, -33.567519999677899 ], [ -70.6827949994222, -33.568343000044699 ], [ -70.679619000146602, -33.569397999997499 ], [ -70.675693000822207, -33.570631000255901 ], [ -70.673675999930495, -33.571292999836601 ] ] } },
{ "type": "Feature", "properties": { "FID": 143, "objectid_1": 143, "objectid": 143, "oid_": 0, "name": "Lo Martínez (b)", "folderpath": "Ciclovías Santiago 2015 - 2016", "popupinfo": "Vereda / Ambos sentidos / San Francisco a Santa Rosa", "longitud": 2.85, "Shape__Length": 3412.8035265931999 }, "geometry": { "type": "LineString", "coordinates": [ [ -70.660050000222796, -33.573795999631102 ], [ -70.6554149991874, -33.574420999531597 ], [ -70.649192000205801, -33.575262000159 ], [ -70.644686000094396, -33.575762000445202 ], [ -70.640588000340003, -33.576101999819798 ], [ -70.635973999353197, -33.576566999432202 ], [ -70.632390999764496, -33.576942000086298 ], [ -70.629666000033794, -33.577139000120198 ] ] } },
{ "type": "Feature", "properties": { "FID": 144, "objectid_1": 144, "objectid": 144, "oid_": 0, "name": "Los Morros", "folderpath": "Ciclovías Santiago 2015 - 2016", "popupinfo": "Vereda / Ambos sentidos / Arturo Prat a Vicuña Mackenna", "longitud": 0.29, "Shape__Length": 349.50849715233039 }, "geometry": { "type": "LineString", "coordinates": [ [ -70.666347999803904, -33.545118999677399 ], [ -70.666133000321594, -33.544412999578398 ], [ -70.665972000067001, -33.543678999758697 ], [ -70.665736000195807, -33.542816000356503 ], [ -70.665687999804007, -33.542561999603699 ] ] } },
{ "type": "Feature", "properties": { "FID": 145, "objectid_1": 145, "objectid": 145, "oid_": 0, "name": "Manuel Antonio Matta", "folderpath": "Ciclovías Santiago 2015 - 2016", "popupinfo": "Vereda y Bandejón / General San Martín a Lo Cruzat", "longitud": 1.53, "Shape__Length": 1834.7556739442903 }, "geometry": { "type": "LineString", "coordinates": [ [ -70.736901999870895, -33.3631869998394 ], [ -70.7355400004827, -33.363903999413601 ], [ -70.734617000277694, -33.363895000599499 ], [ -70.732781999798704, -33.364701999248702 ], [ -70.730862000675799, -33.365589000146301 ], [ -70.7301220007285, -33.365705000248603 ], [ -70.728973999163102, -33.365732000748899 ], [ -70.727783000690494, -33.3654720001215 ], [ -70.727118000665698, -33.365571000385103 ], [ -70.725293999520801, -33.366000999881003 ], [ -70.723962999115898, -33.366305999924499 ], [ -70.723201999638405, -33.366367999757401 ], [ -70.722279000316504, -33.366386000291698 ], [ -70.721387999438207, -33.366539000313402 ] ] } },
{ "type": "Feature", "properties": { "FID": 146, "objectid_1": 146, "objectid": 146, "oid_": 0, "name": "Mapocho / Torre de Pisa / Las Torres", "folderpath": "Ciclovías Santiago 2015 - 2016/Mapocho / Torre de Pisa", "popupinfo": "Vereda y Calle / Ambos sentidos / Florencia a General Oscar Bonilla", "longitud": 3.59, "Shape__Length": 4316.0357619052456 }, "geometry": { "type": "LineString", "coordinates": [ [ -70.732451000142504, -33.423462999942601 ], [ -70.731881999456803, -33.423458999665101 ], [ -70.730519999870097, -33.423530000397797 ], [ -70.730283999767195, -33.423546000057897 ], [ -70.730217000222595, -33.4235799998647 ], [ -70.730264999850704, -33.424249000475498 ], [ -70.730296999908106, -33.424577999879602 ], [ -70.730351000509003, -33.425311999554403 ], [ -70.730438999915904, -33.426310999473898 ], [ -70.730571000301694, -33.427410000331399 ], [ -70.730671999208198, -33.428221999662703 ], [ -70.7306700001986, -33.4286749999305 ], [ -70.730737000289906, -33.429474000461099 ], [ -70.730804000349096, -33.430171999658199 ], [ -70.730811999504198, -33.430476999979597 ], [ -70.730844000840193, -33.431261999309498 ], [ -70.730858000432207, -33.431940999220302 ], [ -70.730839000318397, -33.432765999550803 ], [ -70.730843999817793, -33.433757999571199 ], [ -70.7308580000483, -33.435044999804802 ], [ -70.730875999507006, -33.436141999895803 ], [ -70.730884000869096, -33.4373980006743 ], [ -70.730903000704998, -33.438667000583997 ], [ -70.730911000111803, -33.439833000166303 ], [ -70.730908999783196, -33.441002999809399 ], [ -70.730932999913193, -33.442175999991299 ], [ -70.730948999426801, -33.4433129995586 ], [ -70.730962000796595, -33.4444389999233 ], [ -70.730976000357501, -33.445613999546602 ], [ -70.730976000220906, -33.446740000697801 ], [ -70.730989000102696, -33.447918999871703 ], [ -70.731004999827704, -33.449150000389402 ], [ -70.731021000796105, -33.450345000415197 ], [ -70.731028999675203, -33.451644999627398 ], [ -70.7310350001964, -33.452985999298299 ], [ -70.7310610000129, -33.4540350003751 ] ] } },
{ "type": "Feature", "properties": { "FID": 147, "objectid_1": 147, "objectid": 147, "oid_": 0, "name": "María Teresa", "folderpath": "Ciclovías Santiago 2015 - 2016", "popupinfo": "Calle / Ambos sentidos / Manquehue Sur a IV Centenario", "longitud": 0.26, "Shape__Length": 312.66031333006777 }, "geometry": { "type": "LineString", "coordinates": [ [ -70.563817999800193, -33.410017000393402 ], [ -70.564531000156606, -33.4106210005043 ], [ -70.565340999509999, -33.410929999950199 ], [ -70.566198999349993, -33.411163000030598 ] ] } },
{ "type": "Feature", "properties": { "FID": 148, "objectid_1": 148, "objectid": 148, "oid_": 0, "name": "Marín (b)", "folderpath": "Ciclovías Santiago 2015 - 2016", "popupinfo": "Calle / Oriente a poniente / Portugal a General Bustamante", "longitud": 0.47, "Shape__Length": 563.74319611786348 }, "geometry": { "type": "LineString", "coordinates": [ [ -70.635853999386697, -33.446073000512797 ], [ -70.634211999762798, -33.445702999801298 ], [ -70.632674999248295, -33.445342999734898 ], [ -70.630945000197201, -33.4450430002682 ] ] } },
{ "type": "Feature", "properties": { "FID": 149, "objectid_1": 149, "objectid": 149, "oid_": 0, "name": "Matucana", "folderpath": "Ciclovías Santiago 2015 - 2016", "popupinfo": "Calle / Ambos sentidos / Rosas a Martínez de Rozas", "longitud": 0.31, "Shape__Length": 374.0305395567334 }, "geometry": { "type": "LineString", "coordinates": [ [ -70.680219999561004, -33.437350999568302 ], [ -70.680317000186903, -33.435854999851998 ], [ -70.680435000093397, -33.434553000833098 ] ] } },
{ "type": "Feature", "properties": { "FID": 150, "objectid_1": 150, "objectid": 150, "oid_": 0, "name": "Miguel Claro", "folderpath": "Ciclovías Santiago 2015 - 2016", "popupinfo": "Calle / Ambos sentidos / Rengo a providencia", "longitud": 2.06, "Shape__Length": 2482.3786858298431 }, "geometry": { "type": "LineString", "coordinates": [ [ -70.622069999662699, -33.4302420004053 ], [ -70.621426000218506, -33.430797000033799 ], [ -70.620776999899306, -33.431576000252598 ], [ -70.620325999803597, -33.432233999414201 ], [ -70.619940000934207, -33.432852000165397 ], [ -70.619785000063501, -33.433348000050799 ], [ -70.619574999319099, -33.434203999940799 ], [ -70.619349999726296, -33.435112000161901 ], [ -70.619022999899499, -33.436688000273797 ], [ -70.618888999274603, -33.437261000004099 ], [ -70.6185350008884, -33.438751999969597 ], [ -70.618265999774593, -33.439919999583999 ], [ -70.617938999439204, -33.441339000129403 ], [ -70.617574000348995, -33.442963999382201 ], [ -70.617204000237606, -33.444539999413401 ], [ -70.616999999952597, -33.445420999658097 ], [ -70.616984000419905, -33.445599999952698 ], [ -70.616925000263606, -33.445832999986202 ], [ -70.6166789997053, -33.447046000045802 ], [ -70.616608999605603, -33.447372999601399 ], [ -70.616561000644296, -33.447372999643399 ], [ -70.616474999399102, -33.4479729998734 ] ] } },
{ "type": "Feature", "properties": { "FID": 151, "objectid_1": 151, "objectid": 151, "oid_": 0, "name": "Noruega", "folderpath": "Ciclovías Santiago 2015 - 2016", "popupinfo": "Calle / Ambos sentidos / Apoquindo a Los Militares", "longitud": 0.71, "Shape__Length": 856.37132044031978 }, "geometry": { "type": "LineString", "coordinates": [ [ -70.561967999431303, -33.402274000496298 ], [ -70.563110000654405, -33.404361000638303 ], [ -70.564028000327895, -33.4059509995962 ], [ -70.564730000752505, -33.407227000253599 ], [ -70.564886000437198, -33.407536000301803 ], [ -70.565062999981393, -33.407840999726801 ], [ -70.565146000147294, -33.408019999547797 ], [ -70.565154000101302, -33.408111999533098 ] ] } },
{ "type": "Feature", "properties": { "FID": 152, "objectid_1": 152, "objectid": 152, "oid_": 0, "name": "Padre Hurtado / Los Morros", "folderpath": "Ciclovías Santiago 2015 - 2016/Padre Hurtado", "popupinfo": "Vereda / Ambos sentidos / Camino El Mariscal a Esperanza", "longitud": 6.37, "Shape__Length": 7670.1855841828528 }, "geometry": { "type": "LineString", "coordinates": [ [ -70.682386999775204, -33.604826000020097 ], [ -70.681615000148497, -33.600929999750598 ], [ -70.679941000015802, -33.59460300061 ], [ -70.678138999505705, -33.5878470003126 ], [ -70.675821000252597, -33.579301999877401 ], [ -70.674620000280498, -33.575153999914903 ], [ -70.673160999876998, -33.570076999629897 ], [ -70.672430999720703, -33.567090999567299 ], [ -70.671078999647406, -33.562228000072899 ], [ -70.670520999844399, -33.560297000249101 ], [ -70.669491000649998, -33.556577000049401 ], [ -70.668461000030305, -33.553269000115897 ], [ -70.6673460001942, -33.5488159994146 ] ] } },
{ "type": "Feature", "properties": { "FID": 153, "objectid_1": 153, "objectid": 153, "oid_": 0, "name": "Parque Titanium / Costanera sur", "folderpath": "Ciclovías Santiago 2015 - 2016/Parque Titanium", "popupinfo": " ", "longitud": 2.42, "Shape__Length": 2906.6807668929041 }, "geometry": { "type": "LineString", "coordinates": [ [ -70.605568999840699, -33.414498999931098 ], [ -70.604795999956494, -33.409197000444699 ], [ -70.603380000764801, -33.406367000411898 ], [ -70.603166000480499, -33.4016029996044 ], [ -70.603422999323797, -33.396622000352899 ], [ -70.6014919995973, -33.393362000380499 ] ] } },
{ "type": "Feature", "properties": { "FID": 154, "objectid_1": 154, "objectid": 154, "oid_": 0, "name": "San Francisco", "folderpath": "Ciclovías Santiago 2015 - 2016", "popupinfo": "Vereda / Ambos sentidos / Baños Morales a El Observatorio", "longitud": 1.06, "Shape__Length": 1277.1913379702137 }, "geometry": { "type": "LineString", "coordinates": [ [ -70.659400999956901, -33.571782000640603 ], [ -70.659267000199804, -33.571350999762899 ], [ -70.659102999522304, -33.570743000203997 ], [ -70.658909999886106, -33.570042999874303 ], [ -70.658728000227995, -33.569344000573402 ], [ -70.658529000049697, -33.568633000227102 ], [ -70.658285000171304, -33.5677639997893 ], [ -70.658107999159895, -33.567146999374302 ], [ -70.657928000540593, -33.566519000640902 ], [ -70.657762000116605, -33.5658950002178 ], [ -70.657563999862205, -33.565225000312402 ], [ -70.657391999996904, -33.564621999681997 ], [ -70.657212000180806, -33.5639349996177 ], [ -70.657046000037099, -33.563303000582302 ], [ -70.656845000231399, -33.562648000233501 ], [ -70.656803999359795, -33.562471000210898 ] ] } },
{ "type": "Feature", "properties": { "FID": 155, "objectid_1": 155, "objectid": 155, "oid_": 0, "name": "Santa Rosa (a)", "folderpath": "Ciclovías Santiago 2015 - 2016", "popupinfo": "Vereda / Ambos sentidos / Eyzaguirre a Gabriela", "longitud": 3.66, "Shape__Length": 4407.2158688803065 }, "geometry": { "type": "LineString", "coordinates": [ [ -70.626407999946807, -33.618568000681897 ], [ -70.626451000093596, -33.617943000151698 ], [ -70.626622000428, -33.612671000017002 ], [ -70.626622000183204, -33.609902000369303 ], [ -70.627009000170105, -33.602663999720498 ], [ -70.627286999704395, -33.596837000416897 ], [ -70.628016999949594, -33.591796999715797 ], [ -70.628638999198898, -33.585666000144201 ] ] } },
{ "type": "Feature", "properties": { "FID": 156, "objectid_1": 156, "objectid": 156, "oid_": 0, "name": "Santa Rosa (b)", "folderpath": "Ciclovías Santiago 2015 - 2016", "popupinfo": "Vereda / Ambos sentidos / Venancia Leiva a Los Franciscanos", "longitud": 1.46, "Shape__Length": 1762.944590012708 }, "geometry": { "type": "LineString", "coordinates": [ [ -70.631150000710505, -33.558133000483302 ], [ -70.631943999691899, -33.554521000589297 ], [ -70.633038000319203, -33.549370999867797 ], [ -70.633875000027899, -33.545131999772899 ] ] } },
{ "type": "Feature", "properties": { "FID": 157, "objectid_1": 157, "objectid": 157, "oid_": 0, "name": "Tres Poniente", "folderpath": "Ciclovías Santiago 2015 - 2016", "popupinfo": "Bandejón / Ambos sentidos / Del Ferrocarril a Asunción", "longitud": 4.19, "Shape__Length": 5045.6698971363312 }, "geometry": { "type": "LineString", "coordinates": [ [ -70.770418999573394, -33.535743000048598 ], [ -70.773712999945403, -33.532407000035299 ], [ -70.7754400006732, -33.530546999941798 ], [ -70.776545000170202, -33.529222999512598 ], [ -70.777982999391, -33.526048000207098 ], [ -70.778713000450495, -33.524313000487901 ], [ -70.778723000084099, -33.521325999608102 ], [ -70.778434000026905, -33.516915999897698 ], [ -70.778466000346896, -33.5122109997194 ], [ -70.778701999949106, -33.507030999784902 ], [ -70.779002000194097, -33.50284500051 ], [ -70.779119999408906, -33.500061999628102 ] ] } },
{ "type": "Feature", "properties": { "FID": 158, "objectid_1": 158, "objectid": 158, "oid_": 0, "name": "Parque por Castillo Urizar", "folderpath": "Ciclovías Santiago 2015 - 2016", "popupinfo": " ", "longitud": 1.16, "Shape__Length": 1393.7743499676726 }, "geometry": { "type": "LineString", "coordinates": [ [ -70.609045000122407, -33.484896000252 ], [ -70.609603000358206, -33.478274000256903 ], [ -70.609945999934595, -33.4744800002616 ] ] } },
{ "type": "Feature", "properties": { "FID": 159, "objectid_1": 159, "objectid": 159, "oid_": 0, "name": "Parque por Central", "folderpath": "Ciclovías Santiago 2015 - 2016", "popupinfo": " ", "longitud": 1.05, "Shape__Length": 1264.4363076037869 }, "geometry": { "type": "LineString", "coordinates": [ [ -70.685685999516707, -33.568709000034502 ], [ -70.684613999435797, -33.569057999287502 ], [ -70.6835300004945, -33.569406000116899 ], [ -70.682382000560196, -33.569795000063799 ], [ -70.6805900005334, -33.5703670000958 ], [ -70.679399000670102, -33.570769999907 ], [ -70.677989000009802, -33.571221000711802 ], [ -70.676732999537194, -33.5716409998087 ], [ -70.675666000442504, -33.571981000002303 ], [ -70.675101999684003, -33.572141999727798 ] ] } },
{ "type": "Feature", "properties": { "FID": 160, "objectid_1": 160, "objectid": 160, "oid_": 0, "name": "Parque por Charles Hamilton", "folderpath": "Ciclovías Santiago 2015 - 2016", "popupinfo": " ", "longitud": 1.4, "Shape__Length": 1681.6180247415625 }, "geometry": { "type": "LineString", "coordinates": [ [ -70.531518000241704, -33.392196999593999 ], [ -70.530150999829402, -33.391601999758301 ], [ -70.528578999209699, -33.3909519998845 ], [ -70.527474000049807, -33.390119000065297 ], [ -70.525788999550301, -33.388896000051403 ], [ -70.523504000698296, -33.387283999952302 ], [ -70.522575999500901, -33.386657000626499 ], [ -70.521089999878399, -33.386088000407497 ], [ -70.519667999761396, -33.385577000147897 ], [ -70.519104999529503, -33.385201000060199 ] ] } },
{ "type": "Feature", "properties": { "FID": 161, "objectid_1": 161, "objectid": 161, "oid_": 0, "name": "Parque por Ejercito Libertador (a)", "folderpath": "Ciclovías Santiago 2015 - 2016", "popupinfo": " ", "longitud": 2.58, "Shape__Length": 3113.4932232118958 }, "geometry": { "type": "LineString", "coordinates": [ [ -70.596019999524401, -33.590430000881099 ], [ -70.596567000268607, -33.587891000680798 ], [ -70.5972650000394, -33.583717000556398 ], [ -70.597447000612405, -33.582492999498399 ], [ -70.597232999762795, -33.582143999950397 ], [ -70.597478999239698, -33.581358000688198 ], [ -70.597714999444307, -33.580509000196599 ], [ -70.597950999535797, -33.580105999689799 ], [ -70.598037000682396, -33.5794539994438 ], [ -70.598777999788794, -33.575878000711597 ], [ -70.599388999747404, -33.572598000279299 ], [ -70.599432000299501, -33.571909000038403 ], [ -70.5990989997524, -33.571426999703299 ], [ -70.5986380001181, -33.5710689997861 ], [ -70.597930000291299, -33.570551000324301 ], [ -70.597705000059705, -33.569845000207501 ], [ -70.597918999859303, -33.567994000314897 ] ] } },
{ "type": "Feature", "properties": { "FID": 162, "objectid_1": 162, "objectid": 162, "oid_": 0, "name": "Parque por Francisco Bulnes Correa", "folderpath": "Ciclovías Santiago 2015 - 2016", "popupinfo": " ", "longitud": 2.75, "Shape__Length": 3304.109030296373 }, "geometry": { "type": "LineString", "coordinates": [ [ -70.513622999778704, -33.411647000137698 ], [ -70.513799999987498, -33.411144999704099 ], [ -70.513961000356204, -33.41012400004 ], [ -70.514014000095699, -33.409282999835099 ], [ -70.5144809997972, -33.408637999462499 ], [ -70.515136000473703, -33.407814000174099 ], [ -70.515810999473402, -33.406765999691501 ], [ -70.516433999810701, -33.405838999875598 ], [ -70.516610999662802, -33.405113000261402 ], [ -70.517168999306605, -33.403998000155703 ], [ -70.517410000313603, -33.403053000481698 ], [ -70.517307999831999, -33.402467000562098 ], [ -70.517205999592505, -33.401862000223197 ], [ -70.517543999839006, -33.400532000029301 ], [ -70.517441999290398, -33.400083999885702 ], [ -70.517264999254394, -33.399489000149202 ], [ -70.517350999612106, -33.399138999283501 ], [ -70.517286999686704, -33.3979389998849 ], [ -70.517232999359805, -33.396456999643199 ], [ -70.517119999746996, -33.3952609997135 ], [ -70.517056000345704, -33.394974000385403 ], [ -70.516620999767497, -33.393903999794503 ], [ -70.515918999945001, -33.392332000688697 ], [ -70.515317999976006, -33.391090999841197 ], [ -70.514819000314006, -33.389980000158403 ], [ -70.513617000838906, -33.388277999912098 ] ] } },
{ "type": "Feature", "properties": { "FID": 163, "objectid_1": 163, "objectid": 163, "oid_": 0, "name": "Parque por Las Parcelas", "folderpath": "Ciclovías Santiago 2015 - 2016", "popupinfo": " ", "longitud": 1.25, "Shape__Length": 1497.5586484430437 }, "geometry": { "type": "LineString", "coordinates": [ [ -70.738617000278197, -33.477335000393801 ], [ -70.7349260000437, -33.4765829999318 ], [ -70.732523000659498, -33.475035000161398 ], [ -70.728907999853405, -33.472690000401698 ], [ -70.727319999364795, -33.471625000760298 ] ] } },
{ "type": "Feature", "properties": { "FID": 164, "objectid_1": 164, "objectid": 164, "oid_": 0, "name": "Parque por Las Torres (1)", "folderpath": "Ciclovías Santiago 2015 - 2016", "popupinfo": " ", "longitud": 2.28, "Shape__Length": 2744.768023665014 }, "geometry": { "type": "LineString", "coordinates": [ [ -70.731353999321001, -33.481674999733002 ], [ -70.731245999988502, -33.473119999958399 ], [ -70.731160999209095, -33.466139000216899 ], [ -70.731052999948901, -33.4611090005628 ] ] } },
{ "type": "Feature", "properties": { "FID": 165, "objectid_1": 165, "objectid": 165, "oid_": 0, "name": "Parque por Las Torres (3.a)", "folderpath": "Ciclovías Santiago 2015 - 2016", "popupinfo": " ", "longitud": 0.96, "Shape__Length": 1160.3109459158197 }, "geometry": { "type": "LineString", "coordinates": [ [ -70.734636999941699, -33.5031929998867 ], [ -70.734030999897598, -33.501663999839202 ], [ -70.733242000419807, -33.499963999531197 ], [ -70.732426999847803, -33.497978000110002 ], [ -70.731418000362396, -33.495808000843901 ], [ -70.731079999950396, -33.495024999983301 ] ] } },
{ "type": "Feature", "properties": { "FID": 166, "objectid_1": 166, "objectid": 166, "oid_": 0, "name": "Parque por Las Torres (3.b)", "folderpath": "Ciclovías Santiago 2015 - 2016", "popupinfo": " ", "longitud": 0.78, "Shape__Length": 944.4295110553976 }, "geometry": { "type": "LineString", "coordinates": [ [ -70.734089999601196, -33.511102000071197 ], [ -70.734411000293093, -33.509608000255596 ], [ -70.735109000029098, -33.506718000209403 ], [ -70.735548999355899, -33.505062999714603 ], [ -70.735097999335395, -33.504230999935203 ] ] } },
{ "type": "Feature", "properties": { "FID": 167, "objectid_1": 167, "objectid": 167, "oid_": 0, "name": "Parque por Lo Errázuriz", "folderpath": "Ciclovías Santiago 2015 - 2016", "popupinfo": " ", "longitud": 0.45, "Shape__Length": 537.03487790127292 }, "geometry": { "type": "LineString", "coordinates": [ [ -70.723124999791807, -33.478103999612102 ], [ -70.722674000130198, -33.475947999928302 ], [ -70.722362999125394, -33.474131000124402 ] ] } },
{ "type": "Feature", "properties": { "FID": 168, "objectid_1": 168, "objectid": 168, "oid_": 0, "name": "Parque por Mapocho Norte", "folderpath": "Ciclovías Santiago 2015 - 2016", "popupinfo": " ", "longitud": 1.88, "Shape__Length": 2245.3677156139115 }, "geometry": { "type": "LineString", "coordinates": [ [ -70.758636999874994, -33.423141000117603 ], [ -70.755730000666901, -33.4226389992332 ], [ -70.752896999909794, -33.422083999736799 ], [ -70.751909999336803, -33.421914000534699 ], [ -70.748841999942996, -33.421985999977402 ], [ -70.744882999800097, -33.421976999796101 ], [ -70.7411810005527, -33.422038999852901 ], [ -70.740451999629101, -33.421994999207698 ], [ -70.7386389997408, -33.4218420000051 ] ] } },
{ "type": "Feature", "properties": { "FID": 169, "objectid_1": 169, "objectid": 169, "oid_": 0, "name": "Parque por Santa Corina", "folderpath": "Ciclovías Santiago 2015 - 2016", "popupinfo": " ", "longitud": 0.51, "Shape__Length": 616.69804076483149 }, "geometry": { "type": "LineString", "coordinates": [ [ -70.722025000336998, -33.473156000193001 ], [ -70.723704000415907, -33.4725020006587 ], [ -70.725989000164603, -33.471836000156301 ], [ -70.727164000070502, -33.471441999753601 ] ] } }
]
}
